Id,Outcome Type
1,Transfer
2,Died
3,Transfer
4,Adoption
5,Died
6,Euthanasia
7,Adoption
8,Adoption
9,Died
10,Died
11,Died
12,Transfer
13,Died
14,Adoption
15,Adoption
16,Adoption
17,Euthanasia
18,Adoption
19,Died
20,Transfer
21,Died
22,Euthanasia
23,Died
24,Transfer
25,Transfer
26,Euthanasia
27,Adoption
28,Adoption
29,Transfer
30,Transfer
31,Transfer
32,Adoption
33,Adoption
34,Died
35,Adoption
36,Transfer
37,Transfer
38,Transfer
39,Died
40,Died
41,Transfer
42,Adoption
43,Adoption
44,Return to Owner
45,Transfer
46,Adoption
47,Transfer
48,Return to Owner
49,Return to Owner
50,Died
51,Transfer
52,Transfer
53,Return to Owner
54,Adoption
55,Died
56,Died
57,Adoption
58,Euthanasia
59,Adoption
60,Transfer
61,Transfer
62,Euthanasia
63,Adoption
64,Transfer
65,Transfer
66,Return to Owner
67,Adoption
68,Return to Owner
69,Adoption
70,Adoption
71,Adoption
72,Adoption
73,Transfer
74,Adoption
75,Died
76,Transfer
77,Euthanasia
78,Died
79,Transfer
80,Transfer
81,Transfer
82,Return to Owner
83,Transfer
84,Adoption
85,Transfer
86,Adoption
87,Transfer
88,Return to Owner
89,Euthanasia
90,Died
91,Transfer
92,Euthanasia
93,Died
94,Adoption
95,Transfer
96,Adoption
97,Adoption
98,Adoption
99,Euthanasia
100,Died
101,Transfer
102,Adoption
103,Died
104,Adoption
105,Transfer
106,Adoption
107,Adoption
108,Transfer
109,Euthanasia
110,Transfer
111,Died
112,Transfer
113,Died
114,Adoption
115,Died
116,Transfer
117,Adoption
118,Died
119,Adoption
120,Adoption
121,Transfer
122,Transfer
123,Died
124,Transfer
125,Transfer
126,Transfer
127,Adoption
128,Died
129,Died
130,Transfer
131,Transfer
132,Adoption
133,Adoption
134,Adoption
135,Died
136,Transfer
137,Transfer
138,Transfer
139,Adoption
140,Adoption
141,Adoption
142,Euthanasia
143,Transfer
144,Died
145,Transfer
146,Return to Owner
147,Adoption
148,Transfer
149,Euthanasia
150,Adoption
151,Adoption
152,Transfer
153,Transfer
154,Transfer
155,Transfer
156,Died
157,Return to Owner
158,Adoption
159,Euthanasia
160,Adoption
161,Adoption
162,Transfer
163,Adoption
164,Transfer
165,Transfer
166,Adoption
167,Transfer
168,Transfer
169,Died
170,Died
171,Transfer
172,Adoption
173,Transfer
174,Transfer
175,Adoption
176,Adoption
177,Return to Owner
178,Transfer
179,Transfer
180,Transfer
181,Adoption
182,Adoption
183,Transfer
184,Transfer
185,Adoption
186,Transfer
187,Adoption
188,Adoption
189,Adoption
190,Adoption
191,Return to Owner
192,Adoption
193,Transfer
194,Adoption
195,Died
196,Adoption
197,Died
198,Adoption
199,Transfer
200,Adoption
201,Adoption
202,Adoption
203,Adoption
204,Adoption
205,Adoption
206,Transfer
207,Died
208,Adoption
209,Adoption
210,Adoption
211,Adoption
212,Adoption
213,Transfer
214,Adoption
215,Adoption
216,Transfer
217,Died
218,Transfer
219,Adoption
220,Adoption
221,Died
222,Adoption
223,Adoption
224,Adoption
225,Transfer
226,Adoption
227,Transfer
228,Transfer
229,Adoption
230,Transfer
231,Adoption
232,Transfer
233,Adoption
234,Return to Owner
235,Died
236,Adoption
237,Died
238,Transfer
239,Adoption
240,Euthanasia
241,Adoption
242,Adoption
243,Died
244,Died
245,Adoption
246,Died
247,Died
248,Adoption
249,Adoption
250,Adoption
251,Euthanasia
252,Return to Owner
253,Transfer
254,Adoption
255,Transfer
256,Died
257,Adoption
258,Transfer
259,Euthanasia
260,Transfer
261,Transfer
262,Euthanasia
263,Return to Owner
264,Died
265,Transfer
266,Adoption
267,Transfer
268,Died
269,Adoption
270,Transfer
271,Adoption
272,Return to Owner
273,Adoption
274,Died
275,Adoption
276,Transfer
277,Adoption
278,Transfer
279,Adoption
280,Adoption
281,Died
282,Transfer
283,Died
284,Adoption
285,Died
286,Euthanasia
287,Euthanasia
288,Transfer
289,Died
290,Adoption
291,Transfer
292,Died
293,Transfer
294,Adoption
295,Adoption
296,Died
297,Died
298,Died
299,Adoption
300,Euthanasia
301,Adoption
302,Died
303,Adoption
304,Adoption
305,Adoption
306,Adoption
307,Died
308,Adoption
309,Adoption
310,Died
311,Transfer
312,Transfer
313,Transfer
314,Adoption
315,Adoption
316,Died
317,Euthanasia
318,Transfer
319,Adoption
320,Return to Owner
321,Transfer
322,Transfer
323,Adoption
324,Adoption
325,Euthanasia
326,Transfer
327,Adoption
328,Adoption
329,Transfer
330,Transfer
331,Adoption
332,Died
333,Adoption
334,Transfer
335,Transfer
336,Euthanasia
337,Transfer
338,Adoption
339,Died
340,Transfer
341,Transfer
342,Adoption
343,Transfer
344,Transfer
345,Died
346,Transfer
347,Adoption
348,Transfer
349,Transfer
350,Transfer
351,Adoption
352,Adoption
353,Transfer
354,Euthanasia
355,Adoption
356,Transfer
357,Transfer
358,Transfer
359,Transfer
360,Adoption
361,Transfer
362,Adoption
363,Adoption
364,Euthanasia
365,Adoption
366,Transfer
367,Adoption
368,Euthanasia
369,Transfer
370,Transfer
371,Adoption
372,Adoption
373,Adoption
374,Adoption
375,Transfer
376,Adoption
377,Died
378,Died
379,Died
380,Died
381,Transfer
382,Adoption
383,Adoption
384,Adoption
385,Transfer
386,Adoption
387,Adoption
388,Adoption
389,Adoption
390,Adoption
391,Adoption
392,Transfer
393,Transfer
394,Transfer
395,Transfer
396,Adoption
397,Transfer
398,Return to Owner
399,Adoption
400,Died
401,Adoption
402,Transfer
403,Adoption
404,Transfer
405,Adoption
406,Adoption
407,Adoption
408,Euthanasia
409,Adoption
410,Adoption
411,Adoption
412,Died
413,Transfer
414,Transfer
415,Adoption
416,Euthanasia
417,Adoption
418,Adoption
419,Adoption
420,Transfer
421,Transfer
422,Return to Owner
423,Adoption
424,Adoption
425,Adoption
426,Transfer
427,Died
428,Adoption
429,Died
430,Adoption
431,Return to Owner
432,Adoption
433,Adoption
434,Transfer
435,Adoption
436,Transfer
437,Transfer
438,Return to Owner
439,Adoption
440,Adoption
441,Return to Owner
442,Adoption
443,Adoption
444,Return to Owner
445,Adoption
446,Adoption
447,Transfer
448,Adoption
449,Adoption
450,Adoption
451,Transfer
452,Return to Owner
453,Transfer
454,Adoption
455,Adoption
456,Died
457,Transfer
458,Transfer
459,Adoption
460,Transfer
461,Adoption
462,Return to Owner
463,Adoption
464,Adoption
465,Adoption
466,Adoption
467,Transfer
468,Transfer
469,Adoption
470,Transfer
471,Adoption
472,Adoption
473,Died
474,Return to Owner
475,Transfer
476,Transfer
477,Died
478,Adoption
479,Died
480,Died
481,Adoption
482,Died
483,Adoption
484,Adoption
485,Died
486,Adoption
487,Adoption
488,Transfer
489,Adoption
490,Adoption
491,Adoption
492,Adoption
493,Return to Owner
494,Adoption
495,Adoption
496,Adoption
497,Adoption
498,Adoption
499,Adoption
500,Adoption
501,Died
502,Adoption
503,Died
504,Adoption
505,Died
506,Adoption
507,Adoption
508,Died
509,Transfer
510,Adoption
511,Adoption
512,Transfer
513,Euthanasia
514,Died
515,Adoption
516,Died
517,Adoption
518,Adoption
519,Transfer
520,Adoption
521,Transfer
522,Died
523,Return to Owner
524,Transfer
525,Transfer
526,Adoption
527,Died
528,Died
529,Transfer
530,Adoption
531,Adoption
532,Adoption
533,Adoption
534,Adoption
535,Transfer
536,Adoption
537,Adoption
538,Adoption
539,Died
540,Transfer
541,Transfer
542,Adoption
543,Return to Owner
544,Transfer
545,Adoption
546,Adoption
547,Adoption
548,Adoption
549,Died
550,Adoption
551,Transfer
552,Adoption
553,Transfer
554,Died
555,Adoption
556,Transfer
557,Transfer
558,Return to Owner
559,Transfer
560,Died
561,Transfer
562,Transfer
563,Died
564,Transfer
565,Adoption
566,Adoption
567,Adoption
568,Died
569,Transfer
570,Adoption
571,Adoption
572,Transfer
573,Adoption
574,Transfer
575,Transfer
576,Adoption
577,Return to Owner
578,Transfer
579,Adoption
580,Adoption
581,Transfer
582,Adoption
583,Died
584,Adoption
585,Adoption
586,Adoption
587,Adoption
588,Adoption
589,Died
590,Died
591,Transfer
592,Adoption
593,Died
594,Adoption
595,Return to Owner
596,Died
597,Died
598,Transfer
599,Transfer
600,Transfer
601,Adoption
602,Adoption
603,Adoption
604,Died
605,Died
606,Transfer
607,Adoption
608,Transfer
609,Adoption
610,Adoption
611,Transfer
612,Adoption
613,Transfer
614,Return to Owner
615,Died
616,Transfer
617,Transfer
618,Transfer
619,Died
620,Died
621,Adoption
622,Adoption
623,Adoption
624,Adoption
625,Died
626,Adoption
627,Adoption
628,Transfer
629,Transfer
630,Transfer
631,Adoption
632,Adoption
633,Adoption
634,Transfer
635,Adoption
636,Adoption
637,Adoption
638,Euthanasia
639,Adoption
640,Return to Owner
641,Euthanasia
642,Died
643,Adoption
644,Died
645,Died
646,Adoption
647,Euthanasia
648,Adoption
649,Died
650,Adoption
651,Transfer
652,Adoption
653,Transfer
654,Transfer
655,Adoption
656,Transfer
657,Transfer
658,Died
659,Transfer
660,Adoption
661,Adoption
662,Adoption
663,Transfer
664,Return to Owner
665,Adoption
666,Adoption
667,Euthanasia
668,Transfer
669,Adoption
670,Transfer
671,Return to Owner
672,Transfer
673,Adoption
674,Died
675,Adoption
676,Adoption
677,Adoption
678,Transfer
679,Transfer
680,Adoption
681,Euthanasia
682,Adoption
683,Died
684,Transfer
685,Adoption
686,Adoption
687,Transfer
688,Return to Owner
689,Adoption
690,Adoption
691,Adoption
692,Transfer
693,Died
694,Transfer
695,Died
696,Died
697,Died
698,Return to Owner
699,Died
700,Adoption
701,Transfer
702,Transfer
703,Transfer
704,Adoption
705,Adoption
706,Adoption
707,Died
708,Transfer
709,Died
710,Transfer
711,Died
712,Euthanasia
713,Transfer
714,Transfer
715,Adoption
716,Transfer
717,Adoption
718,Adoption
719,Transfer
720,Adoption
721,Transfer
722,Adoption
723,Adoption
724,Adoption
725,Transfer
726,Died
727,Transfer
728,Return to Owner
729,Euthanasia
730,Adoption
731,Transfer
732,Adoption
733,Adoption
734,Adoption
735,Adoption
736,Adoption
737,Adoption
738,Euthanasia
739,Transfer
740,Adoption
741,Return to Owner
742,Return to Owner
743,Adoption
744,Transfer
745,Transfer
746,Transfer
747,Transfer
748,Transfer
749,Euthanasia
750,Adoption
751,Adoption
752,Adoption
753,Transfer
754,Transfer
755,Adoption
756,Adoption
757,Euthanasia
758,Transfer
759,Transfer
760,Adoption
761,Died
762,Transfer
763,Adoption
764,Adoption
765,Adoption
766,Adoption
767,Died
768,Adoption
769,Adoption
770,Transfer
771,Adoption
772,Died
773,Transfer
774,Adoption
775,Transfer
776,Died
777,Adoption
778,Transfer
779,Died
780,Adoption
781,Euthanasia
782,Adoption
783,Adoption
784,Adoption
785,Euthanasia
786,Adoption
787,Adoption
788,Died
789,Adoption
790,Adoption
791,Transfer
792,Died
793,Died
794,Adoption
795,Adoption
796,Transfer
797,Transfer
798,Adoption
799,Transfer
800,Transfer
801,Adoption
802,Adoption
803,Died
804,Return to Owner
805,Died
806,Adoption
807,Transfer
808,Transfer
809,Died
810,Adoption
811,Died
812,Adoption
813,Adoption
814,Adoption
815,Return to Owner
816,Adoption
817,Euthanasia
818,Died
819,Transfer
820,Euthanasia
821,Adoption
822,Transfer
823,Transfer
824,Adoption
825,Adoption
826,Adoption
827,Adoption
828,Euthanasia
829,Adoption
830,Adoption
831,Adoption
832,Transfer
833,Transfer
834,Adoption
835,Adoption
836,Transfer
837,Adoption
838,Transfer
839,Transfer
840,Died
841,Transfer
842,Adoption
843,Euthanasia
844,Adoption
845,Adoption
846,Adoption
847,Transfer
848,Adoption
849,Adoption
850,Adoption
851,Adoption
852,Adoption
853,Adoption
854,Transfer
855,Adoption
856,Died
857,Died
858,Transfer
859,Transfer
860,Transfer
861,Died
862,Adoption
863,Died
864,Adoption
865,Euthanasia
866,Transfer
867,Adoption
868,Transfer
869,Transfer
870,Adoption
871,Adoption
872,Adoption
873,Died
874,Adoption
875,Euthanasia
876,Transfer
877,Adoption
878,Transfer
879,Adoption
880,Adoption
881,Transfer
882,Transfer
883,Adoption
884,Transfer
885,Adoption
886,Adoption
887,Adoption
888,Adoption
889,Return to Owner
890,Died
891,Died
892,Adoption
893,Transfer
894,Died
895,Adoption
896,Adoption
897,Adoption
898,Transfer
899,Return to Owner
900,Adoption
901,Adoption
902,Died
903,Transfer
904,Euthanasia
905,Transfer
906,Transfer
907,Adoption
908,Died
909,Died
910,Transfer
911,Adoption
912,Transfer
913,Transfer
914,Died
915,Euthanasia
916,Adoption
917,Adoption
918,Adoption
919,Adoption
920,Adoption
921,Transfer
922,Adoption
923,Adoption
924,Adoption
925,Transfer
926,Died
927,Died
928,Died
929,Adoption
930,Adoption
931,Adoption
932,Transfer
933,Adoption
934,Transfer
935,Adoption
936,Transfer
937,Return to Owner
938,Adoption
939,Transfer
940,Transfer
941,Died
942,Died
943,Transfer
944,Adoption
945,Transfer
946,Transfer
947,Euthanasia
948,Euthanasia
949,Adoption
950,Died
951,Adoption
952,Adoption
953,Adoption
954,Adoption
955,Died
956,Adoption
957,Transfer
958,Adoption
959,Adoption
960,Transfer
961,Died
962,Transfer
963,Adoption
964,Died
965,Adoption
966,Died
967,Adoption
968,Transfer
969,Transfer
970,Transfer
971,Adoption
972,Adoption
973,Transfer
974,Adoption
975,Transfer
976,Adoption
977,Transfer
978,Died
979,Adoption
980,Transfer
981,Transfer
982,Died
983,Adoption
984,Transfer
985,Adoption
986,Adoption
987,Transfer
988,Transfer
989,Adoption
990,Transfer
991,Transfer
992,Transfer
993,Died
994,Adoption
995,Adoption
996,Died
997,Transfer
998,Adoption
999,Euthanasia
1000,Transfer
1001,Transfer
1002,Adoption
1003,Adoption
1004,Adoption
1005,Euthanasia
1006,Transfer
1007,Transfer
1008,Transfer
1009,Adoption
1010,Died
1011,Transfer
1012,Transfer
1013,Transfer
1014,Transfer
1015,Return to Owner
1016,Adoption
1017,Transfer
1018,Transfer
1019,Died
1020,Adoption
1021,Transfer
1022,Adoption
1023,Adoption
1024,Return to Owner
1025,Died
1026,Transfer
1027,Adoption
1028,Return to Owner
1029,Return to Owner
1030,Transfer
1031,Adoption
1032,Adoption
1033,Transfer
1034,Transfer
1035,Died
1036,Transfer
1037,Adoption
1038,Died
1039,Adoption
1040,Euthanasia
1041,Adoption
1042,Transfer
1043,Adoption
1044,Transfer
1045,Transfer
1046,Adoption
1047,Transfer
1048,Transfer
1049,Adoption
1050,Return to Owner
1051,Adoption
1052,Died
1053,Transfer
1054,Adoption
1055,Adoption
1056,Adoption
1057,Adoption
1058,Transfer
1059,Return to Owner
1060,Adoption
1061,Adoption
1062,Transfer
1063,Transfer
1064,Died
1065,Transfer
1066,Transfer
1067,Adoption
1068,Adoption
1069,Transfer
1070,Adoption
1071,Adoption
1072,Adoption
1073,Adoption
1074,Transfer
1075,Euthanasia
1076,Transfer
1077,Adoption
1078,Adoption
1079,Transfer
1080,Died
1081,Transfer
1082,Died
1083,Transfer
1084,Adoption
1085,Euthanasia
1086,Transfer
1087,Died
1088,Died
1089,Adoption
1090,Transfer
1091,Return to Owner
1092,Died
1093,Euthanasia
1094,Euthanasia
1095,Died
1096,Adoption
1097,Transfer
1098,Transfer
1099,Adoption
1100,Return to Owner
1101,Adoption
1102,Adoption
1103,Transfer
1104,Adoption
1105,Adoption
1106,Transfer
1107,Adoption
1108,Transfer
1109,Euthanasia
1110,Died
1111,Adoption
1112,Transfer
1113,Transfer
1114,Transfer
1115,Died
1116,Died
1117,Died
1118,Transfer
1119,Adoption
1120,Adoption
1121,Transfer
1122,Adoption
1123,Adoption
1124,Transfer
1125,Adoption
1126,Adoption
1127,Transfer
1128,Transfer
1129,Transfer
1130,Adoption
1131,Adoption
1132,Adoption
1133,Transfer
1134,Died
1135,Transfer
1136,Adoption
1137,Transfer
1138,Euthanasia
1139,Died
1140,Transfer
1141,Return to Owner
1142,Adoption
1143,Adoption
1144,Died
1145,Died
1146,Adoption
1147,Died
1148,Transfer
1149,Adoption
1150,Adoption
1151,Return to Owner
1152,Transfer
1153,Died
1154,Transfer
1155,Adoption
1156,Transfer
1157,Died
1158,Transfer
1159,Died
1160,Transfer
1161,Adoption
1162,Adoption
1163,Transfer
1164,Adoption
1165,Adoption
1166,Transfer
1167,Transfer
1168,Adoption
1169,Adoption
1170,Adoption
1171,Transfer
1172,Euthanasia
1173,Adoption
1174,Return to Owner
1175,Adoption
1176,Return to Owner
1177,Transfer
1178,Return to Owner
1179,Transfer
1180,Adoption
1181,Return to Owner
1182,Adoption
1183,Transfer
1184,Adoption
1185,Died
1186,Died
1187,Adoption
1188,Return to Owner
1189,Adoption
1190,Euthanasia
1191,Return to Owner
1192,Died
1193,Return to Owner
1194,Transfer
1195,Euthanasia
1196,Return to Owner
1197,Adoption
1198,Transfer
1199,Died
1200,Transfer
1201,Adoption
1202,Transfer
1203,Adoption
1204,Adoption
1205,Adoption
1206,Died
1207,Adoption
1208,Transfer
1209,Adoption
1210,Transfer
1211,Adoption
1212,Transfer
1213,Adoption
1214,Transfer
1215,Adoption
1216,Died
1217,Transfer
1218,Adoption
1219,Transfer
1220,Transfer
1221,Transfer
1222,Adoption
1223,Died
1224,Died
1225,Transfer
1226,Adoption
1227,Died
1228,Adoption
1229,Transfer
1230,Adoption
1231,Adoption
1232,Adoption
1233,Transfer
1234,Adoption
1235,Died
1236,Adoption
1237,Transfer
1238,Died
1239,Died
1240,Transfer
1241,Transfer
1242,Adoption
1243,Transfer
1244,Adoption
1245,Adoption
1246,Died
1247,Adoption
1248,Adoption
1249,Adoption
1250,Adoption
1251,Transfer
1252,Died
1253,Adoption
1254,Euthanasia
1255,Adoption
1256,Died
1257,Transfer
1258,Transfer
1259,Transfer
1260,Transfer
1261,Adoption
1262,Transfer
1263,Adoption
1264,Euthanasia
1265,Died
1266,Died
1267,Transfer
1268,Adoption
1269,Died
1270,Adoption
1271,Adoption
1272,Adoption
1273,Adoption
1274,Adoption
1275,Died
1276,Transfer
1277,Adoption
1278,Euthanasia
1279,Transfer
1280,Died
1281,Adoption
1282,Transfer
1283,Adoption
1284,Adoption
1285,Transfer
1286,Transfer
1287,Died
1288,Transfer
1289,Adoption
1290,Died
1291,Died
1292,Adoption
1293,Transfer
1294,Transfer
1295,Transfer
1296,Adoption
1297,Adoption
1298,Adoption
1299,Adoption
1300,Transfer
1301,Adoption
1302,Transfer
1303,Adoption
1304,Adoption
1305,Transfer
1306,Adoption
1307,Transfer
1308,Transfer
1309,Adoption
1310,Transfer
1311,Transfer
1312,Adoption
1313,Transfer
1314,Died
1315,Adoption
1316,Died
1317,Return to Owner
1318,Adoption
1319,Transfer
1320,Transfer
1321,Adoption
1322,Return to Owner
1323,Died
1324,Adoption
1325,Transfer
1326,Transfer
1327,Transfer
1328,Adoption
1329,Transfer
1330,Adoption
1331,Adoption
1332,Transfer
1333,Transfer
1334,Adoption
1335,Return to Owner
1336,Adoption
1337,Died
1338,Transfer
1339,Transfer
1340,Euthanasia
1341,Adoption
1342,Transfer
1343,Transfer
1344,Transfer
1345,Transfer
1346,Transfer
1347,Died
1348,Transfer
1349,Adoption
1350,Adoption
1351,Transfer
1352,Adoption
1353,Adoption
1354,Died
1355,Adoption
1356,Died
1357,Adoption
1358,Adoption
1359,Adoption
1360,Adoption
1361,Transfer
1362,Died
1363,Adoption
1364,Adoption
1365,Transfer
1366,Return to Owner
1367,Transfer
1368,Euthanasia
1369,Adoption
1370,Adoption
1371,Adoption
1372,Transfer
1373,Transfer
1374,Died
1375,Adoption
1376,Died
1377,Adoption
1378,Transfer
1379,Adoption
1380,Died
1381,Died
1382,Transfer
1383,Adoption
1384,Adoption
1385,Died
1386,Adoption
1387,Adoption
1388,Transfer
1389,Adoption
1390,Transfer
1391,Return to Owner
1392,Return to Owner
1393,Transfer
1394,Died
1395,Transfer
1396,Adoption
1397,Transfer
1398,Died
1399,Adoption
1400,Euthanasia
1401,Return to Owner
1402,Died
1403,Transfer
1404,Transfer
1405,Adoption
1406,Adoption
1407,Return to Owner
1408,Adoption
1409,Transfer
1410,Adoption
1411,Adoption
1412,Transfer
1413,Return to Owner
1414,Adoption
1415,Died
1416,Return to Owner
1417,Transfer
1418,Euthanasia
1419,Transfer
1420,Adoption
1421,Died
1422,Adoption
1423,Euthanasia
1424,Return to Owner
1425,Died
1426,Adoption
1427,Transfer
1428,Adoption
1429,Adoption
1430,Died
1431,Transfer
1432,Died
1433,Transfer
1434,Transfer
1435,Transfer
1436,Transfer
1437,Adoption
1438,Adoption
1439,Adoption
1440,Adoption
1441,Adoption
1442,Died
1443,Transfer
1444,Adoption
1445,Transfer
1446,Transfer
1447,Adoption
1448,Adoption
1449,Transfer
1450,Adoption
1451,Adoption
1452,Adoption
1453,Adoption
1454,Died
1455,Died
1456,Euthanasia
1457,Died
1458,Transfer
1459,Adoption
1460,Adoption
1461,Transfer
1462,Adoption
1463,Transfer
1464,Return to Owner
1465,Died
1466,Transfer
1467,Transfer
1468,Transfer
1469,Transfer
1470,Adoption
1471,Transfer
1472,Transfer
1473,Adoption
1474,Adoption
1475,Died
1476,Adoption
1477,Adoption
1478,Died
1479,Adoption
1480,Transfer
1481,Transfer
1482,Died
1483,Died
1484,Adoption
1485,Died
1486,Died
1487,Transfer
1488,Adoption
1489,Adoption
1490,Transfer
1491,Adoption
1492,Transfer
1493,Adoption
1494,Adoption
1495,Transfer
1496,Return to Owner
1497,Transfer
1498,Died
1499,Transfer
1500,Transfer
1501,Adoption
1502,Transfer
1503,Adoption
1504,Transfer
1505,Transfer
1506,Transfer
1507,Transfer
1508,Died
1509,Adoption
1510,Transfer
1511,Died
1512,Transfer
1513,Adoption
1514,Transfer
1515,Adoption
1516,Adoption
1517,Adoption
1518,Transfer
1519,Transfer
1520,Adoption
1521,Transfer
1522,Died
1523,Adoption
1524,Transfer
1525,Transfer
1526,Adoption
1527,Adoption
1528,Adoption
1529,Adoption
1530,Transfer
1531,Died
1532,Transfer
1533,Transfer
1534,Transfer
1535,Adoption
1536,Adoption
1537,Adoption
1538,Adoption
1539,Adoption
1540,Died
1541,Adoption
1542,Died
1543,Transfer
1544,Adoption
1545,Adoption
1546,Transfer
1547,Transfer
1548,Transfer
1549,Died
1550,Adoption
1551,Died
1552,Transfer
1553,Adoption
1554,Transfer
1555,Adoption
1556,Adoption
1557,Transfer
1558,Transfer
1559,Adoption
1560,Adoption
1561,Transfer
1562,Adoption
1563,Adoption
1564,Transfer
1565,Adoption
1566,Transfer
1567,Transfer
1568,Adoption
1569,Transfer
1570,Transfer
1571,Adoption
1572,Transfer
1573,Transfer
1574,Adoption
1575,Adoption
1576,Adoption
1577,Transfer
1578,Transfer
1579,Adoption
1580,Died
1581,Adoption
1582,Adoption
1583,Transfer
1584,Died
1585,Transfer
1586,Transfer
1587,Died
1588,Adoption
1589,Died
1590,Adoption
1591,Adoption
1592,Adoption
1593,Died
1594,Transfer
1595,Transfer
1596,Transfer
1597,Adoption
1598,Adoption
1599,Euthanasia
1600,Euthanasia
1601,Died
1602,Return to Owner
1603,Adoption
1604,Transfer
1605,Transfer
1606,Adoption
1607,Adoption
1608,Died
1609,Transfer
1610,Adoption
1611,Return to Owner
1612,Died
1613,Died
1614,Transfer
1615,Adoption
1616,Adoption
1617,Died
1618,Euthanasia
1619,Adoption
1620,Adoption
1621,Transfer
1622,Adoption
1623,Transfer
1624,Adoption
1625,Died
1626,Adoption
1627,Transfer
1628,Adoption
1629,Transfer
1630,Transfer
1631,Transfer
1632,Euthanasia
1633,Euthanasia
1634,Adoption
1635,Adoption
1636,Died
1637,Transfer
1638,Died
1639,Adoption
1640,Adoption
1641,Transfer
1642,Adoption
1643,Euthanasia
1644,Transfer
1645,Adoption
1646,Adoption
1647,Adoption
1648,Return to Owner
1649,Adoption
1650,Adoption
1651,Adoption
1652,Transfer
1653,Euthanasia
1654,Transfer
1655,Transfer
1656,Adoption
1657,Died
1658,Died
1659,Transfer
1660,Transfer
1661,Died
1662,Transfer
1663,Transfer
1664,Died
1665,Transfer
1666,Died
1667,Transfer
1668,Adoption
1669,Transfer
1670,Transfer
1671,Adoption
1672,Adoption
1673,Adoption
1674,Adoption
1675,Euthanasia
1676,Adoption
1677,Adoption
1678,Transfer
1679,Transfer
1680,Died
1681,Adoption
1682,Transfer
1683,Transfer
1684,Transfer
1685,Transfer
1686,Transfer
1687,Adoption
1688,Adoption
1689,Transfer
1690,Transfer
1691,Died
1692,Transfer
1693,Transfer
1694,Adoption
1695,Transfer
1696,Transfer
1697,Transfer
1698,Died
1699,Adoption
1700,Adoption
1701,Adoption
1702,Adoption
1703,Adoption
1704,Adoption
1705,Transfer
1706,Transfer
1707,Transfer
1708,Died
1709,Died
1710,Euthanasia
1711,Transfer
1712,Adoption
1713,Adoption
1714,Euthanasia
1715,Adoption
1716,Euthanasia
1717,Died
1718,Euthanasia
1719,Adoption
1720,Died
1721,Transfer
1722,Transfer
1723,Adoption
1724,Euthanasia
1725,Transfer
1726,Transfer
1727,Transfer
1728,Euthanasia
1729,Adoption
1730,Adoption
1731,Died
1732,Transfer
1733,Died
1734,Died
1735,Adoption
1736,Transfer
1737,Died
1738,Adoption
1739,Transfer
1740,Died
1741,Transfer
1742,Adoption
1743,Transfer
1744,Adoption
1745,Adoption
1746,Died
1747,Died
1748,Died
1749,Adoption
1750,Adoption
1751,Euthanasia
1752,Adoption
1753,Adoption
1754,Transfer
1755,Return to Owner
1756,Died
1757,Return to Owner
1758,Adoption
1759,Adoption
1760,Adoption
1761,Adoption
1762,Adoption
1763,Transfer
1764,Adoption
1765,Adoption
1766,Transfer
1767,Transfer
1768,Transfer
1769,Transfer
1770,Died
1771,Transfer
1772,Adoption
1773,Transfer
1774,Adoption
1775,Euthanasia
1776,Adoption
1777,Died
1778,Transfer
1779,Transfer
1780,Adoption
1781,Adoption
1782,Transfer
1783,Euthanasia
1784,Adoption
1785,Adoption
1786,Return to Owner
1787,Transfer
1788,Euthanasia
1789,Transfer
1790,Adoption
1791,Transfer
1792,Transfer
1793,Adoption
1794,Adoption
1795,Adoption
1796,Adoption
1797,Adoption
1798,Died
1799,Died
1800,Adoption
1801,Adoption
1802,Died
1803,Transfer
1804,Euthanasia
1805,Adoption
1806,Adoption
1807,Adoption
1808,Adoption
1809,Transfer
1810,Adoption
1811,Transfer
1812,Adoption
1813,Died
1814,Died
1815,Transfer
1816,Transfer
1817,Transfer
1818,Adoption
1819,Adoption
1820,Adoption
1821,Transfer
1822,Adoption
1823,Adoption
1824,Return to Owner
1825,Euthanasia
1826,Transfer
1827,Transfer
1828,Transfer
1829,Died
1830,Adoption
1831,Euthanasia
1832,Adoption
1833,Adoption
1834,Transfer
1835,Transfer
1836,Transfer
1837,Adoption
1838,Transfer
1839,Adoption
1840,Adoption
1841,Adoption
1842,Died
1843,Adoption
1844,Adoption
1845,Transfer
1846,Adoption
1847,Transfer
1848,Transfer
1849,Adoption
1850,Transfer
1851,Transfer
1852,Died
1853,Adoption
1854,Adoption
1855,Adoption
1856,Died
1857,Transfer
1858,Adoption
1859,Died
1860,Transfer
1861,Adoption
1862,Euthanasia
1863,Adoption
1864,Died
1865,Adoption
1866,Died
1867,Adoption
1868,Adoption
1869,Transfer
1870,Transfer
1871,Adoption
1872,Adoption
1873,Transfer
1874,Transfer
1875,Adoption
1876,Adoption
1877,Adoption
1878,Adoption
1879,Adoption
1880,Transfer
1881,Transfer
1882,Transfer
1883,Adoption
1884,Adoption
1885,Return to Owner
1886,Transfer
1887,Transfer
1888,Died
1889,Adoption
1890,Died
1891,Transfer
1892,Transfer
1893,Transfer
1894,Transfer
1895,Adoption
1896,Died
1897,Return to Owner
1898,Died
1899,Transfer
1900,Transfer
1901,Adoption
1902,Died
1903,Adoption
1904,Transfer
1905,Adoption
1906,Euthanasia
1907,Died
1908,Adoption
1909,Died
1910,Adoption
1911,Adoption
1912,Transfer
1913,Transfer
1914,Return to Owner
1915,Transfer
1916,Transfer
1917,Died
1918,Transfer
1919,Euthanasia
1920,Adoption
1921,Died
1922,Return to Owner
1923,Transfer
1924,Transfer
1925,Died
1926,Return to Owner
1927,Adoption
1928,Adoption
1929,Died
1930,Adoption
1931,Transfer
1932,Adoption
1933,Transfer
1934,Transfer
1935,Adoption
1936,Adoption
1937,Adoption
1938,Adoption
1939,Adoption
1940,Transfer
1941,Adoption
1942,Adoption
1943,Adoption
1944,Died
1945,Adoption
1946,Died
1947,Died
1948,Transfer
1949,Adoption
1950,Transfer
1951,Adoption
1952,Adoption
1953,Adoption
1954,Transfer
1955,Transfer
1956,Transfer
1957,Adoption
1958,Transfer
1959,Died
1960,Adoption
1961,Transfer
1962,Died
1963,Died
1964,Adoption
1965,Adoption
1966,Transfer
1967,Died
1968,Adoption
1969,Transfer
1970,Adoption
1971,Transfer
1972,Euthanasia
1973,Transfer
1974,Adoption
1975,Adoption
1976,Transfer
1977,Adoption
1978,Adoption
1979,Transfer
1980,Adoption
1981,Adoption
1982,Adoption
1983,Adoption
1984,Adoption
1985,Transfer
1986,Adoption
1987,Adoption
1988,Adoption
1989,Adoption
1990,Adoption
1991,Adoption
1992,Transfer
1993,Transfer
1994,Died
1995,Euthanasia
1996,Died
1997,Died
1998,Adoption
1999,Euthanasia
2000,Adoption
2001,Adoption
2002,Transfer
2003,Adoption
2004,Died
2005,Adoption
2006,Transfer
2007,Died
2008,Adoption
2009,Adoption
2010,Died
2011,Died
2012,Transfer
2013,Adoption
2014,Transfer
2015,Adoption
2016,Adoption
2017,Transfer
2018,Adoption
2019,Adoption
2020,Transfer
2021,Return to Owner
2022,Adoption
2023,Adoption
2024,Transfer
2025,Died
2026,Adoption
2027,Adoption
2028,Died
2029,Adoption
2030,Died
2031,Adoption
2032,Transfer
2033,Euthanasia
2034,Adoption
2035,Transfer
2036,Adoption
2037,Return to Owner
2038,Transfer
2039,Died
2040,Transfer
2041,Died
2042,Transfer
2043,Transfer
2044,Adoption
2045,Adoption
2046,Adoption
2047,Euthanasia
2048,Adoption
2049,Adoption
2050,Died
2051,Adoption
2052,Return to Owner
2053,Transfer
2054,Return to Owner
2055,Adoption
2056,Adoption
2057,Adoption
2058,Transfer
2059,Transfer
2060,Adoption
2061,Died
2062,Died
2063,Transfer
2064,Died
2065,Transfer
2066,Adoption
2067,Died
2068,Adoption
2069,Died
2070,Transfer
2071,Transfer
2072,Adoption
2073,Transfer
2074,Adoption
2075,Transfer
2076,Died
2077,Adoption
2078,Transfer
2079,Adoption
2080,Died
2081,Adoption
2082,Adoption
2083,Transfer
2084,Transfer
2085,Transfer
2086,Adoption
2087,Transfer
2088,Transfer
2089,Transfer
2090,Transfer
2091,Transfer
2092,Adoption
2093,Transfer
2094,Adoption
2095,Died
2096,Adoption
2097,Euthanasia
2098,Euthanasia
2099,Euthanasia
2100,Transfer
2101,Adoption
2102,Transfer
2103,Adoption
2104,Transfer
2105,Euthanasia
2106,Adoption
2107,Died
2108,Transfer
2109,Transfer
2110,Died
2111,Transfer
2112,Adoption
2113,Transfer
2114,Adoption
2115,Transfer
2116,Transfer
2117,Died
2118,Adoption
2119,Adoption
2120,Adoption
2121,Transfer
2122,Adoption
2123,Transfer
2124,Return to Owner
2125,Adoption
2126,Adoption
2127,Transfer
2128,Transfer
2129,Transfer
2130,Transfer
2131,Died
2132,Transfer
2133,Adoption
2134,Adoption
2135,Transfer
2136,Adoption
2137,Adoption
2138,Died
2139,Transfer
2140,Transfer
2141,Died
2142,Adoption
2143,Adoption
2144,Adoption
2145,Return to Owner
2146,Died
2147,Transfer
2148,Adoption
2149,Adoption
2150,Adoption
2151,Adoption
2152,Adoption
2153,Transfer
2154,Adoption
2155,Adoption
2156,Adoption
2157,Adoption
2158,Transfer
2159,Transfer
2160,Adoption
2161,Adoption
2162,Return to Owner
2163,Adoption
2164,Transfer
2165,Adoption
2166,Adoption
2167,Adoption
2168,Transfer
2169,Adoption
2170,Transfer
2171,Adoption
2172,Adoption
2173,Adoption
2174,Adoption
2175,Return to Owner
2176,Adoption
2177,Adoption
2178,Died
2179,Adoption
2180,Transfer
2181,Adoption
2182,Transfer
2183,Transfer
2184,Transfer
2185,Transfer
2186,Adoption
2187,Return to Owner
2188,Adoption
2189,Transfer
2190,Adoption
2191,Died
2192,Transfer
2193,Transfer
2194,Return to Owner
2195,Transfer
2196,Died
2197,Adoption
2198,Adoption
2199,Adoption
2200,Adoption
2201,Transfer
2202,Adoption
2203,Died
2204,Adoption
2205,Adoption
2206,Euthanasia
2207,Adoption
2208,Died
2209,Transfer
2210,Adoption
2211,Adoption
2212,Died
2213,Adoption
2214,Transfer
2215,Adoption
2216,Transfer
2217,Adoption
2218,Adoption
2219,Died
2220,Return to Owner
2221,Adoption
2222,Adoption
2223,Adoption
2224,Transfer
2225,Transfer
2226,Euthanasia
2227,Died
2228,Transfer
2229,Transfer
2230,Adoption
2231,Adoption
2232,Transfer
2233,Transfer
2234,Transfer
2235,Died
2236,Died
2237,Transfer
2238,Died
2239,Transfer
2240,Adoption
2241,Died
2242,Return to Owner
2243,Return to Owner
2244,Transfer
2245,Adoption
2246,Adoption
2247,Adoption
2248,Adoption
2249,Euthanasia
2250,Adoption
2251,Died
2252,Transfer
2253,Transfer
2254,Adoption
2255,Return to Owner
2256,Adoption
2257,Died
2258,Adoption
2259,Euthanasia
2260,Died
2261,Euthanasia
2262,Adoption
2263,Adoption
2264,Died
2265,Transfer
2266,Died
2267,Adoption
2268,Transfer
2269,Transfer
2270,Died
2271,Adoption
2272,Adoption
2273,Adoption
2274,Transfer
2275,Return to Owner
2276,Adoption
2277,Adoption
2278,Adoption
2279,Died
2280,Adoption
2281,Died
2282,Adoption
2283,Adoption
2284,Euthanasia
2285,Died
2286,Died
2287,Transfer
2288,Return to Owner
2289,Transfer
2290,Transfer
2291,Adoption
2292,Euthanasia
2293,Died
2294,Transfer
2295,Transfer
2296,Transfer
2297,Adoption
2298,Died
2299,Transfer
2300,Transfer
2301,Transfer
2302,Died
2303,Adoption
2304,Transfer
2305,Adoption
2306,Adoption
2307,Adoption
2308,Adoption
2309,Transfer
2310,Transfer
2311,Return to Owner
2312,Died
2313,Transfer
2314,Euthanasia
2315,Died
2316,Adoption
2317,Adoption
2318,Transfer
2319,Died
2320,Adoption
2321,Adoption
2322,Died
2323,Transfer
2324,Return to Owner
2325,Adoption
2326,Transfer
2327,Transfer
2328,Transfer
2329,Died
2330,Adoption
2331,Transfer
2332,Died
2333,Died
2334,Adoption
2335,Adoption
2336,Transfer
2337,Transfer
2338,Transfer
2339,Adoption
2340,Euthanasia
2341,Died
2342,Transfer
2343,Transfer
2344,Died
2345,Transfer
2346,Transfer
2347,Died
2348,Adoption
2349,Transfer
2350,Died
2351,Died
2352,Transfer
2353,Adoption
2354,Adoption
2355,Euthanasia
2356,Died
2357,Died
2358,Transfer
2359,Adoption
2360,Transfer
2361,Died
2362,Transfer
2363,Died
2364,Adoption
2365,Adoption
2366,Transfer
2367,Adoption
2368,Transfer
2369,Euthanasia
2370,Transfer
2371,Euthanasia
2372,Died
2373,Adoption
2374,Transfer
2375,Transfer
2376,Died
2377,Transfer
2378,Adoption
2379,Euthanasia
2380,Return to Owner
2381,Transfer
2382,Return to Owner
2383,Transfer
2384,Adoption
2385,Euthanasia
2386,Adoption
2387,Died
2388,Adoption
2389,Adoption
2390,Transfer
2391,Transfer
2392,Adoption
2393,Transfer
2394,Died
2395,Adoption
2396,Adoption
2397,Transfer
2398,Transfer
2399,Died
2400,Adoption
2401,Transfer
2402,Return to Owner
2403,Transfer
2404,Euthanasia
2405,Died
2406,Transfer
2407,Transfer
2408,Adoption
2409,Died
2410,Adoption
2411,Transfer
2412,Transfer
2413,Died
2414,Adoption
2415,Transfer
2416,Euthanasia
2417,Adoption
2418,Adoption
2419,Transfer
2420,Adoption
2421,Died
2422,Transfer
2423,Transfer
2424,Transfer
2425,Transfer
2426,Died
2427,Return to Owner
2428,Adoption
2429,Adoption
2430,Transfer
2431,Adoption
2432,Transfer
2433,Transfer
2434,Adoption
2435,Died
2436,Transfer
2437,Transfer
2438,Transfer
2439,Transfer
2440,Adoption
2441,Died
2442,Adoption
2443,Transfer
2444,Transfer
2445,Died
2446,Adoption
2447,Transfer
2448,Died
2449,Adoption
2450,Adoption
2451,Adoption
2452,Adoption
2453,Died
2454,Adoption
2455,Adoption
2456,Adoption
2457,Adoption
2458,Transfer
2459,Transfer
2460,Adoption
2461,Transfer
2462,Adoption
2463,Died
2464,Died
2465,Died
2466,Transfer
2467,Adoption
2468,Adoption
2469,Died
2470,Adoption
2471,Transfer
2472,Adoption
2473,Transfer
2474,Transfer
2475,Adoption
2476,Adoption
2477,Died
2478,Euthanasia
2479,Adoption
2480,Adoption
2481,Adoption
2482,Died
2483,Adoption
2484,Adoption
2485,Transfer
2486,Transfer
2487,Transfer
2488,Adoption
2489,Adoption
2490,Transfer
2491,Died
2492,Adoption
2493,Transfer
2494,Died
2495,Transfer
2496,Died
2497,Transfer
2498,Transfer
2499,Died
2500,Adoption
2501,Adoption
2502,Adoption
2503,Transfer
2504,Adoption
2505,Died
2506,Transfer
2507,Died
2508,Adoption
2509,Died
2510,Adoption
2511,Died
2512,Transfer
2513,Transfer
2514,Died
2515,Transfer
2516,Transfer
2517,Transfer
2518,Transfer
2519,Transfer
2520,Transfer
2521,Adoption
2522,Adoption
2523,Adoption
2524,Died
2525,Adoption
2526,Transfer
2527,Euthanasia
2528,Adoption
2529,Adoption
2530,Adoption
2531,Adoption
2532,Transfer
2533,Adoption
2534,Transfer
2535,Adoption
2536,Adoption
2537,Adoption
2538,Adoption
2539,Adoption
2540,Adoption
2541,Transfer
2542,Adoption
2543,Transfer
2544,Transfer
2545,Adoption
2546,Adoption
2547,Transfer
2548,Transfer
2549,Died
2550,Transfer
2551,Adoption
2552,Adoption
2553,Transfer
2554,Adoption
2555,Died
2556,Adoption
2557,Transfer
2558,Euthanasia
2559,Died
2560,Transfer
2561,Euthanasia
2562,Adoption
2563,Died
2564,Adoption
2565,Adoption
2566,Transfer
2567,Adoption
2568,Transfer
2569,Return to Owner
2570,Adoption
2571,Transfer
2572,Died
2573,Adoption
2574,Return to Owner
2575,Adoption
2576,Transfer
2577,Adoption
2578,Died
2579,Transfer
2580,Adoption
2581,Adoption
2582,Adoption
2583,Transfer
2584,Transfer
2585,Transfer
2586,Adoption
2587,Adoption
2588,Adoption
2589,Adoption
2590,Died
2591,Adoption
2592,Adoption
2593,Adoption
2594,Transfer
2595,Adoption
2596,Euthanasia
2597,Adoption
2598,Died
2599,Adoption
2600,Adoption
2601,Transfer
2602,Transfer
2603,Adoption
2604,Adoption
2605,Adoption
2606,Transfer
2607,Transfer
2608,Adoption
2609,Transfer
2610,Adoption
2611,Adoption
2612,Transfer
2613,Transfer
2614,Adoption
2615,Transfer
2616,Transfer
2617,Died
2618,Transfer
2619,Adoption
2620,Transfer
2621,Transfer
2622,Transfer
2623,Adoption
2624,Euthanasia
2625,Adoption
2626,Transfer
2627,Transfer
2628,Died
2629,Adoption
2630,Transfer
2631,Died
2632,Adoption
2633,Adoption
2634,Adoption
2635,Adoption
2636,Died
2637,Transfer
2638,Adoption
2639,Return to Owner
2640,Died
2641,Died
2642,Died
2643,Transfer
2644,Adoption
2645,Transfer
2646,Died
2647,Transfer
2648,Transfer
2649,Transfer
2650,Transfer
2651,Transfer
2652,Transfer
2653,Died
2654,Transfer
2655,Died
2656,Adoption
2657,Transfer
2658,Transfer
2659,Transfer
2660,Adoption
2661,Adoption
2662,Euthanasia
2663,Adoption
2664,Died
2665,Transfer
2666,Adoption
2667,Transfer
2668,Died
2669,Adoption
2670,Adoption
2671,Adoption
2672,Died
2673,Adoption
2674,Adoption
2675,Transfer
2676,Adoption
2677,Euthanasia
2678,Transfer
2679,Adoption
2680,Euthanasia
2681,Adoption
2682,Transfer
2683,Transfer
2684,Adoption
2685,Adoption
2686,Died
2687,Adoption
2688,Adoption
2689,Transfer
2690,Euthanasia
2691,Transfer
2692,Return to Owner
2693,Return to Owner
2694,Adoption
2695,Adoption
2696,Adoption
2697,Transfer
2698,Adoption
2699,Euthanasia
2700,Transfer
2701,Died
2702,Transfer
2703,Transfer
2704,Adoption
2705,Adoption
2706,Adoption
2707,Transfer
2708,Transfer
2709,Adoption
2710,Adoption
2711,Euthanasia
2712,Euthanasia
2713,Transfer
2714,Died
2715,Transfer
2716,Died
2717,Adoption
2718,Died
2719,Adoption
2720,Adoption
2721,Adoption
2722,Died
2723,Adoption
2724,Transfer
2725,Return to Owner
2726,Adoption
2727,Adoption
2728,Adoption
2729,Adoption
2730,Transfer
2731,Adoption
2732,Transfer
2733,Transfer
2734,Transfer
2735,Adoption
2736,Died
2737,Adoption
2738,Adoption
2739,Adoption
2740,Transfer
2741,Died
2742,Transfer
2743,Adoption
2744,Adoption
2745,Died
2746,Adoption
2747,Adoption
2748,Transfer
2749,Transfer
2750,Died
2751,Adoption
2752,Adoption
2753,Transfer
2754,Adoption
2755,Transfer
2756,Adoption
2757,Transfer
2758,Transfer
2759,Transfer
2760,Adoption
2761,Adoption
2762,Adoption
2763,Adoption
2764,Transfer
2765,Transfer
2766,Adoption
2767,Transfer
2768,Adoption
2769,Transfer
2770,Died
2771,Euthanasia
2772,Died
2773,Died
2774,Return to Owner
2775,Transfer
2776,Adoption
2777,Died
2778,Euthanasia
2779,Adoption
2780,Transfer
2781,Adoption
2782,Transfer
2783,Adoption
2784,Died
2785,Adoption
2786,Transfer
2787,Transfer
2788,Transfer
2789,Adoption
2790,Adoption
2791,Adoption
2792,Transfer
2793,Transfer
2794,Adoption
2795,Adoption
2796,Transfer
2797,Euthanasia
2798,Euthanasia
2799,Adoption
2800,Adoption
2801,Transfer
2802,Adoption
2803,Euthanasia
2804,Transfer
2805,Adoption
2806,Died
2807,Adoption
2808,Died
2809,Died
2810,Adoption
2811,Transfer
2812,Died
2813,Adoption
2814,Transfer
2815,Died
2816,Adoption
2817,Adoption
2818,Transfer
2819,Transfer
2820,Transfer
2821,Transfer
2822,Adoption
2823,Died
2824,Transfer
2825,Died
2826,Adoption
2827,Transfer
2828,Transfer
2829,Adoption
2830,Adoption
2831,Adoption
2832,Transfer
2833,Adoption
2834,Transfer
2835,Adoption
2836,Transfer
2837,Euthanasia
2838,Adoption
2839,Adoption
2840,Return to Owner
2841,Adoption
2842,Adoption
2843,Adoption
2844,Adoption
2845,Transfer
2846,Return to Owner
2847,Transfer
2848,Transfer
2849,Died
2850,Adoption
2851,Transfer
2852,Adoption
2853,Transfer
2854,Adoption
2855,Adoption
2856,Adoption
2857,Adoption
2858,Return to Owner
2859,Transfer
2860,Transfer
2861,Died
2862,Died
2863,Transfer
2864,Adoption
2865,Transfer
2866,Adoption
2867,Died
2868,Adoption
2869,Transfer
2870,Died
2871,Adoption
2872,Adoption
2873,Adoption
2874,Transfer
2875,Euthanasia
2876,Euthanasia
2877,Transfer
2878,Transfer
2879,Transfer
2880,Adoption
2881,Adoption
2882,Transfer
2883,Adoption
2884,Adoption
2885,Adoption
2886,Adoption
2887,Adoption
2888,Adoption
2889,Adoption
2890,Euthanasia
2891,Adoption
2892,Adoption
2893,Transfer
2894,Adoption
2895,Adoption
2896,Euthanasia
2897,Transfer
2898,Adoption
2899,Transfer
2900,Adoption
2901,Transfer
2902,Transfer
2903,Transfer
2904,Adoption
2905,Transfer
2906,Adoption
2907,Died
2908,Transfer
2909,Died
2910,Adoption
2911,Adoption
2912,Adoption
2913,Transfer
2914,Transfer
2915,Adoption
2916,Transfer
2917,Died
2918,Transfer
2919,Adoption
2920,Transfer
2921,Transfer
2922,Adoption
2923,Adoption
2924,Adoption
2925,Died
2926,Adoption
2927,Adoption
2928,Return to Owner
2929,Transfer
2930,Adoption
2931,Euthanasia
2932,Adoption
2933,Adoption
2934,Adoption
2935,Transfer
2936,Adoption
2937,Adoption
2938,Adoption
2939,Adoption
2940,Adoption
2941,Adoption
2942,Transfer
2943,Adoption
2944,Adoption
2945,Adoption
2946,Return to Owner
2947,Adoption
2948,Transfer
2949,Transfer
2950,Euthanasia
2951,Died
2952,Adoption
2953,Died
2954,Transfer
2955,Euthanasia
2956,Died
2957,Transfer
2958,Adoption
2959,Adoption
2960,Transfer
2961,Euthanasia
2962,Transfer
2963,Transfer
2964,Died
2965,Transfer
2966,Adoption
2967,Transfer
2968,Died
2969,Transfer
2970,Transfer
2971,Transfer
2972,Transfer
2973,Died
2974,Adoption
2975,Transfer
2976,Transfer
2977,Transfer
2978,Adoption
2979,Transfer
2980,Transfer
2981,Transfer
2982,Died
2983,Transfer
2984,Transfer
2985,Died
2986,Transfer
2987,Return to Owner
2988,Transfer
2989,Euthanasia
2990,Adoption
2991,Transfer
2992,Transfer
2993,Died
2994,Return to Owner
2995,Died
2996,Died
2997,Died
2998,Adoption
2999,Transfer
3000,Transfer
3001,Adoption
3002,Adoption
3003,Adoption
3004,Transfer
3005,Euthanasia
3006,Adoption
3007,Return to Owner
3008,Transfer
3009,Adoption
3010,Transfer
3011,Transfer
3012,Died
3013,Adoption
3014,Euthanasia
3015,Adoption
3016,Adoption
3017,Adoption
3018,Transfer
3019,Died
3020,Transfer
3021,Adoption
3022,Adoption
3023,Transfer
3024,Adoption
3025,Adoption
3026,Adoption
3027,Euthanasia
3028,Adoption
3029,Transfer
3030,Adoption
3031,Adoption
3032,Adoption
3033,Adoption
3034,Adoption
3035,Died
3036,Adoption
3037,Adoption
3038,Died
3039,Transfer
3040,Transfer
3041,Adoption
3042,Adoption
3043,Adoption
3044,Adoption
3045,Transfer
3046,Euthanasia
3047,Adoption
3048,Euthanasia
3049,Adoption
3050,Died
3051,Adoption
3052,Adoption
3053,Transfer
3054,Adoption
3055,Died
3056,Adoption
3057,Adoption
3058,Adoption
3059,Transfer
3060,Transfer
3061,Transfer
3062,Euthanasia
3063,Transfer
3064,Died
3065,Adoption
3066,Adoption
3067,Adoption
3068,Adoption
3069,Adoption
3070,Died
3071,Euthanasia
3072,Died
3073,Died
3074,Transfer
3075,Adoption
3076,Transfer
3077,Transfer
3078,Adoption
3079,Died
3080,Adoption
3081,Transfer
3082,Died
3083,Transfer
3084,Transfer
3085,Adoption
3086,Transfer
3087,Adoption
3088,Transfer
3089,Adoption
3090,Transfer
3091,Transfer
3092,Adoption
3093,Return to Owner
3094,Adoption
3095,Euthanasia
3096,Died
3097,Adoption
3098,Transfer
3099,Died
3100,Adoption
3101,Died
3102,Adoption
3103,Adoption
3104,Transfer
3105,Euthanasia
3106,Died
3107,Return to Owner
3108,Adoption
3109,Adoption
3110,Adoption
3111,Adoption
3112,Adoption
3113,Return to Owner
3114,Transfer
3115,Transfer
3116,Transfer
3117,Died
3118,Adoption
3119,Transfer
3120,Transfer
3121,Return to Owner
3122,Adoption
3123,Transfer
3124,Transfer
3125,Adoption
3126,Return to Owner
3127,Died
3128,Adoption
3129,Adoption
3130,Adoption
3131,Adoption
3132,Transfer
3133,Euthanasia
3134,Died
3135,Adoption
3136,Adoption
3137,Adoption
3138,Transfer
3139,Transfer
3140,Died
3141,Adoption
3142,Adoption
3143,Return to Owner
3144,Transfer
3145,Return to Owner
3146,Transfer
3147,Transfer
3148,Adoption
3149,Died
3150,Died
3151,Return to Owner
3152,Return to Owner
3153,Transfer
3154,Adoption
3155,Transfer
3156,Adoption
3157,Return to Owner
3158,Transfer
3159,Adoption
3160,Adoption
3161,Adoption
3162,Adoption
3163,Transfer
3164,Adoption
3165,Transfer
3166,Transfer
3167,Transfer
3168,Adoption
3169,Transfer
3170,Died
3171,Died
3172,Transfer
3173,Died
3174,Transfer
3175,Adoption
3176,Euthanasia
3177,Adoption
3178,Euthanasia
3179,Adoption
3180,Transfer
3181,Adoption
3182,Transfer
3183,Adoption
3184,Euthanasia
3185,Adoption
3186,Adoption
3187,Adoption
3188,Transfer
3189,Transfer
3190,Return to Owner
3191,Died
3192,Died
3193,Transfer
3194,Transfer
3195,Adoption
3196,Euthanasia
3197,Adoption
3198,Adoption
3199,Adoption
3200,Euthanasia
3201,Transfer
3202,Transfer
3203,Euthanasia
3204,Adoption
3205,Transfer
3206,Transfer
3207,Adoption
3208,Adoption
3209,Transfer
3210,Adoption
3211,Died
3212,Transfer
3213,Transfer
3214,Adoption
3215,Return to Owner
3216,Transfer
3217,Transfer
3218,Adoption
3219,Died
3220,Transfer
3221,Adoption
3222,Transfer
3223,Adoption
3224,Transfer
3225,Adoption
3226,Adoption
3227,Transfer
3228,Adoption
3229,Adoption
3230,Transfer
3231,Adoption
3232,Adoption
3233,Transfer
3234,Transfer
3235,Transfer
3236,Adoption
3237,Adoption
3238,Transfer
3239,Died
3240,Adoption
3241,Adoption
3242,Transfer
3243,Adoption
3244,Euthanasia
3245,Adoption
3246,Adoption
3247,Adoption
3248,Transfer
3249,Died
3250,Adoption
3251,Return to Owner
3252,Adoption
3253,Adoption
3254,Transfer
3255,Transfer
3256,Transfer
3257,Transfer
3258,Adoption
3259,Transfer
3260,Transfer
3261,Transfer
3262,Transfer
3263,Adoption
3264,Transfer
3265,Adoption
3266,Transfer
3267,Adoption
3268,Return to Owner
3269,Died
3270,Adoption
3271,Return to Owner
3272,Adoption
3273,Adoption
3274,Transfer
3275,Adoption
3276,Euthanasia
3277,Transfer
3278,Transfer
3279,Adoption
3280,Adoption
3281,Adoption
3282,Adoption
3283,Died
3284,Adoption
3285,Transfer
3286,Transfer
3287,Adoption
3288,Died
3289,Transfer
3290,Return to Owner
3291,Transfer
3292,Adoption
3293,Transfer
3294,Transfer
3295,Return to Owner
3296,Died
3297,Euthanasia
3298,Adoption
3299,Transfer
3300,Adoption
3301,Adoption
3302,Adoption
3303,Died
3304,Transfer
3305,Adoption
3306,Died
3307,Died
3308,Transfer
3309,Transfer
3310,Transfer
3311,Transfer
3312,Adoption
3313,Adoption
3314,Adoption
3315,Transfer
3316,Euthanasia
3317,Adoption
3318,Transfer
3319,Adoption
3320,Died
3321,Transfer
3322,Transfer
3323,Transfer
3324,Transfer
3325,Adoption
3326,Died
3327,Adoption
3328,Adoption
3329,Transfer
3330,Died
3331,Adoption
3332,Transfer
3333,Adoption
3334,Adoption
3335,Adoption
3336,Transfer
3337,Adoption
3338,Adoption
3339,Adoption
3340,Transfer
3341,Adoption
3342,Adoption
3343,Adoption
3344,Adoption
3345,Adoption
3346,Died
3347,Adoption
3348,Transfer
3349,Adoption
3350,Died
3351,Adoption
3352,Died
3353,Transfer
3354,Adoption
3355,Adoption
3356,Adoption
3357,Transfer
3358,Adoption
3359,Transfer
3360,Transfer
3361,Adoption
3362,Adoption
3363,Return to Owner
3364,Adoption
3365,Transfer
3366,Adoption
3367,Died
3368,Adoption
3369,Adoption
3370,Transfer
3371,Transfer
3372,Transfer
3373,Adoption
3374,Died
3375,Transfer
3376,Transfer
3377,Adoption
3378,Died
3379,Adoption
3380,Adoption
3381,Adoption
3382,Adoption
3383,Died
3384,Died
3385,Transfer
3386,Adoption
3387,Euthanasia
3388,Adoption
3389,Transfer
3390,Died
3391,Transfer
3392,Return to Owner
3393,Transfer
3394,Adoption
3395,Return to Owner
3396,Transfer
3397,Adoption
3398,Died
3399,Transfer
3400,Euthanasia
3401,Adoption
3402,Adoption
3403,Died
3404,Adoption
3405,Transfer
3406,Transfer
3407,Transfer
3408,Adoption
3409,Died
3410,Adoption
3411,Transfer
3412,Adoption
3413,Adoption
3414,Transfer
3415,Adoption
3416,Adoption
3417,Adoption
3418,Died
3419,Adoption
3420,Died
3421,Adoption
3422,Died
3423,Died
3424,Transfer
3425,Died
3426,Transfer
3427,Transfer
3428,Adoption
3429,Died
3430,Transfer
3431,Transfer
3432,Transfer
3433,Transfer
3434,Euthanasia
3435,Adoption
3436,Euthanasia
3437,Adoption
3438,Transfer
3439,Adoption
3440,Died
3441,Died
3442,Adoption
3443,Adoption
3444,Adoption
3445,Adoption
3446,Adoption
3447,Adoption
3448,Transfer
3449,Transfer
3450,Adoption
3451,Transfer
3452,Died
3453,Died
3454,Adoption
3455,Adoption
3456,Died
3457,Died
3458,Transfer
3459,Transfer
3460,Died
3461,Adoption
3462,Adoption
3463,Adoption
3464,Adoption
3465,Adoption
3466,Adoption
3467,Adoption
3468,Died
3469,Died
3470,Transfer
3471,Transfer
3472,Adoption
3473,Adoption
3474,Transfer
3475,Transfer
3476,Adoption
3477,Adoption
3478,Adoption
3479,Return to Owner
3480,Transfer
3481,Euthanasia
3482,Transfer
3483,Adoption
3484,Transfer
3485,Adoption
3486,Transfer
3487,Adoption
3488,Died
3489,Adoption
3490,Adoption
3491,Adoption
3492,Adoption
3493,Euthanasia
3494,Transfer
3495,Transfer
3496,Died
3497,Adoption
3498,Adoption
3499,Transfer
3500,Adoption
3501,Adoption
3502,Transfer
3503,Transfer
3504,Adoption
3505,Transfer
3506,Transfer
3507,Transfer
3508,Adoption
3509,Transfer
3510,Transfer
3511,Transfer
3512,Adoption
3513,Died
3514,Transfer
3515,Adoption
3516,Adoption
3517,Transfer
3518,Died
3519,Adoption
3520,Adoption
3521,Adoption
3522,Adoption
3523,Euthanasia
3524,Transfer
3525,Adoption
3526,Transfer
3527,Transfer
3528,Died
3529,Transfer
3530,Adoption
3531,Adoption
3532,Adoption
3533,Adoption
3534,Transfer
3535,Transfer
3536,Died
3537,Adoption
3538,Adoption
3539,Adoption
3540,Transfer
3541,Adoption
3542,Adoption
3543,Transfer
3544,Died
3545,Transfer
3546,Transfer
3547,Adoption
3548,Transfer
3549,Transfer
3550,Transfer
3551,Transfer
3552,Adoption
3553,Euthanasia
3554,Adoption
3555,Transfer
3556,Transfer
3557,Adoption
3558,Transfer
3559,Transfer
3560,Transfer
3561,Transfer
3562,Adoption
3563,Died
3564,Transfer
3565,Euthanasia
3566,Adoption
3567,Adoption
3568,Adoption
3569,Transfer
3570,Transfer
3571,Transfer
3572,Adoption
3573,Died
3574,Transfer
3575,Died
3576,Transfer
3577,Transfer
3578,Adoption
3579,Adoption
3580,Transfer
3581,Adoption
3582,Adoption
3583,Died
3584,Died
3585,Transfer
3586,Adoption
3587,Euthanasia
3588,Adoption
3589,Adoption
3590,Euthanasia
3591,Adoption
3592,Transfer
3593,Transfer
3594,Adoption
3595,Adoption
3596,Adoption
3597,Adoption
3598,Return to Owner
3599,Transfer
3600,Euthanasia
3601,Died
3602,Adoption
3603,Transfer
3604,Transfer
3605,Return to Owner
3606,Transfer
3607,Adoption
3608,Adoption
3609,Adoption
3610,Transfer
3611,Adoption
3612,Transfer
3613,Transfer
3614,Died
3615,Return to Owner
3616,Transfer
3617,Adoption
3618,Adoption
3619,Died
3620,Adoption
3621,Transfer
3622,Adoption
3623,Died
3624,Adoption
3625,Adoption
3626,Transfer
3627,Adoption
3628,Adoption
3629,Transfer
3630,Adoption
3631,Transfer
3632,Adoption
3633,Adoption
3634,Adoption
3635,Return to Owner
3636,Adoption
3637,Transfer
3638,Adoption
3639,Transfer
3640,Adoption
3641,Transfer
3642,Transfer
3643,Transfer
3644,Transfer
3645,Transfer
3646,Adoption
3647,Died
3648,Transfer
3649,Died
3650,Transfer
3651,Adoption
3652,Return to Owner
3653,Transfer
3654,Transfer
3655,Adoption
3656,Transfer
3657,Euthanasia
3658,Transfer
3659,Died
3660,Euthanasia
3661,Died
3662,Euthanasia
3663,Died
3664,Adoption
3665,Adoption
3666,Died
3667,Died
3668,Adoption
3669,Adoption
3670,Died
3671,Adoption
3672,Transfer
3673,Transfer
3674,Adoption
3675,Transfer
3676,Adoption
3677,Adoption
3678,Died
3679,Adoption
3680,Died
3681,Transfer
3682,Transfer
3683,Adoption
3684,Adoption
3685,Died
3686,Transfer
3687,Adoption
3688,Adoption
3689,Transfer
3690,Adoption
3691,Died
3692,Adoption
3693,Euthanasia
3694,Transfer
3695,Adoption
3696,Adoption
3697,Adoption
3698,Transfer
3699,Transfer
3700,Transfer
3701,Adoption
3702,Euthanasia
3703,Transfer
3704,Euthanasia
3705,Adoption
3706,Transfer
3707,Euthanasia
3708,Return to Owner
3709,Adoption
3710,Transfer
3711,Transfer
3712,Adoption
3713,Adoption
3714,Euthanasia
3715,Transfer
3716,Transfer
3717,Died
3718,Transfer
3719,Transfer
3720,Euthanasia
3721,Transfer
3722,Adoption
3723,Died
3724,Transfer
3725,Transfer
3726,Euthanasia
3727,Transfer
3728,Died
3729,Adoption
3730,Adoption
3731,Transfer
3732,Transfer
3733,Euthanasia
3734,Died
3735,Adoption
3736,Adoption
3737,Adoption
3738,Transfer
3739,Died
3740,Adoption
3741,Transfer
3742,Adoption
3743,Transfer
3744,Died
3745,Adoption
3746,Transfer
3747,Adoption
3748,Adoption
3749,Died
3750,Adoption
3751,Adoption
3752,Adoption
3753,Transfer
3754,Transfer
3755,Adoption
3756,Adoption
3757,Adoption
3758,Transfer
3759,Died
3760,Return to Owner
3761,Adoption
3762,Euthanasia
3763,Adoption
3764,Transfer
3765,Transfer
3766,Return to Owner
3767,Adoption
3768,Transfer
3769,Adoption
3770,Adoption
3771,Transfer
3772,Adoption
3773,Adoption
3774,Transfer
3775,Adoption
3776,Died
3777,Died
3778,Transfer
3779,Adoption
3780,Adoption
3781,Died
3782,Transfer
3783,Transfer
3784,Died
3785,Transfer
3786,Adoption
3787,Died
3788,Died
3789,Died
3790,Transfer
3791,Return to Owner
3792,Transfer
3793,Died
3794,Transfer
3795,Died
3796,Transfer
3797,Transfer
3798,Transfer
3799,Adoption
3800,Transfer
3801,Adoption
3802,Died
3803,Transfer
3804,Adoption
3805,Adoption
3806,Adoption
3807,Adoption
3808,Adoption
3809,Adoption
3810,Euthanasia
3811,Died
3812,Euthanasia
3813,Transfer
3814,Transfer
3815,Adoption
3816,Transfer
3817,Adoption
3818,Adoption
3819,Died
3820,Euthanasia
3821,Transfer
3822,Adoption
3823,Died
3824,Adoption
3825,Died
3826,Transfer
3827,Adoption
3828,Transfer
3829,Adoption
3830,Adoption
3831,Transfer
3832,Euthanasia
3833,Died
3834,Transfer
3835,Died
3836,Transfer
3837,Adoption
3838,Adoption
3839,Euthanasia
3840,Adoption
3841,Adoption
3842,Died
3843,Died
3844,Adoption
3845,Transfer
3846,Adoption
3847,Transfer
3848,Transfer
3849,Adoption
3850,Transfer
3851,Died
3852,Transfer
3853,Transfer
3854,Died
3855,Adoption
3856,Died
3857,Transfer
3858,Transfer
3859,Died
3860,Adoption
3861,Transfer
3862,Adoption
3863,Adoption
3864,Euthanasia
3865,Transfer
3866,Transfer
3867,Died
3868,Transfer
3869,Return to Owner
3870,Adoption
3871,Transfer
3872,Died
3873,Adoption
3874,Transfer
3875,Transfer
3876,Adoption
3877,Transfer
3878,Adoption
3879,Died
3880,Transfer
3881,Adoption
3882,Died
3883,Transfer
3884,Adoption
3885,Transfer
3886,Transfer
3887,Transfer
3888,Adoption
3889,Adoption
3890,Adoption
3891,Transfer
3892,Transfer
3893,Transfer
3894,Adoption
3895,Transfer
3896,Adoption
3897,Transfer
3898,Adoption
3899,Transfer
3900,Adoption
3901,Transfer
3902,Transfer
3903,Transfer
3904,Adoption
3905,Adoption
3906,Died
3907,Adoption
3908,Transfer
3909,Transfer
3910,Died
3911,Transfer
3912,Euthanasia
3913,Transfer
3914,Transfer
3915,Euthanasia
3916,Adoption
3917,Transfer
3918,Return to Owner
3919,Adoption
3920,Transfer
3921,Transfer
3922,Transfer
3923,Adoption
3924,Return to Owner
3925,Adoption
3926,Transfer
3927,Adoption
3928,Euthanasia
3929,Adoption
3930,Died
3931,Died
3932,Died
3933,Euthanasia
3934,Adoption
3935,Adoption
3936,Return to Owner
3937,Transfer
3938,Adoption
3939,Adoption
3940,Transfer
3941,Adoption
3942,Adoption
3943,Died
3944,Euthanasia
3945,Transfer
3946,Return to Owner
3947,Transfer
3948,Adoption
3949,Transfer
3950,Adoption
3951,Transfer
3952,Transfer
3953,Died
3954,Transfer
3955,Died
3956,Adoption
3957,Euthanasia
3958,Adoption
3959,Euthanasia
3960,Adoption
3961,Died
3962,Transfer
3963,Adoption
3964,Adoption
3965,Transfer
3966,Transfer
3967,Adoption
3968,Transfer
3969,Transfer
3970,Transfer
3971,Adoption
3972,Euthanasia
3973,Adoption
3974,Died
3975,Adoption
3976,Euthanasia
3977,Transfer
3978,Transfer
3979,Died
3980,Adoption
3981,Adoption
3982,Adoption
3983,Adoption
3984,Adoption
3985,Transfer
3986,Adoption
3987,Adoption
3988,Euthanasia
3989,Died
3990,Adoption
3991,Adoption
3992,Adoption
3993,Adoption
3994,Transfer
3995,Adoption
3996,Adoption
3997,Adoption
3998,Return to Owner
3999,Died
4000,Died
4001,Transfer
4002,Transfer
4003,Adoption
4004,Adoption
4005,Adoption
4006,Transfer
4007,Adoption
4008,Transfer
4009,Adoption
4010,Adoption
4011,Transfer
4012,Adoption
4013,Adoption
4014,Return to Owner
4015,Died
4016,Adoption
4017,Adoption
4018,Died
4019,Transfer
4020,Died
4021,Transfer
4022,Adoption
4023,Adoption
4024,Died
4025,Transfer
4026,Adoption
4027,Transfer
4028,Adoption
4029,Adoption
4030,Died
4031,Transfer
4032,Transfer
4033,Transfer
4034,Transfer
4035,Adoption
4036,Transfer
4037,Adoption
4038,Adoption
4039,Adoption
4040,Died
4041,Adoption
4042,Adoption
4043,Died
4044,Adoption
4045,Transfer
4046,Adoption
4047,Adoption
4048,Transfer
4049,Died
4050,Transfer
4051,Adoption
4052,Adoption
4053,Adoption
4054,Transfer
4055,Adoption
4056,Adoption
4057,Adoption
4058,Transfer
4059,Adoption
4060,Adoption
4061,Adoption
4062,Return to Owner
4063,Died
4064,Adoption
4065,Transfer
4066,Transfer
4067,Euthanasia
4068,Return to Owner
4069,Adoption
4070,Died
4071,Euthanasia
4072,Adoption
4073,Transfer
4074,Died
4075,Adoption
4076,Adoption
4077,Adoption
4078,Return to Owner
4079,Transfer
4080,Euthanasia
4081,Euthanasia
4082,Return to Owner
4083,Died
4084,Died
4085,Transfer
4086,Adoption
4087,Transfer
4088,Transfer
4089,Transfer
4090,Transfer
4091,Transfer
4092,Transfer
4093,Adoption
4094,Transfer
4095,Adoption
4096,Transfer
4097,Adoption
4098,Adoption
4099,Died
4100,Adoption
4101,Adoption
4102,Transfer
4103,Transfer
4104,Adoption
4105,Transfer
4106,Died
4107,Adoption
4108,Died
4109,Adoption
4110,Transfer
4111,Transfer
4112,Adoption
4113,Died
4114,Transfer
4115,Died
4116,Adoption
4117,Died
4118,Transfer
4119,Adoption
4120,Died
4121,Adoption
4122,Adoption
4123,Adoption
4124,Transfer
4125,Adoption
4126,Transfer
4127,Transfer
4128,Died
4129,Adoption
4130,Adoption
4131,Transfer
4132,Transfer
4133,Died
4134,Adoption
4135,Adoption
4136,Adoption
4137,Transfer
4138,Transfer
4139,Died
4140,Transfer
4141,Transfer
4142,Transfer
4143,Adoption
4144,Transfer
4145,Died
4146,Transfer
4147,Transfer
4148,Return to Owner
4149,Died
4150,Transfer
4151,Transfer
4152,Return to Owner
4153,Died
4154,Adoption
4155,Adoption
4156,Adoption
4157,Euthanasia
4158,Transfer
4159,Died
4160,Transfer
4161,Transfer
4162,Transfer
4163,Transfer
4164,Transfer
4165,Adoption
4166,Adoption
4167,Adoption
4168,Return to Owner
4169,Died
4170,Transfer
4171,Adoption
4172,Adoption
4173,Adoption
4174,Adoption
4175,Died
4176,Adoption
4177,Adoption
4178,Transfer
4179,Euthanasia
4180,Died
4181,Transfer
4182,Adoption
4183,Transfer
4184,Euthanasia
4185,Transfer
4186,Euthanasia
4187,Transfer
4188,Transfer
4189,Transfer
4190,Transfer
4191,Transfer
4192,Transfer
4193,Euthanasia
4194,Died
4195,Adoption
4196,Transfer
4197,Return to Owner
4198,Transfer
4199,Adoption
4200,Transfer
4201,Adoption
4202,Euthanasia
4203,Adoption
4204,Adoption
4205,Transfer
4206,Adoption
4207,Transfer
4208,Adoption
4209,Adoption
4210,Adoption
4211,Died
4212,Transfer
4213,Transfer
4214,Transfer
4215,Transfer
4216,Euthanasia
4217,Died
4218,Adoption
4219,Died
4220,Euthanasia
4221,Transfer
4222,Adoption
4223,Adoption
4224,Died
4225,Adoption
4226,Died
4227,Adoption
4228,Adoption
4229,Transfer
4230,Transfer
4231,Died
4232,Adoption
4233,Transfer
4234,Died
4235,Adoption
4236,Transfer
4237,Transfer
4238,Adoption
4239,Adoption
4240,Died
4241,Adoption
4242,Transfer
4243,Died
4244,Return to Owner
4245,Adoption
4246,Died
4247,Transfer
4248,Died
4249,Adoption
4250,Adoption
4251,Adoption
4252,Adoption
4253,Adoption
4254,Return to Owner
4255,Transfer
4256,Adoption
4257,Adoption
4258,Transfer
4259,Euthanasia
4260,Died
4261,Adoption
4262,Adoption
4263,Transfer
4264,Transfer
4265,Adoption
4266,Transfer
4267,Euthanasia
4268,Adoption
4269,Transfer
4270,Adoption
4271,Transfer
4272,Adoption
4273,Died
4274,Adoption
4275,Transfer
4276,Died
4277,Died
4278,Return to Owner
4279,Adoption
4280,Adoption
4281,Euthanasia
4282,Adoption
4283,Adoption
4284,Adoption
4285,Adoption
4286,Return to Owner
4287,Euthanasia
4288,Adoption
4289,Adoption
4290,Euthanasia
4291,Adoption
4292,Adoption
4293,Transfer
4294,Adoption
4295,Transfer
4296,Died
4297,Return to Owner
4298,Died
4299,Adoption
4300,Adoption
4301,Transfer
4302,Adoption
4303,Adoption
4304,Return to Owner
4305,Adoption
4306,Transfer
4307,Euthanasia
4308,Adoption
4309,Adoption
4310,Adoption
4311,Adoption
4312,Adoption
4313,Transfer
4314,Return to Owner
4315,Died
4316,Transfer
4317,Transfer
4318,Adoption
4319,Euthanasia
4320,Adoption
4321,Transfer
4322,Adoption
4323,Died
4324,Transfer
4325,Transfer
4326,Transfer
4327,Adoption
4328,Adoption
4329,Adoption
4330,Transfer
4331,Adoption
4332,Transfer
4333,Died
4334,Adoption
4335,Adoption
4336,Transfer
4337,Adoption
4338,Adoption
4339,Adoption
4340,Adoption
4341,Adoption
4342,Adoption
4343,Euthanasia
4344,Adoption
4345,Adoption
4346,Adoption
4347,Died
4348,Transfer
4349,Transfer
4350,Transfer
4351,Euthanasia
4352,Transfer
4353,Transfer
4354,Adoption
4355,Adoption
4356,Adoption
4357,Adoption
4358,Died
4359,Return to Owner
4360,Adoption
4361,Transfer
4362,Died
4363,Adoption
4364,Transfer
4365,Adoption
4366,Transfer
4367,Adoption
4368,Adoption
4369,Transfer
4370,Euthanasia
4371,Died
4372,Return to Owner
4373,Adoption
4374,Adoption
4375,Adoption
4376,Died
4377,Adoption
4378,Adoption
4379,Return to Owner
4380,Adoption
4381,Adoption
4382,Adoption
4383,Transfer
4384,Adoption
4385,Died
4386,Adoption
4387,Transfer
4388,Euthanasia
4389,Adoption
4390,Adoption
4391,Adoption
4392,Adoption
4393,Transfer
4394,Died
4395,Died
4396,Adoption
4397,Adoption
4398,Transfer
4399,Transfer
4400,Transfer
4401,Died
4402,Transfer
4403,Died
4404,Died
4405,Return to Owner
4406,Adoption
4407,Transfer
4408,Euthanasia
4409,Died
4410,Return to Owner
4411,Transfer
4412,Adoption
4413,Transfer
4414,Adoption
4415,Adoption
4416,Euthanasia
4417,Transfer
4418,Transfer
4419,Adoption
4420,Died
4421,Transfer
4422,Adoption
4423,Adoption
4424,Transfer
4425,Transfer
4426,Died
4427,Adoption
4428,Transfer
4429,Return to Owner
4430,Adoption
4431,Transfer
4432,Died
4433,Transfer
4434,Died
4435,Adoption
4436,Adoption
4437,Died
4438,Adoption
4439,Transfer
4440,Transfer
4441,Return to Owner
4442,Died
4443,Adoption
4444,Died
4445,Euthanasia
4446,Transfer
4447,Transfer
4448,Adoption
4449,Adoption
4450,Transfer
4451,Euthanasia
4452,Transfer
4453,Adoption
4454,Adoption
4455,Transfer
4456,Adoption
4457,Adoption
4458,Adoption
4459,Return to Owner
4460,Adoption
4461,Adoption
4462,Adoption
4463,Adoption
4464,Transfer
4465,Transfer
4466,Euthanasia
4467,Return to Owner
4468,Adoption
4469,Return to Owner
4470,Transfer
4471,Adoption
4472,Adoption
4473,Adoption
4474,Adoption
4475,Transfer
4476,Adoption
4477,Adoption
4478,Transfer
4479,Adoption
4480,Died
4481,Died
4482,Adoption
4483,Died
4484,Transfer
4485,Adoption
4486,Died
4487,Adoption
4488,Euthanasia
4489,Return to Owner
4490,Transfer
4491,Adoption
4492,Adoption
4493,Adoption
4494,Transfer
4495,Transfer
4496,Adoption
4497,Died
4498,Adoption
4499,Died
4500,Transfer
4501,Transfer
4502,Transfer
4503,Adoption
4504,Adoption
4505,Transfer
4506,Died
4507,Transfer
4508,Adoption
4509,Transfer
4510,Euthanasia
4511,Adoption
4512,Adoption
4513,Died
4514,Died
4515,Adoption
4516,Transfer
4517,Died
4518,Transfer
4519,Died
4520,Adoption
4521,Adoption
4522,Adoption
4523,Adoption
4524,Adoption
4525,Transfer
4526,Adoption
4527,Adoption
4528,Adoption
4529,Transfer
4530,Adoption
4531,Died
4532,Adoption
4533,Transfer
4534,Adoption
4535,Adoption
4536,Adoption
4537,Transfer
4538,Transfer
4539,Return to Owner
4540,Died
4541,Transfer
4542,Died
4543,Transfer
4544,Transfer
4545,Adoption
4546,Adoption
4547,Adoption
4548,Transfer
4549,Return to Owner
4550,Return to Owner
4551,Euthanasia
4552,Euthanasia
4553,Adoption
4554,Transfer
4555,Died
4556,Died
4557,Died
4558,Transfer
4559,Transfer
4560,Return to Owner
4561,Transfer
4562,Adoption
4563,Adoption
4564,Euthanasia
4565,Transfer
4566,Adoption
4567,Died
4568,Adoption
4569,Died
4570,Transfer
4571,Adoption
4572,Adoption
4573,Adoption
4574,Transfer
4575,Adoption
4576,Euthanasia
4577,Adoption
4578,Transfer
4579,Died
4580,Adoption
4581,Transfer
4582,Transfer
4583,Died
4584,Adoption
4585,Transfer
4586,Adoption
4587,Transfer
4588,Transfer
4589,Adoption
4590,Died
4591,Adoption
4592,Adoption
4593,Adoption
4594,Transfer
4595,Transfer
4596,Adoption
4597,Adoption
4598,Return to Owner
4599,Euthanasia
4600,Adoption
4601,Transfer
4602,Died
4603,Adoption
4604,Transfer
4605,Adoption
4606,Adoption
4607,Adoption
4608,Transfer
4609,Died
4610,Transfer
4611,Adoption
4612,Died
4613,Adoption
4614,Died
4615,Adoption
4616,Transfer
4617,Transfer
4618,Adoption
4619,Adoption
4620,Adoption
4621,Adoption
4622,Died
4623,Adoption
4624,Transfer
4625,Adoption
4626,Adoption
4627,Adoption
4628,Adoption
4629,Died
4630,Adoption
4631,Transfer
4632,Adoption
4633,Transfer
4634,Died
4635,Transfer
4636,Adoption
4637,Adoption
4638,Adoption
4639,Transfer
4640,Died
4641,Return to Owner
4642,Adoption
4643,Adoption
4644,Died
4645,Adoption
4646,Transfer
4647,Transfer
4648,Adoption
4649,Transfer
4650,Euthanasia
4651,Adoption
4652,Adoption
4653,Adoption
4654,Return to Owner
4655,Adoption
4656,Adoption
4657,Transfer
4658,Transfer
4659,Adoption
4660,Transfer
4661,Adoption
4662,Transfer
4663,Adoption
4664,Adoption
4665,Died
4666,Adoption
4667,Died
4668,Return to Owner
4669,Transfer
4670,Adoption
4671,Adoption
4672,Transfer
4673,Adoption
4674,Died
4675,Transfer
4676,Adoption
4677,Adoption
4678,Adoption
4679,Died
4680,Adoption
4681,Adoption
4682,Died
4683,Transfer
4684,Euthanasia
4685,Adoption
4686,Adoption
4687,Transfer
4688,Transfer
4689,Died
4690,Transfer
4691,Adoption
4692,Transfer
4693,Died
4694,Adoption
4695,Transfer
4696,Euthanasia
4697,Adoption
4698,Transfer
4699,Transfer
4700,Adoption
4701,Transfer
4702,Died
4703,Adoption
4704,Died
4705,Transfer
4706,Transfer
4707,Adoption
4708,Died
4709,Return to Owner
4710,Euthanasia
4711,Died
4712,Transfer
4713,Adoption
4714,Adoption
4715,Transfer
4716,Adoption
4717,Transfer
4718,Transfer
4719,Transfer
4720,Adoption
4721,Transfer
4722,Adoption
4723,Died
4724,Transfer
4725,Adoption
4726,Euthanasia
4727,Died
4728,Transfer
4729,Adoption
4730,Transfer
4731,Transfer
4732,Died
4733,Adoption
4734,Transfer
4735,Transfer
4736,Adoption
4737,Return to Owner
4738,Died
4739,Died
4740,Adoption
4741,Euthanasia
4742,Return to Owner
4743,Adoption
4744,Died
4745,Adoption
4746,Died
4747,Died
4748,Adoption
4749,Adoption
4750,Transfer
4751,Adoption
4752,Transfer
4753,Transfer
4754,Adoption
4755,Euthanasia
4756,Died
4757,Euthanasia
4758,Return to Owner
4759,Transfer
4760,Transfer
4761,Adoption
4762,Adoption
4763,Adoption
4764,Transfer
4765,Transfer
4766,Transfer
4767,Adoption
4768,Euthanasia
4769,Adoption
4770,Transfer
4771,Transfer
4772,Adoption
4773,Euthanasia
4774,Transfer
4775,Return to Owner
4776,Transfer
4777,Died
4778,Transfer
4779,Adoption
4780,Adoption
4781,Transfer
4782,Adoption
4783,Transfer
4784,Transfer
4785,Adoption
4786,Died
4787,Adoption
4788,Adoption
4789,Transfer
4790,Adoption
4791,Adoption
4792,Died
4793,Adoption
4794,Transfer
4795,Transfer
4796,Transfer
4797,Euthanasia
4798,Transfer
4799,Transfer
4800,Adoption
4801,Return to Owner
4802,Adoption
4803,Euthanasia
4804,Transfer
4805,Died
4806,Transfer
4807,Transfer
4808,Adoption
4809,Transfer
4810,Return to Owner
4811,Adoption
4812,Transfer
4813,Adoption
4814,Adoption
4815,Adoption
4816,Died
4817,Adoption
4818,Transfer
4819,Adoption
4820,Transfer
4821,Adoption
4822,Died
4823,Return to Owner
4824,Adoption
4825,Died
4826,Adoption
4827,Euthanasia
4828,Adoption
4829,Adoption
4830,Transfer
4831,Adoption
4832,Died
4833,Transfer
4834,Transfer
4835,Adoption
4836,Transfer
4837,Died
4838,Transfer
4839,Died
4840,Adoption
4841,Adoption
4842,Adoption
4843,Died
4844,Died
4845,Adoption
4846,Adoption
4847,Adoption
4848,Transfer
4849,Transfer
4850,Adoption
4851,Return to Owner
4852,Died
4853,Adoption
4854,Euthanasia
4855,Transfer
4856,Adoption
4857,Died
4858,Adoption
4859,Adoption
4860,Died
4861,Adoption
4862,Adoption
4863,Return to Owner
4864,Died
4865,Transfer
4866,Return to Owner
4867,Transfer
4868,Transfer
4869,Died
4870,Transfer
4871,Transfer
4872,Transfer
4873,Adoption
4874,Transfer
4875,Euthanasia
4876,Adoption
4877,Died
4878,Adoption
4879,Transfer
4880,Died
4881,Adoption
4882,Euthanasia
4883,Return to Owner
4884,Transfer
4885,Return to Owner
4886,Return to Owner
4887,Adoption
4888,Transfer
4889,Transfer
4890,Died
4891,Died
4892,Adoption
4893,Adoption
4894,Transfer
4895,Adoption
4896,Adoption
4897,Transfer
4898,Adoption
4899,Transfer
4900,Transfer
4901,Transfer
4902,Transfer
4903,Adoption
4904,Died
4905,Transfer
4906,Transfer
4907,Return to Owner
4908,Adoption
4909,Adoption
4910,Adoption
4911,Transfer
4912,Adoption
4913,Transfer
4914,Died
4915,Adoption
4916,Adoption
4917,Transfer
4918,Transfer
4919,Transfer
4920,Adoption
4921,Adoption
4922,Adoption
4923,Transfer
4924,Adoption
4925,Adoption
4926,Adoption
4927,Adoption
4928,Transfer
4929,Euthanasia
4930,Adoption
4931,Died
4932,Transfer
4933,Adoption
4934,Transfer
4935,Adoption
4936,Transfer
4937,Died
4938,Adoption
4939,Adoption
4940,Adoption
4941,Adoption
4942,Adoption
4943,Adoption
4944,Transfer
4945,Died
4946,Adoption
4947,Died
4948,Died
4949,Transfer
4950,Died
4951,Transfer
4952,Transfer
4953,Died
4954,Died
4955,Transfer
4956,Adoption
4957,Transfer
4958,Died
4959,Adoption
4960,Adoption
4961,Adoption
4962,Died
4963,Died
4964,Transfer
4965,Adoption
4966,Adoption
4967,Adoption
4968,Transfer
4969,Transfer
4970,Adoption
4971,Return to Owner
4972,Transfer
4973,Died
4974,Transfer
4975,Transfer
4976,Adoption
4977,Adoption
4978,Return to Owner
4979,Adoption
4980,Euthanasia
4981,Adoption
4982,Euthanasia
4983,Adoption
4984,Died
4985,Transfer
4986,Transfer
4987,Died
4988,Adoption
4989,Adoption
4990,Adoption
4991,Adoption
4992,Died
4993,Adoption
4994,Adoption
4995,Adoption
4996,Transfer
4997,Died
4998,Transfer
4999,Adoption
5000,Return to Owner
5001,Died
5002,Transfer
5003,Adoption
5004,Adoption
5005,Transfer
5006,Transfer
5007,Adoption
5008,Transfer
5009,Adoption
5010,Died
5011,Adoption
5012,Transfer
5013,Adoption
5014,Adoption
5015,Transfer
5016,Adoption
5017,Died
5018,Adoption
5019,Transfer
5020,Adoption
5021,Transfer
5022,Died
5023,Adoption
5024,Transfer
5025,Died
5026,Transfer
5027,Adoption
5028,Adoption
5029,Return to Owner
5030,Adoption
5031,Adoption
5032,Transfer
5033,Transfer
5034,Transfer
5035,Died
5036,Adoption
5037,Transfer
5038,Adoption
5039,Died
5040,Transfer
5041,Transfer
5042,Adoption
5043,Adoption
5044,Adoption
5045,Died
5046,Transfer
5047,Transfer
5048,Died
5049,Transfer
5050,Transfer
5051,Transfer
5052,Transfer
5053,Adoption
5054,Transfer
5055,Adoption
5056,Transfer
5057,Died
5058,Adoption
5059,Transfer
5060,Adoption
5061,Died
5062,Died
5063,Adoption
5064,Died
5065,Adoption
5066,Transfer
5067,Adoption
5068,Transfer
5069,Transfer
5070,Euthanasia
5071,Died
5072,Transfer
5073,Transfer
5074,Adoption
5075,Adoption
5076,Adoption
5077,Died
5078,Transfer
5079,Adoption
5080,Transfer
5081,Transfer
5082,Adoption
5083,Died
5084,Adoption
5085,Adoption
5086,Transfer
5087,Transfer
5088,Transfer
5089,Adoption
5090,Transfer
5091,Adoption
5092,Transfer
5093,Adoption
5094,Transfer
5095,Transfer
5096,Return to Owner
5097,Died
5098,Died
5099,Transfer
5100,Adoption
5101,Adoption
5102,Adoption
5103,Adoption
5104,Transfer
5105,Died
5106,Died
5107,Adoption
5108,Transfer
5109,Died
5110,Adoption
5111,Died
5112,Transfer
5113,Transfer
5114,Euthanasia
5115,Adoption
5116,Adoption
5117,Adoption
5118,Transfer
5119,Adoption
5120,Transfer
5121,Transfer
5122,Died
5123,Transfer
5124,Adoption
5125,Died
5126,Adoption
5127,Adoption
5128,Adoption
5129,Died
5130,Died
5131,Transfer
5132,Adoption
5133,Died
5134,Died
5135,Adoption
5136,Adoption
5137,Transfer
5138,Transfer
5139,Transfer
5140,Died
5141,Adoption
5142,Adoption
5143,Died
5144,Adoption
5145,Adoption
5146,Adoption
5147,Adoption
5148,Transfer
5149,Adoption
5150,Died
5151,Adoption
5152,Adoption
5153,Adoption
5154,Adoption
5155,Transfer
5156,Transfer
5157,Adoption
5158,Adoption
5159,Transfer
5160,Adoption
5161,Adoption
5162,Transfer
5163,Adoption
5164,Transfer
5165,Died
5166,Adoption
5167,Adoption
5168,Died
5169,Transfer
5170,Transfer
5171,Adoption
5172,Adoption
5173,Died
5174,Transfer
5175,Adoption
5176,Adoption
5177,Transfer
5178,Adoption
5179,Transfer
5180,Transfer
5181,Adoption
5182,Adoption
5183,Transfer
5184,Return to Owner
5185,Adoption
5186,Transfer
5187,Adoption
5188,Adoption
5189,Transfer
5190,Transfer
5191,Transfer
5192,Died
5193,Adoption
5194,Euthanasia
5195,Adoption
5196,Transfer
5197,Adoption
5198,Transfer
5199,Adoption
5200,Transfer
5201,Adoption
5202,Transfer
5203,Adoption
5204,Transfer
5205,Adoption
5206,Adoption
5207,Return to Owner
5208,Transfer
5209,Adoption
5210,Adoption
5211,Adoption
5212,Died
5213,Adoption
5214,Transfer
5215,Transfer
5216,Died
5217,Died
5218,Transfer
5219,Return to Owner
5220,Adoption
5221,Transfer
5222,Transfer
5223,Transfer
5224,Transfer
5225,Transfer
5226,Died
5227,Adoption
5228,Adoption
5229,Transfer
5230,Transfer
5231,Adoption
5232,Transfer
5233,Adoption
5234,Transfer
5235,Adoption
5236,Adoption
5237,Died
5238,Adoption
5239,Died
5240,Transfer
5241,Transfer
5242,Transfer
5243,Euthanasia
5244,Died
5245,Transfer
5246,Adoption
5247,Died
5248,Transfer
5249,Transfer
5250,Died
5251,Adoption
5252,Adoption
5253,Adoption
5254,Adoption
5255,Transfer
5256,Euthanasia
5257,Adoption
5258,Transfer
5259,Died
5260,Euthanasia
5261,Adoption
5262,Adoption
5263,Adoption
5264,Died
5265,Adoption
5266,Transfer
5267,Transfer
5268,Adoption
5269,Adoption
5270,Transfer
5271,Transfer
5272,Died
5273,Transfer
5274,Died
5275,Adoption
5276,Return to Owner
5277,Transfer
5278,Transfer
5279,Died
5280,Transfer
5281,Adoption
5282,Transfer
5283,Transfer
5284,Transfer
5285,Died
5286,Transfer
5287,Adoption
5288,Transfer
5289,Died
5290,Died
5291,Adoption
5292,Died
5293,Transfer
5294,Adoption
5295,Return to Owner
5296,Adoption
5297,Died
5298,Adoption
5299,Transfer
5300,Transfer
5301,Transfer
5302,Transfer
5303,Transfer
5304,Euthanasia
5305,Adoption
5306,Adoption
5307,Died
5308,Transfer
5309,Transfer
5310,Transfer
5311,Transfer
5312,Adoption
5313,Return to Owner
5314,Transfer
5315,Adoption
5316,Died
5317,Transfer
5318,Died
5319,Died
5320,Transfer
5321,Transfer
5322,Euthanasia
5323,Transfer
5324,Adoption
5325,Adoption
5326,Adoption
5327,Return to Owner
5328,Adoption
5329,Adoption
5330,Died
5331,Died
5332,Died
5333,Adoption
5334,Transfer
5335,Died
5336,Adoption
5337,Transfer
5338,Died
5339,Transfer
5340,Transfer
5341,Transfer
5342,Adoption
5343,Transfer
5344,Adoption
5345,Transfer
5346,Died
5347,Adoption
5348,Euthanasia
5349,Adoption
5350,Euthanasia
5351,Died
5352,Adoption
5353,Adoption
5354,Died
5355,Transfer
5356,Adoption
5357,Adoption
5358,Return to Owner
5359,Died
5360,Euthanasia
5361,Adoption
5362,Euthanasia
5363,Transfer
5364,Transfer
5365,Adoption
5366,Transfer
5367,Transfer
5368,Transfer
5369,Adoption
5370,Adoption
5371,Adoption
5372,Died
5373,Adoption
5374,Died
5375,Return to Owner
5376,Adoption
5377,Adoption
5378,Transfer
5379,Transfer
5380,Return to Owner
5381,Adoption
5382,Transfer
5383,Adoption
5384,Adoption
5385,Adoption
5386,Died
5387,Adoption
5388,Adoption
5389,Adoption
5390,Transfer
5391,Adoption
5392,Transfer
5393,Transfer
5394,Adoption
5395,Adoption
5396,Died
5397,Transfer
5398,Euthanasia
5399,Adoption
5400,Adoption
5401,Return to Owner
5402,Died
5403,Transfer
5404,Transfer
5405,Adoption
5406,Died
5407,Adoption
5408,Died
5409,Died
5410,Adoption
5411,Transfer
5412,Adoption
5413,Adoption
5414,Transfer
5415,Adoption
5416,Transfer
5417,Transfer
5418,Transfer
5419,Transfer
5420,Adoption
5421,Transfer
5422,Adoption
5423,Euthanasia
5424,Died
5425,Adoption
5426,Transfer
5427,Died
5428,Transfer
5429,Adoption
5430,Died
5431,Adoption
5432,Transfer
5433,Adoption
5434,Adoption
5435,Adoption
5436,Transfer
5437,Transfer
5438,Transfer
5439,Return to Owner
5440,Adoption
5441,Transfer
5442,Died
5443,Transfer
5444,Died
5445,Died
5446,Transfer
5447,Adoption
5448,Adoption
5449,Transfer
5450,Died
5451,Adoption
5452,Adoption
5453,Adoption
5454,Euthanasia
5455,Transfer
5456,Adoption
5457,Transfer
5458,Adoption
5459,Transfer
5460,Transfer
5461,Died
5462,Adoption
5463,Adoption
5464,Transfer
5465,Adoption
5466,Adoption
5467,Adoption
5468,Died
5469,Transfer
5470,Transfer
5471,Adoption
5472,Transfer
5473,Adoption
5474,Adoption
5475,Return to Owner
5476,Adoption
5477,Transfer
5478,Transfer
5479,Transfer
5480,Died
5481,Adoption
5482,Adoption
5483,Return to Owner
5484,Died
5485,Adoption
5486,Transfer
5487,Transfer
5488,Died
5489,Adoption
5490,Adoption
5491,Adoption
5492,Transfer
5493,Transfer
5494,Euthanasia
5495,Transfer
5496,Died
5497,Adoption
5498,Euthanasia
5499,Adoption
5500,Adoption
5501,Transfer
5502,Return to Owner
5503,Adoption
5504,Adoption
5505,Adoption
5506,Transfer
5507,Died
5508,Adoption
5509,Adoption
5510,Return to Owner
5511,Transfer
5512,Died
5513,Adoption
5514,Transfer
5515,Died
5516,Adoption
5517,Died
5518,Adoption
5519,Died
5520,Adoption
5521,Adoption
5522,Adoption
5523,Died
5524,Transfer
5525,Died
5526,Transfer
5527,Adoption
5528,Euthanasia
5529,Transfer
5530,Transfer
5531,Adoption
5532,Transfer
5533,Adoption
5534,Adoption
5535,Died
5536,Adoption
5537,Died
5538,Return to Owner
5539,Transfer
5540,Transfer
5541,Euthanasia
5542,Transfer
5543,Adoption
5544,Adoption
5545,Died
5546,Transfer
5547,Transfer
5548,Adoption
5549,Adoption
5550,Adoption
5551,Euthanasia
5552,Transfer
5553,Adoption
5554,Adoption
5555,Adoption
5556,Transfer
5557,Transfer
5558,Transfer
5559,Adoption
5560,Adoption
5561,Adoption
5562,Transfer
5563,Adoption
5564,Died
5565,Adoption
5566,Died
5567,Transfer
5568,Died
5569,Euthanasia
5570,Adoption
5571,Adoption
5572,Adoption
5573,Died
5574,Transfer
5575,Died
5576,Euthanasia
5577,Died
5578,Died
5579,Transfer
5580,Return to Owner
5581,Adoption
5582,Adoption
5583,Died
5584,Transfer
5585,Adoption
5586,Adoption
5587,Adoption
5588,Adoption
5589,Adoption
5590,Euthanasia
5591,Died
5592,Adoption
5593,Died
5594,Transfer
5595,Adoption
5596,Transfer
5597,Transfer
5598,Adoption
5599,Transfer
5600,Adoption
5601,Transfer
5602,Adoption
5603,Died
5604,Adoption
5605,Transfer
5606,Adoption
5607,Adoption
5608,Adoption
5609,Transfer
5610,Return to Owner
5611,Adoption
5612,Transfer
5613,Return to Owner
5614,Transfer
5615,Adoption
5616,Died
5617,Adoption
5618,Transfer
5619,Adoption
5620,Transfer
5621,Adoption
5622,Adoption
5623,Died
5624,Adoption
5625,Adoption
5626,Adoption
5627,Euthanasia
5628,Adoption
5629,Died
5630,Transfer
5631,Adoption
5632,Transfer
5633,Adoption
5634,Adoption
5635,Transfer
5636,Died
5637,Adoption
5638,Adoption
5639,Transfer
5640,Died
5641,Died
5642,Transfer
5643,Transfer
5644,Adoption
5645,Adoption
5646,Adoption
5647,Adoption
5648,Transfer
5649,Died
5650,Transfer
5651,Died
5652,Transfer
5653,Adoption
5654,Died
5655,Return to Owner
5656,Adoption
5657,Transfer
5658,Return to Owner
5659,Transfer
5660,Transfer
5661,Died
5662,Return to Owner
5663,Transfer
5664,Transfer
5665,Transfer
5666,Euthanasia
5667,Adoption
5668,Adoption
5669,Transfer
5670,Euthanasia
5671,Died
5672,Transfer
5673,Died
5674,Adoption
5675,Adoption
5676,Euthanasia
5677,Adoption
5678,Transfer
5679,Return to Owner
5680,Adoption
5681,Died
5682,Transfer
5683,Transfer
5684,Adoption
5685,Died
5686,Adoption
5687,Adoption
5688,Adoption
5689,Adoption
5690,Adoption
5691,Adoption
5692,Adoption
5693,Adoption
5694,Adoption
5695,Transfer
5696,Transfer
5697,Adoption
5698,Transfer
5699,Adoption
5700,Return to Owner
5701,Transfer
5702,Transfer
5703,Transfer
5704,Return to Owner
5705,Adoption
5706,Adoption
5707,Transfer
5708,Adoption
5709,Euthanasia
5710,Adoption
5711,Transfer
5712,Transfer
5713,Died
5714,Adoption
5715,Adoption
5716,Adoption
5717,Adoption
5718,Euthanasia
5719,Adoption
5720,Adoption
5721,Transfer
5722,Died
5723,Died
5724,Died
5725,Transfer
5726,Died
5727,Died
5728,Adoption
5729,Died
5730,Transfer
5731,Adoption
5732,Transfer
5733,Died
5734,Died
5735,Adoption
5736,Adoption
5737,Euthanasia
5738,Transfer
5739,Died
5740,Return to Owner
5741,Adoption
5742,Transfer
5743,Died
5744,Adoption
5745,Transfer
5746,Adoption
5747,Euthanasia
5748,Transfer
5749,Died
5750,Adoption
5751,Adoption
5752,Transfer
5753,Adoption
5754,Transfer
5755,Adoption
5756,Adoption
5757,Return to Owner
5758,Transfer
5759,Adoption
5760,Adoption
5761,Adoption
5762,Adoption
5763,Adoption
5764,Died
5765,Adoption
5766,Died
5767,Euthanasia
5768,Adoption
5769,Adoption
5770,Adoption
5771,Adoption
5772,Transfer
5773,Euthanasia
5774,Transfer
5775,Died
5776,Adoption
5777,Adoption
5778,Transfer
5779,Adoption
5780,Adoption
5781,Died
5782,Euthanasia
5783,Adoption
5784,Died
5785,Adoption
5786,Died
5787,Transfer
5788,Died
5789,Adoption
5790,Died
5791,Adoption
5792,Transfer
5793,Adoption
5794,Adoption
5795,Adoption
5796,Adoption
5797,Adoption
5798,Died
5799,Died
5800,Transfer
5801,Transfer
5802,Died
5803,Transfer
5804,Transfer
5805,Adoption
5806,Died
5807,Return to Owner
5808,Return to Owner
5809,Transfer
5810,Adoption
5811,Died
5812,Adoption
5813,Transfer
5814,Euthanasia
5815,Adoption
5816,Transfer
5817,Adoption
5818,Died
5819,Transfer
5820,Died
5821,Adoption
5822,Died
5823,Adoption
5824,Transfer
5825,Died
5826,Euthanasia
5827,Adoption
5828,Euthanasia
5829,Transfer
5830,Died
5831,Transfer
5832,Transfer
5833,Euthanasia
5834,Transfer
5835,Adoption
5836,Transfer
5837,Transfer
5838,Transfer
5839,Adoption
5840,Adoption
5841,Adoption
5842,Adoption
5843,Adoption
5844,Transfer
5845,Transfer
5846,Euthanasia
5847,Died
5848,Transfer
5849,Transfer
5850,Adoption
5851,Transfer
5852,Adoption
5853,Adoption
5854,Transfer
5855,Adoption
5856,Return to Owner
5857,Adoption
5858,Adoption
5859,Adoption
5860,Transfer
5861,Adoption
5862,Transfer
5863,Adoption
5864,Return to Owner
5865,Died
5866,Transfer
5867,Adoption
5868,Adoption
5869,Transfer
5870,Adoption
5871,Transfer
5872,Transfer
5873,Transfer
5874,Adoption
5875,Adoption
5876,Died
5877,Transfer
5878,Died
5879,Transfer
5880,Adoption
5881,Return to Owner
5882,Transfer
5883,Adoption
5884,Transfer
5885,Transfer
5886,Return to Owner
5887,Return to Owner
5888,Transfer
5889,Adoption
5890,Transfer
5891,Adoption
5892,Transfer
5893,Return to Owner
5894,Adoption
5895,Died
5896,Adoption
5897,Died
5898,Transfer
5899,Adoption
5900,Transfer
5901,Euthanasia
5902,Died
5903,Adoption
5904,Died
5905,Transfer
5906,Transfer
5907,Transfer
5908,Transfer
5909,Adoption
5910,Transfer
5911,Return to Owner
5912,Transfer
5913,Adoption
5914,Adoption
5915,Transfer
5916,Adoption
5917,Transfer
5918,Transfer
5919,Return to Owner
5920,Adoption
5921,Transfer
5922,Return to Owner
5923,Adoption
5924,Adoption
5925,Transfer
5926,Transfer
5927,Adoption
5928,Transfer
5929,Transfer
5930,Return to Owner
5931,Adoption
5932,Return to Owner
5933,Transfer
5934,Adoption
5935,Died
5936,Adoption
5937,Adoption
5938,Transfer
5939,Transfer
5940,Transfer
5941,Adoption
5942,Euthanasia
5943,Adoption
5944,Died
5945,Adoption
5946,Died
5947,Adoption
5948,Adoption
5949,Adoption
5950,Transfer
5951,Died
5952,Transfer
5953,Died
5954,Died
5955,Transfer
5956,Adoption
5957,Adoption
5958,Transfer
5959,Adoption
5960,Died
5961,Adoption
5962,Euthanasia
5963,Transfer
5964,Adoption
5965,Transfer
5966,Transfer
5967,Adoption
5968,Adoption
5969,Adoption
5970,Transfer
5971,Euthanasia
5972,Euthanasia
5973,Adoption
5974,Transfer
5975,Adoption
5976,Return to Owner
5977,Transfer
5978,Adoption
5979,Transfer
5980,Transfer
5981,Adoption
5982,Adoption
5983,Transfer
5984,Adoption
5985,Euthanasia
5986,Adoption
5987,Adoption
5988,Transfer
5989,Return to Owner
5990,Adoption
5991,Died
5992,Adoption
5993,Euthanasia
5994,Adoption
5995,Died
5996,Transfer
5997,Adoption
5998,Adoption
5999,Transfer
6000,Adoption
6001,Transfer
6002,Adoption
6003,Transfer
6004,Died
6005,Adoption
6006,Died
6007,Adoption
6008,Died
6009,Adoption
6010,Adoption
6011,Transfer
6012,Died
6013,Died
6014,Adoption
6015,Died
6016,Transfer
6017,Adoption
6018,Transfer
6019,Adoption
6020,Died
6021,Adoption
6022,Transfer
6023,Transfer
6024,Adoption
6025,Adoption
6026,Euthanasia
6027,Adoption
6028,Died
6029,Adoption
6030,Return to Owner
6031,Transfer
6032,Died
6033,Transfer
6034,Transfer
6035,Adoption
6036,Transfer
6037,Transfer
6038,Died
6039,Adoption
6040,Died
6041,Adoption
6042,Transfer
6043,Adoption
6044,Transfer
6045,Adoption
6046,Transfer
6047,Return to Owner
6048,Transfer
6049,Transfer
6050,Died
6051,Adoption
6052,Died
6053,Adoption
6054,Transfer
6055,Adoption
6056,Euthanasia
6057,Transfer
6058,Transfer
6059,Transfer
6060,Died
6061,Adoption
6062,Transfer
6063,Transfer
6064,Died
6065,Adoption
6066,Died
6067,Transfer
6068,Transfer
6069,Died
6070,Adoption
6071,Transfer
6072,Adoption
6073,Adoption
6074,Transfer
6075,Transfer
6076,Euthanasia
6077,Transfer
6078,Transfer
6079,Adoption
6080,Transfer
6081,Transfer
6082,Adoption
6083,Died
6084,Adoption
6085,Adoption
6086,Adoption
6087,Transfer
6088,Adoption
6089,Adoption
6090,Died
6091,Adoption
6092,Adoption
6093,Transfer
6094,Adoption
6095,Transfer
6096,Died
6097,Transfer
6098,Transfer
6099,Adoption
6100,Adoption
6101,Return to Owner
6102,Transfer
6103,Transfer
6104,Died
6105,Died
6106,Adoption
6107,Euthanasia
6108,Transfer
6109,Adoption
6110,Adoption
6111,Adoption
6112,Adoption
6113,Adoption
6114,Transfer
6115,Adoption
6116,Adoption
6117,Died
6118,Died
6119,Return to Owner
6120,Died
6121,Transfer
6122,Adoption
6123,Adoption
6124,Adoption
6125,Euthanasia
6126,Transfer
6127,Adoption
6128,Transfer
6129,Return to Owner
6130,Died
6131,Died
6132,Euthanasia
6133,Adoption
6134,Adoption
6135,Transfer
6136,Adoption
6137,Return to Owner
6138,Adoption
6139,Adoption
6140,Transfer
6141,Adoption
6142,Adoption
6143,Transfer
6144,Adoption
6145,Transfer
6146,Transfer
6147,Transfer
6148,Adoption
6149,Transfer
6150,Died
6151,Adoption
6152,Adoption
6153,Transfer
6154,Transfer
6155,Transfer
6156,Adoption
6157,Adoption
6158,Adoption
6159,Transfer
6160,Transfer
6161,Died
6162,Died
6163,Died
6164,Adoption
6165,Died
6166,Died
6167,Transfer
6168,Died
6169,Died
6170,Died
6171,Transfer
6172,Died
6173,Transfer
6174,Died
6175,Adoption
6176,Adoption
6177,Died
6178,Return to Owner
6179,Transfer
6180,Adoption
6181,Adoption
6182,Adoption
6183,Adoption
6184,Return to Owner
6185,Transfer
6186,Adoption
6187,Euthanasia
6188,Died
6189,Died
6190,Adoption
6191,Adoption
6192,Died
6193,Died
6194,Died
6195,Adoption
6196,Died
6197,Adoption
6198,Transfer
6199,Died
6200,Died
6201,Adoption
6202,Died
6203,Transfer
6204,Died
6205,Adoption
6206,Died
6207,Adoption
6208,Adoption
6209,Return to Owner
6210,Died
6211,Transfer
6212,Return to Owner
6213,Transfer
6214,Adoption
6215,Transfer
6216,Transfer
6217,Transfer
6218,Transfer
6219,Died
6220,Transfer
6221,Transfer
6222,Transfer
6223,Adoption
6224,Transfer
6225,Died
6226,Transfer
6227,Transfer
6228,Adoption
6229,Died
6230,Adoption
6231,Transfer
6232,Transfer
6233,Died
6234,Adoption
6235,Adoption
6236,Adoption
6237,Died
6238,Euthanasia
6239,Adoption
6240,Euthanasia
6241,Died
6242,Transfer
6243,Adoption
6244,Adoption
6245,Return to Owner
6246,Died
6247,Euthanasia
6248,Died
6249,Transfer
6250,Transfer
6251,Transfer
6252,Transfer
6253,Transfer
6254,Transfer
6255,Died
6256,Transfer
6257,Adoption
6258,Transfer
6259,Transfer
6260,Died
6261,Adoption
6262,Transfer
6263,Adoption
6264,Transfer
6265,Adoption
6266,Transfer
6267,Transfer
6268,Return to Owner
6269,Died
6270,Return to Owner
6271,Adoption
6272,Adoption
6273,Died
6274,Euthanasia
6275,Adoption
6276,Transfer
6277,Transfer
6278,Adoption
6279,Died
6280,Adoption
6281,Died
6282,Adoption
6283,Euthanasia
6284,Died
6285,Died
6286,Transfer
6287,Adoption
6288,Adoption
6289,Adoption
6290,Transfer
6291,Died
6292,Adoption
6293,Transfer
6294,Euthanasia
6295,Adoption
6296,Died
6297,Died
6298,Transfer
6299,Transfer
6300,Transfer
6301,Transfer
6302,Transfer
6303,Euthanasia
6304,Died
6305,Died
6306,Adoption
6307,Euthanasia
6308,Adoption
6309,Adoption
6310,Transfer
6311,Adoption
6312,Transfer
6313,Adoption
6314,Transfer
6315,Transfer
6316,Adoption
6317,Transfer
6318,Adoption
6319,Died
6320,Transfer
6321,Transfer
6322,Transfer
6323,Adoption
6324,Died
6325,Transfer
6326,Transfer
6327,Adoption
6328,Transfer
6329,Return to Owner
6330,Transfer
6331,Adoption
6332,Adoption
6333,Died
6334,Transfer
6335,Adoption
6336,Died
6337,Adoption
6338,Transfer
6339,Adoption
6340,Adoption
6341,Adoption
6342,Adoption
6343,Transfer
6344,Died
6345,Adoption
6346,Transfer
6347,Adoption
6348,Adoption
6349,Transfer
6350,Return to Owner
6351,Died
6352,Euthanasia
6353,Return to Owner
6354,Adoption
6355,Adoption
6356,Died
6357,Adoption
6358,Transfer
6359,Adoption
6360,Transfer
6361,Transfer
6362,Adoption
6363,Transfer
6364,Died
6365,Adoption
6366,Transfer
6367,Adoption
6368,Died
6369,Transfer
6370,Adoption
6371,Adoption
6372,Transfer
6373,Adoption
6374,Transfer
6375,Adoption
6376,Adoption
6377,Died
6378,Transfer
6379,Adoption
6380,Euthanasia
6381,Transfer
6382,Transfer
6383,Transfer
6384,Adoption
6385,Transfer
6386,Adoption
6387,Adoption
6388,Died
6389,Return to Owner
6390,Adoption
6391,Died
6392,Adoption
6393,Adoption
6394,Return to Owner
6395,Adoption
6396,Died
6397,Adoption
6398,Died
6399,Euthanasia
6400,Adoption
6401,Adoption
6402,Transfer
6403,Transfer
6404,Died
6405,Transfer
6406,Adoption
6407,Died
6408,Transfer
6409,Adoption
6410,Died
6411,Died
6412,Adoption
6413,Euthanasia
6414,Adoption
6415,Transfer
6416,Died
6417,Transfer
6418,Died
6419,Adoption
6420,Euthanasia
6421,Died
6422,Adoption
6423,Transfer
6424,Died
6425,Adoption
6426,Transfer
6427,Transfer
6428,Adoption
6429,Transfer
6430,Transfer
6431,Transfer
6432,Adoption
6433,Euthanasia
6434,Transfer
6435,Adoption
6436,Adoption
6437,Adoption
6438,Died
6439,Adoption
6440,Transfer
6441,Died
6442,Transfer
6443,Transfer
6444,Died
6445,Died
6446,Transfer
6447,Transfer
6448,Transfer
6449,Transfer
6450,Transfer
6451,Adoption
6452,Adoption
6453,Transfer
6454,Adoption
6455,Adoption
6456,Adoption
6457,Died
6458,Transfer
6459,Transfer
6460,Euthanasia
6461,Transfer
6462,Transfer
6463,Adoption
6464,Transfer
6465,Adoption
6466,Adoption
6467,Euthanasia
6468,Transfer
6469,Transfer
6470,Adoption
6471,Transfer
6472,Died
6473,Return to Owner
6474,Died
6475,Transfer
6476,Adoption
6477,Adoption
6478,Transfer
6479,Adoption
6480,Adoption
6481,Died
6482,Transfer
6483,Transfer
6484,Transfer
6485,Died
6486,Transfer
6487,Adoption
6488,Transfer
6489,Transfer
6490,Adoption
6491,Adoption
6492,Died
6493,Died
6494,Died
6495,Adoption
6496,Transfer
6497,Adoption
6498,Adoption
6499,Adoption
6500,Transfer
6501,Died
6502,Died
6503,Died
6504,Died
6505,Adoption
6506,Adoption
6507,Adoption
6508,Transfer
6509,Transfer
6510,Transfer
6511,Adoption
6512,Transfer
6513,Return to Owner
6514,Adoption
6515,Adoption
6516,Adoption
6517,Transfer
6518,Return to Owner
6519,Died
6520,Died
6521,Adoption
6522,Adoption
6523,Adoption
6524,Adoption
6525,Died
6526,Adoption
6527,Died
6528,Adoption
6529,Adoption
6530,Adoption
6531,Adoption
6532,Transfer
6533,Adoption
6534,Transfer
6535,Transfer
6536,Transfer
6537,Transfer
6538,Adoption
6539,Adoption
6540,Transfer
6541,Transfer
6542,Transfer
6543,Transfer
6544,Adoption
6545,Adoption
6546,Adoption
6547,Transfer
6548,Adoption
6549,Transfer
6550,Adoption
6551,Died
6552,Died
6553,Transfer
6554,Transfer
6555,Adoption
6556,Adoption
6557,Adoption
6558,Transfer
6559,Died
6560,Adoption
6561,Died
6562,Transfer
6563,Transfer
6564,Adoption
6565,Adoption
6566,Adoption
6567,Return to Owner
6568,Adoption
6569,Died
6570,Died
6571,Transfer
6572,Adoption
6573,Adoption
6574,Died
6575,Euthanasia
6576,Died
6577,Transfer
6578,Died
6579,Transfer
6580,Died
6581,Transfer
6582,Transfer
6583,Died
6584,Adoption
6585,Died
6586,Adoption
6587,Died
6588,Adoption
6589,Transfer
6590,Adoption
6591,Transfer
6592,Transfer
6593,Adoption
6594,Transfer
6595,Return to Owner
6596,Adoption
6597,Transfer
6598,Transfer
6599,Euthanasia
6600,Transfer
6601,Adoption
6602,Adoption
6603,Return to Owner
6604,Transfer
6605,Adoption
6606,Return to Owner
6607,Adoption
6608,Transfer
6609,Transfer
6610,Adoption
6611,Adoption
6612,Euthanasia
6613,Transfer
6614,Adoption
6615,Adoption
6616,Transfer
6617,Adoption
6618,Adoption
6619,Transfer
6620,Adoption
6621,Died
6622,Transfer
6623,Adoption
6624,Euthanasia
6625,Transfer
6626,Transfer
6627,Adoption
6628,Died
6629,Transfer
6630,Transfer
6631,Died
6632,Adoption
6633,Adoption
6634,Adoption
6635,Adoption
6636,Transfer
6637,Adoption
6638,Died
6639,Adoption
6640,Transfer
6641,Adoption
6642,Transfer
6643,Transfer
6644,Died
6645,Transfer
6646,Adoption
6647,Transfer
6648,Adoption
6649,Transfer
6650,Adoption
6651,Died
6652,Transfer
6653,Adoption
6654,Transfer
6655,Transfer
6656,Adoption
6657,Adoption
6658,Died
6659,Transfer
6660,Adoption
6661,Died
6662,Died
6663,Adoption
6664,Adoption
6665,Euthanasia
6666,Died
6667,Adoption
6668,Adoption
6669,Adoption
6670,Transfer
6671,Adoption
6672,Adoption
6673,Transfer
6674,Adoption
6675,Transfer
6676,Adoption
6677,Adoption
6678,Adoption
6679,Transfer
6680,Adoption
6681,Adoption
6682,Died
6683,Euthanasia
6684,Died
6685,Adoption
6686,Transfer
6687,Adoption
6688,Transfer
6689,Euthanasia
6690,Transfer
6691,Adoption
6692,Adoption
6693,Transfer
6694,Adoption
6695,Adoption
6696,Adoption
6697,Transfer
6698,Transfer
6699,Transfer
6700,Transfer
6701,Adoption
6702,Transfer
6703,Transfer
6704,Euthanasia
6705,Adoption
6706,Adoption
6707,Adoption
6708,Died
6709,Adoption
6710,Transfer
6711,Transfer
6712,Adoption
6713,Transfer
6714,Died
6715,Adoption
6716,Adoption
6717,Adoption
6718,Transfer
6719,Transfer
6720,Return to Owner
6721,Died
6722,Adoption
6723,Transfer
6724,Adoption
6725,Died
6726,Transfer
6727,Adoption
6728,Transfer
6729,Adoption
6730,Died
6731,Adoption
6732,Adoption
6733,Transfer
6734,Died
6735,Euthanasia
6736,Adoption
6737,Adoption
6738,Adoption
6739,Adoption
6740,Return to Owner
6741,Adoption
6742,Transfer
6743,Adoption
6744,Adoption
6745,Adoption
6746,Return to Owner
6747,Adoption
6748,Transfer
6749,Adoption
6750,Adoption
6751,Adoption
6752,Died
6753,Transfer
6754,Adoption
6755,Adoption
6756,Adoption
6757,Transfer
6758,Adoption
6759,Died
6760,Adoption
6761,Euthanasia
6762,Adoption
6763,Died
6764,Euthanasia
6765,Transfer
6766,Return to Owner
6767,Adoption
6768,Transfer
6769,Transfer
6770,Return to Owner
6771,Transfer
6772,Died
6773,Transfer
6774,Adoption
6775,Transfer
6776,Adoption
6777,Died
6778,Adoption
6779,Adoption
6780,Transfer
6781,Died
6782,Died
6783,Transfer
6784,Adoption
6785,Euthanasia
6786,Adoption
6787,Transfer
6788,Transfer
6789,Transfer
6790,Adoption
6791,Died
6792,Adoption
6793,Adoption
6794,Transfer
6795,Transfer
6796,Adoption
6797,Adoption
6798,Transfer
6799,Transfer
6800,Died
6801,Adoption
6802,Transfer
6803,Adoption
6804,Adoption
6805,Adoption
6806,Died
6807,Transfer
6808,Transfer
6809,Adoption
6810,Transfer
6811,Died
6812,Transfer
6813,Adoption
6814,Adoption
6815,Transfer
6816,Died
6817,Adoption
6818,Died
6819,Adoption
6820,Died
6821,Transfer
6822,Adoption
6823,Transfer
6824,Adoption
6825,Adoption
6826,Return to Owner
6827,Transfer
6828,Died
6829,Died
6830,Adoption
6831,Transfer
6832,Transfer
6833,Adoption
6834,Died
6835,Died
6836,Adoption
6837,Adoption
6838,Died
6839,Adoption
6840,Return to Owner
6841,Adoption
6842,Adoption
6843,Died
6844,Euthanasia
6845,Adoption
6846,Adoption
6847,Died
6848,Died
6849,Died
6850,Died
6851,Died
6852,Euthanasia
6853,Adoption
6854,Transfer
6855,Died
6856,Adoption
6857,Transfer
6858,Adoption
6859,Transfer
6860,Adoption
6861,Adoption
6862,Transfer
6863,Died
6864,Transfer
6865,Adoption
6866,Transfer
6867,Transfer
6868,Adoption
6869,Died
6870,Transfer
6871,Died
6872,Died
6873,Transfer
6874,Died
6875,Transfer
6876,Transfer
6877,Adoption
6878,Transfer
6879,Adoption
6880,Adoption
6881,Adoption
6882,Transfer
6883,Transfer
6884,Adoption
6885,Adoption
6886,Died
6887,Adoption
6888,Adoption
6889,Transfer
6890,Died
6891,Died
6892,Died
6893,Transfer
6894,Adoption
6895,Adoption
6896,Transfer
6897,Adoption
6898,Adoption
6899,Transfer
6900,Adoption
6901,Transfer
6902,Transfer
6903,Adoption
6904,Adoption
6905,Adoption
6906,Died
6907,Adoption
6908,Died
6909,Adoption
6910,Transfer
6911,Return to Owner
6912,Adoption
6913,Adoption
6914,Transfer
6915,Adoption
6916,Transfer
6917,Adoption
6918,Adoption
6919,Return to Owner
6920,Transfer
6921,Transfer
6922,Adoption
6923,Transfer
6924,Adoption
6925,Transfer
6926,Adoption
6927,Transfer
6928,Transfer
6929,Return to Owner
6930,Transfer
6931,Return to Owner
6932,Transfer
6933,Transfer
6934,Adoption
6935,Adoption
6936,Died
6937,Adoption
6938,Died
6939,Transfer
6940,Adoption
6941,Transfer
6942,Transfer
6943,Euthanasia
6944,Adoption
6945,Transfer
6946,Died
6947,Transfer
6948,Transfer
6949,Transfer
6950,Adoption
6951,Transfer
6952,Adoption
6953,Euthanasia
6954,Died
6955,Died
6956,Died
6957,Adoption
6958,Adoption
6959,Transfer
6960,Adoption
6961,Return to Owner
6962,Adoption
6963,Transfer
6964,Euthanasia
6965,Adoption
6966,Died
6967,Adoption
6968,Adoption
6969,Died
6970,Transfer
6971,Adoption
6972,Transfer
6973,Adoption
6974,Euthanasia
6975,Adoption
6976,Return to Owner
6977,Adoption
6978,Transfer
6979,Transfer
6980,Adoption
6981,Adoption
6982,Adoption
6983,Transfer
6984,Died
6985,Transfer
6986,Adoption
6987,Transfer
6988,Adoption
6989,Adoption
6990,Transfer
6991,Transfer
6992,Died
6993,Adoption
6994,Adoption
6995,Adoption
6996,Transfer
6997,Adoption
6998,Adoption
6999,Transfer
7000,Transfer
7001,Transfer
7002,Return to Owner
7003,Adoption
7004,Adoption
7005,Transfer
7006,Adoption
7007,Adoption
7008,Adoption
7009,Transfer
7010,Transfer
7011,Adoption
7012,Euthanasia
7013,Euthanasia
7014,Transfer
7015,Transfer
7016,Return to Owner
7017,Adoption
7018,Transfer
7019,Adoption
7020,Transfer
7021,Died
7022,Transfer
7023,Transfer
7024,Transfer
7025,Died
7026,Adoption
7027,Adoption
7028,Adoption
7029,Euthanasia
7030,Transfer
7031,Transfer
7032,Adoption
7033,Transfer
7034,Adoption
7035,Adoption
7036,Adoption
7037,Transfer
7038,Adoption
7039,Died
7040,Euthanasia
7041,Adoption
7042,Adoption
7043,Adoption
7044,Euthanasia
7045,Euthanasia
7046,Transfer
7047,Adoption
7048,Transfer
7049,Adoption
7050,Transfer
7051,Transfer
7052,Adoption
7053,Transfer
7054,Return to Owner
7055,Euthanasia
7056,Adoption
7057,Died
7058,Died
7059,Euthanasia
7060,Adoption
7061,Adoption
7062,Adoption
7063,Died
7064,Transfer
7065,Transfer
7066,Transfer
7067,Died
7068,Died
7069,Adoption
7070,Euthanasia
7071,Adoption
7072,Adoption
7073,Transfer
7074,Adoption
7075,Died
7076,Died
7077,Died
7078,Adoption
7079,Died
7080,Adoption
7081,Transfer
7082,Transfer
7083,Adoption
7084,Transfer
7085,Transfer
7086,Transfer
7087,Adoption
7088,Transfer
7089,Adoption
7090,Transfer
7091,Died
7092,Adoption
7093,Adoption
7094,Transfer
7095,Adoption
7096,Transfer
7097,Adoption
7098,Transfer
7099,Adoption
7100,Adoption
7101,Adoption
7102,Adoption
7103,Died
7104,Adoption
7105,Adoption
7106,Adoption
7107,Adoption
7108,Died
7109,Transfer
7110,Adoption
7111,Adoption
7112,Died
7113,Transfer
7114,Transfer
7115,Adoption
7116,Transfer
7117,Died
7118,Adoption
7119,Died
7120,Adoption
7121,Adoption
7122,Adoption
7123,Transfer
7124,Died
7125,Died
7126,Adoption
7127,Euthanasia
7128,Adoption
7129,Transfer
7130,Transfer
7131,Adoption
7132,Died
7133,Adoption
7134,Adoption
7135,Adoption
7136,Transfer
7137,Died
7138,Transfer
7139,Died
7140,Transfer
7141,Adoption
7142,Transfer
7143,Adoption
7144,Transfer
7145,Transfer
7146,Adoption
7147,Transfer
7148,Transfer
7149,Euthanasia
7150,Adoption
7151,Transfer
7152,Adoption
7153,Transfer
7154,Transfer
7155,Died
7156,Died
7157,Euthanasia
7158,Adoption
7159,Adoption
7160,Transfer
7161,Died
7162,Adoption
7163,Adoption
7164,Adoption
7165,Transfer
7166,Transfer
7167,Died
7168,Adoption
7169,Transfer
7170,Adoption
7171,Return to Owner
7172,Euthanasia
7173,Adoption
7174,Adoption
7175,Adoption
7176,Transfer
7177,Euthanasia
7178,Transfer
7179,Euthanasia
7180,Return to Owner
7181,Transfer
7182,Adoption
7183,Adoption
7184,Transfer
7185,Adoption
7186,Transfer
7187,Adoption
7188,Died
7189,Adoption
7190,Adoption
7191,Adoption
7192,Transfer
7193,Died
7194,Transfer
7195,Adoption
7196,Adoption
7197,Adoption
7198,Died
7199,Euthanasia
7200,Adoption
7201,Adoption
7202,Adoption
7203,Transfer
7204,Adoption
7205,Adoption
7206,Died
7207,Adoption
7208,Transfer
7209,Transfer
7210,Died
7211,Died
7212,Euthanasia
7213,Adoption
7214,Return to Owner
7215,Transfer
7216,Died
7217,Transfer
7218,Died
7219,Died
7220,Adoption
7221,Transfer
7222,Adoption
7223,Adoption
7224,Adoption
7225,Euthanasia
7226,Transfer
7227,Return to Owner
7228,Adoption
7229,Transfer
7230,Adoption
7231,Transfer
7232,Euthanasia
7233,Adoption
7234,Adoption
7235,Transfer
7236,Transfer
7237,Adoption
7238,Transfer
7239,Adoption
7240,Adoption
7241,Return to Owner
7242,Adoption
7243,Transfer
7244,Transfer
7245,Adoption
7246,Adoption
7247,Adoption
7248,Died
7249,Transfer
7250,Adoption
7251,Adoption
7252,Died
7253,Adoption
7254,Transfer
7255,Adoption
7256,Transfer
7257,Died
7258,Adoption
7259,Euthanasia
7260,Transfer
7261,Euthanasia
7262,Transfer
7263,Adoption
7264,Adoption
7265,Died
7266,Transfer
7267,Transfer
7268,Transfer
7269,Transfer
7270,Return to Owner
7271,Died
7272,Adoption
7273,Euthanasia
7274,Died
7275,Adoption
7276,Transfer
7277,Euthanasia
7278,Adoption
7279,Died
7280,Died
7281,Died
7282,Died
7283,Died
7284,Adoption
7285,Adoption
7286,Transfer
7287,Euthanasia
7288,Adoption
7289,Adoption
7290,Adoption
7291,Adoption
7292,Adoption
7293,Transfer
7294,Adoption
7295,Transfer
7296,Adoption
7297,Adoption
7298,Transfer
7299,Transfer
7300,Adoption
7301,Euthanasia
7302,Adoption
7303,Died
7304,Died
7305,Euthanasia
7306,Transfer
7307,Transfer
7308,Transfer
7309,Died
7310,Died
7311,Adoption
7312,Transfer
7313,Adoption
7314,Transfer
7315,Transfer
7316,Transfer
7317,Adoption
7318,Transfer
7319,Return to Owner
7320,Transfer
7321,Adoption
7322,Adoption
7323,Adoption
7324,Transfer
7325,Transfer
7326,Adoption
7327,Return to Owner
7328,Adoption
7329,Euthanasia
7330,Transfer
7331,Died
7332,Adoption
7333,Transfer
7334,Transfer
7335,Transfer
7336,Died
7337,Return to Owner
7338,Transfer
7339,Died
7340,Adoption
7341,Adoption
7342,Transfer
7343,Transfer
7344,Transfer
7345,Died
7346,Adoption
7347,Euthanasia
7348,Died
7349,Died
7350,Adoption
7351,Died
7352,Adoption
7353,Adoption
7354,Died
7355,Adoption
7356,Transfer
7357,Died
7358,Died
7359,Adoption
7360,Adoption
7361,Transfer
7362,Adoption
7363,Adoption
7364,Transfer
7365,Transfer
7366,Died
7367,Transfer
7368,Adoption
7369,Adoption
7370,Adoption
7371,Adoption
7372,Adoption
7373,Transfer
7374,Adoption
7375,Adoption
7376,Adoption
7377,Transfer
7378,Died
7379,Transfer
7380,Died
7381,Adoption
7382,Transfer
7383,Transfer
7384,Adoption
7385,Transfer
7386,Died
7387,Died
7388,Died
7389,Transfer
7390,Transfer
7391,Transfer
7392,Adoption
7393,Adoption
7394,Adoption
7395,Adoption
7396,Transfer
7397,Transfer
7398,Adoption
7399,Adoption
7400,Died
7401,Adoption
7402,Died
7403,Adoption
7404,Adoption
7405,Adoption
7406,Adoption
7407,Return to Owner
7408,Transfer
7409,Transfer
7410,Adoption
7411,Adoption
7412,Adoption
7413,Transfer
7414,Adoption
7415,Euthanasia
7416,Died
7417,Adoption
7418,Adoption
7419,Adoption
7420,Died
7421,Euthanasia
7422,Died
7423,Euthanasia
7424,Transfer
7425,Adoption
7426,Transfer
7427,Died
7428,Transfer
7429,Transfer
7430,Transfer
7431,Adoption
7432,Return to Owner
7433,Adoption
7434,Transfer
7435,Died
7436,Adoption
7437,Transfer
7438,Adoption
7439,Euthanasia
7440,Died
7441,Transfer
7442,Return to Owner
7443,Died
7444,Return to Owner
7445,Transfer
7446,Died
7447,Adoption
7448,Transfer
7449,Transfer
7450,Adoption
7451,Adoption
7452,Adoption
7453,Died
7454,Return to Owner
7455,Adoption
7456,Transfer
7457,Adoption
7458,Adoption
7459,Died
7460,Transfer
7461,Adoption
7462,Died
7463,Transfer
7464,Transfer
7465,Adoption
7466,Transfer
7467,Adoption
7468,Adoption
7469,Adoption
7470,Transfer
7471,Transfer
7472,Adoption
7473,Died
7474,Transfer
7475,Adoption
7476,Adoption
7477,Died
7478,Adoption
7479,Return to Owner
7480,Adoption
7481,Adoption
7482,Adoption
7483,Transfer
7484,Transfer
7485,Adoption
7486,Transfer
7487,Died
7488,Transfer
7489,Transfer
7490,Died
7491,Euthanasia
7492,Adoption
7493,Adoption
7494,Adoption
7495,Adoption
7496,Adoption
7497,Return to Owner
7498,Adoption
7499,Transfer
7500,Adoption
7501,Adoption
7502,Died
7503,Adoption
7504,Adoption
7505,Adoption
7506,Adoption
7507,Adoption
7508,Adoption
7509,Transfer
7510,Transfer
7511,Died
7512,Died
7513,Died
7514,Died
7515,Adoption
7516,Transfer
7517,Adoption
7518,Died
7519,Died
7520,Adoption
7521,Adoption
7522,Died
7523,Euthanasia
7524,Adoption
7525,Adoption
7526,Died
7527,Transfer
7528,Adoption
7529,Adoption
7530,Adoption
7531,Died
7532,Adoption
7533,Adoption
7534,Transfer
7535,Return to Owner
7536,Died
7537,Transfer
7538,Adoption
7539,Died
7540,Transfer
7541,Adoption
7542,Adoption
7543,Died
7544,Transfer
7545,Adoption
7546,Adoption
7547,Adoption
7548,Adoption
7549,Transfer
7550,Adoption
7551,Died
7552,Transfer
7553,Died
7554,Transfer
7555,Died
7556,Adoption
7557,Adoption
7558,Adoption
7559,Euthanasia
7560,Transfer
7561,Adoption
7562,Transfer
7563,Transfer
7564,Adoption
7565,Adoption
7566,Transfer
7567,Transfer
7568,Adoption
7569,Adoption
7570,Transfer
7571,Adoption
7572,Euthanasia
7573,Died
7574,Transfer
7575,Transfer
7576,Adoption
7577,Transfer
7578,Transfer
7579,Transfer
7580,Return to Owner
7581,Adoption
7582,Died
7583,Euthanasia
7584,Died
7585,Euthanasia
7586,Transfer
7587,Transfer
7588,Died
7589,Adoption
7590,Transfer
7591,Adoption
7592,Transfer
7593,Transfer
7594,Died
7595,Euthanasia
7596,Died
7597,Died
7598,Adoption
7599,Adoption
7600,Adoption
7601,Adoption
7602,Transfer
7603,Transfer
7604,Adoption
7605,Transfer
7606,Adoption
7607,Adoption
7608,Adoption
7609,Adoption
7610,Adoption
7611,Adoption
7612,Adoption
7613,Adoption
7614,Euthanasia
7615,Adoption
7616,Transfer
7617,Transfer
7618,Died
7619,Transfer
7620,Adoption
7621,Adoption
7622,Transfer
7623,Adoption
7624,Return to Owner
7625,Adoption
7626,Died
7627,Transfer
7628,Adoption
7629,Adoption
7630,Return to Owner
7631,Adoption
7632,Transfer
7633,Transfer
7634,Adoption
7635,Adoption
7636,Adoption
7637,Return to Owner
7638,Adoption
7639,Transfer
7640,Died
7641,Died
7642,Adoption
7643,Died
7644,Adoption
7645,Adoption
7646,Adoption
7647,Transfer
7648,Adoption
7649,Adoption
7650,Adoption
7651,Transfer
7652,Transfer
7653,Return to Owner
7654,Transfer
7655,Died
7656,Adoption
7657,Transfer
7658,Adoption
7659,Transfer
7660,Transfer
7661,Died
7662,Transfer
7663,Adoption
7664,Adoption
7665,Transfer
7666,Died
7667,Adoption
7668,Return to Owner
7669,Transfer
7670,Adoption
7671,Died
7672,Transfer
7673,Return to Owner
7674,Adoption
7675,Adoption
7676,Adoption
7677,Died
7678,Adoption
7679,Transfer
7680,Adoption
7681,Adoption
7682,Transfer
7683,Died
7684,Adoption
7685,Transfer
7686,Adoption
7687,Died
7688,Adoption
7689,Euthanasia
7690,Adoption
7691,Adoption
7692,Adoption
7693,Died
7694,Transfer
7695,Euthanasia
7696,Died
7697,Euthanasia
7698,Adoption
7699,Died
7700,Died
7701,Adoption
7702,Transfer
7703,Adoption
7704,Died
7705,Adoption
7706,Died
7707,Transfer
7708,Transfer
7709,Adoption
7710,Transfer
7711,Transfer
7712,Euthanasia
7713,Transfer
7714,Adoption
7715,Adoption
7716,Adoption
7717,Died
7718,Died
7719,Died
7720,Adoption
7721,Adoption
7722,Adoption
7723,Euthanasia
7724,Transfer
7725,Adoption
7726,Transfer
7727,Adoption
7728,Died
7729,Transfer
7730,Adoption
7731,Transfer
7732,Euthanasia
7733,Transfer
7734,Died
7735,Transfer
7736,Died
7737,Adoption
7738,Adoption
7739,Died
7740,Adoption
7741,Died
7742,Adoption
7743,Transfer
7744,Died
7745,Died
7746,Transfer
7747,Transfer
7748,Adoption
7749,Adoption
7750,Adoption
7751,Adoption
7752,Euthanasia
7753,Adoption
7754,Adoption
7755,Adoption
7756,Transfer
7757,Adoption
7758,Died
7759,Adoption
7760,Adoption
7761,Adoption
7762,Transfer
7763,Adoption
7764,Transfer
7765,Adoption
7766,Euthanasia
7767,Adoption
7768,Transfer
7769,Adoption
7770,Adoption
7771,Transfer
7772,Died
7773,Adoption
7774,Transfer
7775,Adoption
7776,Transfer
7777,Died
7778,Euthanasia
7779,Adoption
7780,Return to Owner
7781,Euthanasia
7782,Adoption
7783,Adoption
7784,Adoption
7785,Adoption
7786,Adoption
7787,Transfer
7788,Transfer
7789,Transfer
7790,Adoption
7791,Euthanasia
7792,Adoption
7793,Adoption
7794,Adoption
7795,Adoption
7796,Adoption
7797,Return to Owner
7798,Died
7799,Adoption
7800,Died
7801,Adoption
7802,Transfer
7803,Adoption
7804,Transfer
7805,Adoption
7806,Transfer
7807,Adoption
7808,Adoption
7809,Adoption
7810,Transfer
7811,Return to Owner
7812,Transfer
7813,Adoption
7814,Transfer
7815,Adoption
7816,Died
7817,Adoption
7818,Died
7819,Transfer
7820,Return to Owner
7821,Euthanasia
7822,Adoption
7823,Adoption
7824,Died
7825,Adoption
7826,Died
7827,Adoption
7828,Adoption
7829,Euthanasia
7830,Adoption
7831,Died
7832,Transfer
7833,Died
7834,Died
7835,Return to Owner
7836,Adoption
7837,Adoption
7838,Adoption
7839,Transfer
7840,Adoption
7841,Return to Owner
7842,Adoption
7843,Adoption
7844,Died
7845,Return to Owner
7846,Adoption
7847,Euthanasia
7848,Return to Owner
7849,Transfer
7850,Return to Owner
7851,Adoption
7852,Return to Owner
7853,Adoption
7854,Transfer
7855,Adoption
7856,Transfer
7857,Transfer
7858,Adoption
7859,Return to Owner
7860,Adoption
7861,Transfer
7862,Died
7863,Transfer
7864,Transfer
7865,Transfer
7866,Adoption
7867,Adoption
7868,Adoption
7869,Transfer
7870,Adoption
7871,Transfer
7872,Adoption
7873,Adoption
7874,Transfer
7875,Euthanasia
7876,Died
7877,Return to Owner
7878,Adoption
7879,Transfer
7880,Transfer
7881,Died
7882,Transfer
7883,Adoption
7884,Adoption
7885,Transfer
7886,Died
7887,Adoption
7888,Transfer
7889,Adoption
7890,Adoption
7891,Adoption
7892,Died
7893,Died
7894,Adoption
7895,Adoption
7896,Transfer
7897,Adoption
7898,Euthanasia
7899,Died
7900,Adoption
7901,Transfer
7902,Transfer
7903,Adoption
7904,Adoption
7905,Adoption
7906,Adoption
7907,Euthanasia
7908,Adoption
7909,Died
7910,Return to Owner
7911,Adoption
7912,Adoption
7913,Transfer
7914,Died
7915,Transfer
7916,Died
7917,Transfer
7918,Died
7919,Died
7920,Transfer
7921,Adoption
7922,Adoption
7923,Adoption
7924,Adoption
7925,Adoption
7926,Adoption
7927,Died
7928,Died
7929,Transfer
7930,Transfer
7931,Euthanasia
7932,Adoption
7933,Adoption
7934,Euthanasia
7935,Died
7936,Adoption
7937,Transfer
7938,Transfer
7939,Adoption
7940,Euthanasia
7941,Transfer
7942,Adoption
7943,Transfer
7944,Transfer
7945,Transfer
7946,Adoption
7947,Transfer
7948,Transfer
7949,Transfer
7950,Adoption
7951,Euthanasia
7952,Transfer
7953,Adoption
7954,Died
7955,Adoption
7956,Transfer
7957,Euthanasia
7958,Adoption
7959,Died
7960,Transfer
7961,Transfer
7962,Transfer
7963,Euthanasia
7964,Adoption
7965,Adoption
7966,Died
7967,Adoption
7968,Transfer
7969,Adoption
7970,Transfer
7971,Transfer
7972,Transfer
7973,Transfer
7974,Died
7975,Transfer
7976,Died
7977,Transfer
7978,Transfer
7979,Return to Owner
7980,Adoption
7981,Died
7982,Adoption
7983,Transfer
7984,Adoption
7985,Transfer
7986,Transfer
7987,Adoption
7988,Adoption
7989,Adoption
7990,Adoption
7991,Transfer
7992,Died
7993,Adoption
7994,Adoption
7995,Adoption
7996,Transfer
7997,Euthanasia
7998,Died
7999,Adoption
8000,Transfer
8001,Adoption
8002,Transfer
8003,Adoption
8004,Adoption
8005,Died
8006,Adoption
8007,Adoption
8008,Transfer
8009,Adoption
8010,Adoption
8011,Died
8012,Adoption
8013,Adoption
8014,Transfer
8015,Adoption
8016,Transfer
8017,Transfer
8018,Return to Owner
8019,Adoption
8020,Transfer
8021,Transfer
8022,Transfer
8023,Died
8024,Transfer
8025,Adoption
8026,Died
8027,Transfer
8028,Adoption
8029,Adoption
8030,Adoption
8031,Adoption
8032,Adoption
8033,Euthanasia
8034,Adoption
8035,Adoption
8036,Transfer
8037,Died
8038,Transfer
8039,Adoption
8040,Transfer
8041,Transfer
8042,Died
8043,Died
8044,Transfer
8045,Return to Owner
8046,Died
8047,Adoption
8048,Transfer
8049,Adoption
8050,Return to Owner
8051,Adoption
8052,Died
8053,Adoption
8054,Transfer
8055,Died
8056,Transfer
8057,Transfer
8058,Adoption
8059,Adoption
8060,Adoption
8061,Transfer
8062,Adoption
8063,Adoption
8064,Transfer
8065,Adoption
8066,Died
8067,Adoption
8068,Transfer
8069,Died
8070,Transfer
8071,Adoption
8072,Transfer
8073,Adoption
8074,Died
8075,Transfer
8076,Adoption
8077,Transfer
8078,Died
8079,Died
8080,Died
8081,Adoption
8082,Transfer
8083,Adoption
8084,Transfer
8085,Adoption
8086,Adoption
8087,Adoption
8088,Adoption
8089,Transfer
8090,Transfer
8091,Adoption
8092,Adoption
8093,Died
8094,Died
8095,Adoption
8096,Transfer
8097,Died
8098,Transfer
8099,Adoption
8100,Adoption
8101,Transfer
8102,Adoption
8103,Adoption
8104,Transfer
8105,Adoption
8106,Transfer
8107,Adoption
8108,Died
8109,Transfer
8110,Adoption
8111,Adoption
8112,Adoption
8113,Return to Owner
8114,Adoption
8115,Transfer
8116,Transfer
8117,Adoption
8118,Euthanasia
8119,Return to Owner
8120,Adoption
8121,Adoption
8122,Transfer
8123,Transfer
8124,Transfer
8125,Transfer
8126,Adoption
8127,Adoption
8128,Adoption
8129,Transfer
8130,Transfer
8131,Adoption
8132,Transfer
8133,Transfer
8134,Adoption
8135,Euthanasia
8136,Transfer
8137,Adoption
8138,Transfer
8139,Adoption
8140,Adoption
8141,Transfer
8142,Adoption
8143,Died
8144,Adoption
8145,Transfer
8146,Adoption
8147,Died
8148,Adoption
8149,Return to Owner
8150,Adoption
8151,Transfer
8152,Adoption
8153,Died
8154,Adoption
8155,Adoption
8156,Adoption
8157,Transfer
8158,Transfer
8159,Adoption
8160,Died
8161,Transfer
8162,Adoption
8163,Transfer
8164,Transfer
8165,Transfer
8166,Transfer
8167,Return to Owner
8168,Adoption
8169,Adoption
8170,Died
8171,Adoption
8172,Died
8173,Return to Owner
8174,Transfer
8175,Adoption
8176,Transfer
8177,Return to Owner
8178,Euthanasia
8179,Transfer
8180,Adoption
8181,Euthanasia
8182,Adoption
8183,Transfer
8184,Transfer
8185,Transfer
8186,Adoption
8187,Died
8188,Transfer
8189,Euthanasia
8190,Died
8191,Adoption
8192,Adoption
8193,Adoption
8194,Transfer
8195,Adoption
8196,Adoption
8197,Euthanasia
8198,Adoption
8199,Euthanasia
8200,Transfer
8201,Adoption
8202,Died
8203,Transfer
8204,Transfer
8205,Transfer
8206,Transfer
8207,Return to Owner
8208,Died
8209,Adoption
8210,Transfer
8211,Adoption
8212,Transfer
8213,Adoption
8214,Adoption
8215,Adoption
8216,Transfer
8217,Adoption
8218,Adoption
8219,Transfer
8220,Adoption
8221,Died
8222,Return to Owner
8223,Transfer
8224,Transfer
8225,Transfer
8226,Return to Owner
8227,Adoption
8228,Died
8229,Adoption
8230,Adoption
8231,Adoption
8232,Transfer
8233,Adoption
8234,Adoption
8235,Transfer
8236,Return to Owner
8237,Transfer
8238,Transfer
8239,Adoption
8240,Adoption
8241,Euthanasia
8242,Transfer
8243,Adoption
8244,Adoption
8245,Died
8246,Adoption
8247,Transfer
8248,Died
8249,Transfer
8250,Transfer
8251,Died
8252,Transfer
8253,Adoption
8254,Return to Owner
8255,Transfer
8256,Adoption
8257,Transfer
8258,Euthanasia
8259,Transfer
8260,Transfer
8261,Adoption
8262,Adoption
8263,Adoption
8264,Transfer
8265,Return to Owner
8266,Died
8267,Euthanasia
8268,Transfer
8269,Return to Owner
8270,Adoption
8271,Return to Owner
8272,Transfer
8273,Adoption
8274,Died
8275,Died
8276,Adoption
8277,Transfer
8278,Transfer
8279,Transfer
8280,Transfer
8281,Adoption
8282,Transfer
8283,Adoption
8284,Adoption
8285,Adoption
8286,Transfer
8287,Died
8288,Transfer
8289,Transfer
8290,Transfer
8291,Transfer
8292,Adoption
8293,Transfer
8294,Adoption
8295,Died
8296,Adoption
8297,Adoption
8298,Transfer
8299,Euthanasia
8300,Transfer
8301,Transfer
8302,Died
8303,Died
8304,Adoption
8305,Transfer
8306,Transfer
8307,Transfer
8308,Adoption
8309,Transfer
8310,Return to Owner
8311,Transfer
8312,Adoption
8313,Adoption
8314,Died
8315,Transfer
8316,Adoption
8317,Adoption
8318,Adoption
8319,Died
8320,Died
8321,Transfer
8322,Adoption
8323,Adoption
8324,Adoption
8325,Adoption
8326,Adoption
8327,Transfer
8328,Transfer
8329,Transfer
8330,Transfer
8331,Transfer
8332,Transfer
8333,Transfer
8334,Transfer
8335,Adoption
8336,Died
8337,Adoption
8338,Died
8339,Return to Owner
8340,Transfer
8341,Adoption
8342,Transfer
8343,Adoption
8344,Adoption
8345,Adoption
8346,Adoption
8347,Died
8348,Adoption
8349,Transfer
8350,Transfer
8351,Died
8352,Adoption
8353,Adoption
8354,Transfer
8355,Adoption
8356,Transfer
8357,Transfer
8358,Died
8359,Return to Owner
8360,Transfer
8361,Transfer
8362,Transfer
8363,Transfer
8364,Adoption
8365,Died
8366,Adoption
8367,Transfer
8368,Euthanasia
8369,Adoption
8370,Transfer
8371,Transfer
8372,Adoption
8373,Died
8374,Adoption
8375,Adoption
8376,Died
8377,Adoption
8378,Transfer
8379,Euthanasia
8380,Died
8381,Adoption
8382,Transfer
8383,Adoption
8384,Adoption
8385,Transfer
8386,Adoption
8387,Adoption
8388,Adoption
8389,Adoption
8390,Transfer
8391,Died
8392,Euthanasia
8393,Adoption
8394,Return to Owner
8395,Transfer
8396,Transfer
8397,Transfer
8398,Transfer
8399,Adoption
8400,Adoption
8401,Transfer
8402,Died
8403,Euthanasia
8404,Adoption
8405,Transfer
8406,Transfer
8407,Transfer
8408,Transfer
8409,Adoption
8410,Transfer
8411,Died
8412,Transfer
8413,Adoption
8414,Transfer
8415,Transfer
8416,Adoption
8417,Transfer
8418,Died
8419,Adoption
8420,Transfer
8421,Transfer
8422,Died
8423,Adoption
8424,Transfer
8425,Return to Owner
8426,Adoption
8427,Transfer
8428,Transfer
8429,Adoption
8430,Adoption
8431,Transfer
8432,Transfer
8433,Adoption
8434,Transfer
8435,Transfer
8436,Transfer
8437,Adoption
8438,Adoption
8439,Died
8440,Return to Owner
8441,Transfer
8442,Return to Owner
8443,Return to Owner
8444,Adoption
8445,Return to Owner
8446,Transfer
8447,Transfer
8448,Transfer
8449,Transfer
8450,Adoption
8451,Adoption
8452,Transfer
8453,Died
8454,Adoption
8455,Died
8456,Transfer
8457,Adoption
8458,Transfer
8459,Transfer
8460,Transfer
8461,Adoption
8462,Adoption
8463,Return to Owner
8464,Adoption
8465,Adoption
8466,Died
8467,Died
8468,Adoption
8469,Died
8470,Adoption
8471,Adoption
8472,Adoption
8473,Died
8474,Transfer
8475,Return to Owner
8476,Transfer
8477,Died
8478,Transfer
8479,Transfer
8480,Euthanasia
8481,Adoption
8482,Died
8483,Transfer
8484,Adoption
8485,Euthanasia
8486,Adoption
8487,Transfer
8488,Transfer
8489,Adoption
8490,Died
8491,Died
8492,Died
8493,Adoption
8494,Adoption
8495,Adoption
8496,Adoption
8497,Died
8498,Transfer
8499,Adoption
8500,Transfer
8501,Transfer
8502,Transfer
8503,Euthanasia
8504,Adoption
8505,Adoption
8506,Transfer
8507,Adoption
8508,Transfer
8509,Died
8510,Adoption
8511,Adoption
8512,Transfer
8513,Return to Owner
8514,Adoption
8515,Adoption
8516,Adoption
8517,Return to Owner
8518,Adoption
8519,Died
8520,Adoption
8521,Died
8522,Died
8523,Return to Owner
8524,Transfer
8525,Euthanasia
8526,Transfer
8527,Transfer
8528,Adoption
8529,Adoption
8530,Transfer
8531,Return to Owner
8532,Transfer
8533,Adoption
8534,Transfer
8535,Adoption
8536,Adoption
8537,Transfer
8538,Adoption
8539,Transfer
8540,Died
8541,Adoption
8542,Adoption
8543,Transfer
8544,Died
8545,Adoption
8546,Transfer
8547,Adoption
8548,Return to Owner
8549,Transfer
8550,Adoption
8551,Died
8552,Adoption
8553,Transfer
8554,Adoption
8555,Adoption
8556,Euthanasia
8557,Died
8558,Adoption
8559,Transfer
8560,Transfer
8561,Adoption
8562,Died
8563,Adoption
8564,Adoption
8565,Transfer
8566,Transfer
8567,Adoption
8568,Adoption
8569,Return to Owner
8570,Died
8571,Transfer
8572,Transfer
8573,Return to Owner
8574,Adoption
8575,Adoption
8576,Died
8577,Adoption
8578,Adoption
8579,Transfer
8580,Died
8581,Transfer
8582,Adoption
8583,Adoption
8584,Died
8585,Died
8586,Transfer
8587,Adoption
8588,Transfer
8589,Transfer
8590,Transfer
8591,Adoption
8592,Euthanasia
8593,Adoption
8594,Transfer
8595,Adoption
8596,Transfer
8597,Adoption
8598,Adoption
8599,Adoption
8600,Died
8601,Adoption
8602,Transfer
8603,Adoption
8604,Transfer
8605,Died
8606,Adoption
8607,Transfer
8608,Died
8609,Transfer
8610,Adoption
8611,Adoption
8612,Adoption
8613,Died
8614,Adoption
8615,Transfer
8616,Died
8617,Adoption
8618,Adoption
8619,Transfer
8620,Adoption
8621,Adoption
8622,Adoption
8623,Adoption
8624,Transfer
8625,Died
8626,Transfer
8627,Died
8628,Adoption
8629,Transfer
8630,Euthanasia
8631,Adoption
8632,Euthanasia
8633,Died
8634,Transfer
8635,Transfer
8636,Transfer
8637,Adoption
8638,Adoption
8639,Transfer
8640,Died
8641,Transfer
8642,Transfer
8643,Adoption
8644,Transfer
8645,Adoption
8646,Transfer
8647,Euthanasia
8648,Transfer
8649,Adoption
8650,Adoption
8651,Died
8652,Transfer
8653,Transfer
8654,Adoption
8655,Transfer
8656,Adoption
8657,Adoption
8658,Adoption
8659,Adoption
8660,Adoption
8661,Return to Owner
8662,Transfer
8663,Transfer
8664,Adoption
8665,Adoption
8666,Died
8667,Adoption
8668,Transfer
8669,Transfer
8670,Adoption
8671,Died
8672,Adoption
8673,Adoption
8674,Adoption
8675,Adoption
8676,Adoption
8677,Transfer
8678,Died
8679,Adoption
8680,Died
8681,Adoption
8682,Transfer
8683,Transfer
8684,Died
8685,Transfer
8686,Adoption
8687,Adoption
8688,Adoption
8689,Adoption
8690,Adoption
8691,Transfer
8692,Died
8693,Adoption
8694,Transfer
8695,Transfer
8696,Transfer
8697,Adoption
8698,Transfer
8699,Transfer
8700,Adoption
8701,Transfer
8702,Transfer
8703,Died
8704,Adoption
8705,Adoption
8706,Adoption
8707,Euthanasia
8708,Died
8709,Adoption
8710,Euthanasia
8711,Adoption
8712,Adoption
8713,Euthanasia
8714,Died
8715,Transfer
8716,Transfer
8717,Adoption
8718,Transfer
8719,Adoption
8720,Transfer
8721,Return to Owner
8722,Transfer
8723,Transfer
8724,Died
8725,Transfer
8726,Return to Owner
8727,Transfer
8728,Transfer
8729,Adoption
8730,Died
8731,Adoption
8732,Adoption
8733,Died
8734,Died
8735,Transfer
8736,Died
8737,Return to Owner
8738,Transfer
8739,Transfer
8740,Euthanasia
8741,Transfer
8742,Transfer
8743,Adoption
8744,Adoption
8745,Adoption
8746,Adoption
8747,Euthanasia
8748,Died
8749,Transfer
8750,Transfer
8751,Adoption
8752,Return to Owner
8753,Adoption
8754,Euthanasia
8755,Transfer
8756,Adoption
8757,Transfer
8758,Adoption
8759,Transfer
8760,Adoption
8761,Transfer
8762,Adoption
8763,Adoption
8764,Adoption
8765,Transfer
8766,Transfer
8767,Transfer
8768,Adoption
8769,Return to Owner
8770,Died
8771,Adoption
8772,Died
8773,Transfer
8774,Transfer
8775,Adoption
8776,Adoption
8777,Adoption
8778,Euthanasia
8779,Adoption
8780,Adoption
8781,Died
8782,Died
8783,Died
8784,Transfer
8785,Adoption
8786,Euthanasia
8787,Died
8788,Adoption
8789,Adoption
8790,Adoption
8791,Adoption
8792,Transfer
8793,Euthanasia
8794,Died
8795,Adoption
8796,Transfer
8797,Transfer
8798,Return to Owner
8799,Transfer
8800,Transfer
8801,Transfer
8802,Adoption
8803,Died
8804,Adoption
8805,Euthanasia
8806,Transfer
8807,Transfer
8808,Adoption
8809,Died
8810,Adoption
8811,Transfer
8812,Adoption
8813,Adoption
8814,Adoption
8815,Adoption
8816,Transfer
8817,Adoption
8818,Transfer
8819,Transfer
8820,Adoption
8821,Transfer
8822,Transfer
8823,Transfer
8824,Transfer
8825,Transfer
8826,Transfer
8827,Transfer
8828,Died
8829,Adoption
8830,Euthanasia
8831,Transfer
8832,Return to Owner
8833,Adoption
8834,Died
8835,Adoption
8836,Adoption
8837,Adoption
8838,Adoption
8839,Adoption
8840,Adoption
8841,Died
8842,Adoption
8843,Adoption
8844,Transfer
8845,Adoption
8846,Adoption
8847,Died
8848,Died
8849,Transfer
8850,Euthanasia
8851,Transfer
8852,Transfer
8853,Died
8854,Adoption
8855,Died
8856,Adoption
8857,Transfer
8858,Adoption
8859,Adoption
8860,Adoption
8861,Transfer
8862,Adoption
8863,Adoption
8864,Adoption
8865,Adoption
8866,Transfer
8867,Euthanasia
8868,Died
8869,Died
8870,Died
8871,Adoption
8872,Transfer
8873,Transfer
8874,Transfer
8875,Adoption
8876,Transfer
8877,Adoption
8878,Died
8879,Adoption
8880,Return to Owner
8881,Adoption
8882,Died
8883,Adoption
8884,Adoption
8885,Adoption
8886,Adoption
8887,Adoption
8888,Died
8889,Adoption
8890,Adoption
8891,Adoption
8892,Adoption
8893,Transfer
8894,Transfer
8895,Transfer
8896,Adoption
8897,Adoption
8898,Transfer
8899,Died
8900,Transfer
8901,Died
8902,Adoption
8903,Adoption
8904,Died
8905,Return to Owner
8906,Transfer
8907,Adoption
8908,Died
8909,Adoption
8910,Adoption
8911,Adoption
8912,Adoption
8913,Transfer
8914,Transfer
8915,Adoption
8916,Transfer
8917,Euthanasia
8918,Died
8919,Died
8920,Transfer
8921,Return to Owner
8922,Died
8923,Adoption
8924,Adoption
8925,Euthanasia
8926,Adoption
8927,Adoption
8928,Died
8929,Adoption
8930,Euthanasia
8931,Adoption
8932,Transfer
8933,Transfer
8934,Transfer
8935,Transfer
8936,Transfer
8937,Transfer
8938,Transfer
8939,Adoption
8940,Transfer
8941,Adoption
8942,Died
8943,Transfer
8944,Adoption
8945,Adoption
8946,Adoption
8947,Transfer
8948,Adoption
8949,Transfer
8950,Adoption
8951,Adoption
8952,Adoption
8953,Died
8954,Adoption
8955,Transfer
8956,Adoption
8957,Transfer
8958,Adoption
8959,Adoption
8960,Adoption
8961,Adoption
8962,Transfer
8963,Transfer
8964,Died
8965,Adoption
8966,Died
8967,Adoption
8968,Return to Owner
8969,Died
8970,Adoption
8971,Adoption
8972,Died
8973,Adoption
8974,Return to Owner
8975,Adoption
8976,Died
8977,Died
8978,Adoption
8979,Adoption
8980,Adoption
8981,Transfer
8982,Adoption
8983,Transfer
8984,Adoption
8985,Adoption
8986,Adoption
8987,Transfer
8988,Transfer
8989,Adoption
8990,Adoption
8991,Died
8992,Adoption
8993,Adoption
8994,Died
8995,Transfer
8996,Died
8997,Transfer
8998,Transfer
8999,Died
9000,Adoption
9001,Euthanasia
9002,Adoption
9003,Adoption
9004,Adoption
9005,Transfer
9006,Adoption
9007,Died
9008,Adoption
9009,Transfer
9010,Transfer
9011,Transfer
9012,Euthanasia
9013,Died
9014,Adoption
9015,Adoption
9016,Died
9017,Adoption
9018,Died
9019,Died
9020,Died
9021,Transfer
9022,Transfer
9023,Adoption
9024,Adoption
9025,Transfer
9026,Transfer
9027,Transfer
9028,Transfer
9029,Transfer
9030,Transfer
9031,Adoption
9032,Return to Owner
9033,Adoption
9034,Transfer
9035,Transfer
9036,Return to Owner
9037,Adoption
9038,Transfer
9039,Died
9040,Transfer
9041,Adoption
9042,Adoption
9043,Adoption
9044,Return to Owner
9045,Died
9046,Adoption
9047,Died
9048,Died
9049,Adoption
9050,Adoption
9051,Adoption
9052,Adoption
9053,Transfer
9054,Euthanasia
9055,Adoption
9056,Adoption
9057,Euthanasia
9058,Transfer
9059,Transfer
9060,Died
9061,Transfer
9062,Return to Owner
9063,Adoption
9064,Euthanasia
9065,Transfer
9066,Adoption
9067,Adoption
9068,Transfer
9069,Adoption
9070,Adoption
9071,Transfer
9072,Adoption
9073,Transfer
9074,Died
9075,Adoption
9076,Transfer
9077,Transfer
9078,Died
9079,Euthanasia
9080,Adoption
9081,Transfer
9082,Return to Owner
9083,Adoption
9084,Transfer
9085,Transfer
9086,Died
9087,Died
9088,Adoption
9089,Adoption
9090,Return to Owner
9091,Adoption
9092,Adoption
9093,Transfer
9094,Adoption
9095,Adoption
9096,Adoption
9097,Died
9098,Transfer
9099,Died
9100,Transfer
9101,Transfer
9102,Transfer
9103,Adoption
9104,Adoption
9105,Died
9106,Died
9107,Transfer
9108,Transfer
9109,Transfer
9110,Adoption
9111,Adoption
9112,Adoption
9113,Euthanasia
9114,Adoption
9115,Transfer
9116,Adoption
9117,Adoption
9118,Adoption
9119,Transfer
9120,Transfer
9121,Transfer
9122,Adoption
9123,Died
9124,Transfer
9125,Died
9126,Adoption
9127,Transfer
9128,Return to Owner
9129,Return to Owner
9130,Transfer
9131,Return to Owner
9132,Transfer
9133,Died
9134,Died
9135,Transfer
9136,Return to Owner
9137,Died
9138,Adoption
9139,Transfer
9140,Died
9141,Transfer
9142,Died
9143,Transfer
9144,Transfer
9145,Died
9146,Died
9147,Transfer
9148,Transfer
9149,Died
9150,Euthanasia
9151,Transfer
9152,Return to Owner
9153,Adoption
9154,Transfer
9155,Adoption
9156,Transfer
9157,Died
9158,Return to Owner
9159,Transfer
9160,Transfer
9161,Adoption
9162,Adoption
9163,Adoption
9164,Died
9165,Adoption
9166,Adoption
9167,Adoption
9168,Adoption
9169,Transfer
9170,Adoption
9171,Adoption
9172,Adoption
9173,Adoption
9174,Adoption
9175,Adoption
9176,Transfer
9177,Adoption
9178,Transfer
9179,Adoption
9180,Died
9181,Adoption
9182,Adoption
9183,Adoption
9184,Transfer
9185,Transfer
9186,Died
9187,Adoption
9188,Adoption
9189,Transfer
9190,Adoption
9191,Transfer
9192,Transfer
9193,Adoption
9194,Adoption
9195,Adoption
9196,Transfer
9197,Adoption
9198,Adoption
9199,Adoption
9200,Transfer
9201,Transfer
9202,Transfer
9203,Transfer
9204,Return to Owner
9205,Transfer
9206,Transfer
9207,Euthanasia
9208,Died
9209,Euthanasia
9210,Adoption
9211,Adoption
9212,Transfer
9213,Adoption
9214,Euthanasia
9215,Adoption
9216,Transfer
9217,Transfer
9218,Transfer
9219,Adoption
9220,Transfer
9221,Transfer
9222,Died
9223,Died
9224,Transfer
9225,Adoption
9226,Transfer
9227,Adoption
9228,Adoption
9229,Adoption
9230,Died
9231,Transfer
9232,Adoption
9233,Transfer
9234,Adoption
9235,Adoption
9236,Died
9237,Adoption
9238,Died
9239,Transfer
9240,Adoption
9241,Adoption
9242,Transfer
9243,Adoption
9244,Transfer
9245,Adoption
9246,Transfer
9247,Died
9248,Adoption
9249,Transfer
9250,Transfer
9251,Adoption
9252,Transfer
9253,Died
9254,Transfer
9255,Euthanasia
9256,Adoption
9257,Adoption
9258,Transfer
9259,Adoption
9260,Return to Owner
9261,Transfer
9262,Transfer
9263,Died
9264,Adoption
9265,Died
9266,Adoption
9267,Adoption
9268,Adoption
9269,Adoption
9270,Adoption
9271,Adoption
9272,Adoption
9273,Adoption
9274,Adoption
9275,Died
9276,Adoption
9277,Died
9278,Adoption
9279,Died
9280,Transfer
9281,Transfer
9282,Euthanasia
9283,Died
9284,Transfer
9285,Adoption
9286,Adoption
9287,Transfer
9288,Euthanasia
9289,Transfer
9290,Euthanasia
9291,Return to Owner
9292,Died
9293,Adoption
9294,Adoption
9295,Transfer
9296,Adoption
9297,Euthanasia
9298,Transfer
9299,Adoption
9300,Transfer
9301,Adoption
9302,Adoption
9303,Transfer
9304,Transfer
9305,Transfer
9306,Adoption
9307,Adoption
9308,Died
9309,Adoption
9310,Transfer
9311,Died
9312,Transfer
9313,Adoption
9314,Adoption
9315,Transfer
9316,Adoption
9317,Transfer
9318,Return to Owner
9319,Adoption
9320,Euthanasia
9321,Euthanasia
9322,Died
9323,Return to Owner
9324,Died
9325,Transfer
9326,Died
9327,Adoption
9328,Adoption
9329,Adoption
9330,Transfer
9331,Adoption
9332,Adoption
9333,Died
9334,Transfer
9335,Adoption
9336,Transfer
9337,Euthanasia
9338,Died
9339,Transfer
9340,Adoption
9341,Adoption
9342,Adoption
9343,Adoption
9344,Died
9345,Transfer
9346,Adoption
9347,Adoption
9348,Return to Owner
9349,Died
9350,Transfer
9351,Adoption
9352,Adoption
9353,Transfer
9354,Adoption
9355,Transfer
9356,Transfer
9357,Transfer
9358,Euthanasia
9359,Transfer
9360,Died
9361,Euthanasia
9362,Transfer
9363,Died
9364,Adoption
9365,Adoption
9366,Transfer
9367,Adoption
9368,Transfer
9369,Adoption
9370,Transfer
9371,Died
9372,Transfer
9373,Euthanasia
9374,Adoption
9375,Died
9376,Transfer
9377,Transfer
9378,Transfer
9379,Transfer
9380,Died
9381,Transfer
9382,Adoption
9383,Transfer
9384,Died
9385,Adoption
9386,Adoption
9387,Adoption
9388,Died
9389,Transfer
9390,Died
9391,Adoption
9392,Return to Owner
9393,Transfer
9394,Transfer
9395,Adoption
9396,Return to Owner
9397,Euthanasia
9398,Adoption
9399,Transfer
9400,Adoption
9401,Adoption
9402,Died
9403,Adoption
9404,Return to Owner
9405,Transfer
9406,Transfer
9407,Transfer
9408,Euthanasia
9409,Transfer
9410,Return to Owner
9411,Adoption
9412,Transfer
9413,Adoption
9414,Transfer
9415,Transfer
9416,Transfer
9417,Transfer
9418,Transfer
9419,Died
9420,Transfer
9421,Transfer
9422,Transfer
9423,Adoption
9424,Euthanasia
9425,Transfer
9426,Died
9427,Transfer
9428,Adoption
9429,Adoption
9430,Transfer
9431,Died
9432,Died
9433,Transfer
9434,Adoption
9435,Transfer
9436,Transfer
9437,Adoption
9438,Transfer
9439,Adoption
9440,Transfer
9441,Adoption
9442,Euthanasia
9443,Adoption
9444,Adoption
9445,Adoption
9446,Adoption
9447,Adoption
9448,Transfer
9449,Transfer
9450,Adoption
9451,Transfer
9452,Transfer
9453,Adoption
9454,Adoption
9455,Adoption
9456,Return to Owner
9457,Adoption
9458,Died
9459,Adoption
9460,Euthanasia
9461,Died
9462,Died
9463,Died
9464,Transfer
9465,Adoption
9466,Return to Owner
9467,Adoption
9468,Adoption
9469,Adoption
9470,Adoption
9471,Adoption
9472,Transfer
9473,Transfer
9474,Adoption
9475,Transfer
9476,Died
9477,Adoption
9478,Adoption
9479,Adoption
9480,Died
9481,Adoption
9482,Transfer
9483,Died
9484,Died
9485,Adoption
9486,Adoption
9487,Adoption
9488,Transfer
9489,Died
9490,Adoption
9491,Adoption
9492,Transfer
9493,Transfer
9494,Died
9495,Adoption
9496,Adoption
9497,Transfer
9498,Transfer
9499,Adoption
9500,Died
9501,Adoption
9502,Died
9503,Return to Owner
9504,Adoption
9505,Transfer
9506,Adoption
9507,Adoption
9508,Transfer
9509,Adoption
9510,Died
9511,Adoption
9512,Died
9513,Adoption
9514,Adoption
9515,Return to Owner
9516,Died
9517,Transfer
9518,Died
9519,Transfer
9520,Euthanasia
9521,Adoption
9522,Return to Owner
9523,Transfer
9524,Died
9525,Transfer
9526,Transfer
9527,Transfer
9528,Transfer
9529,Return to Owner
9530,Adoption
9531,Transfer
9532,Transfer
9533,Euthanasia
9534,Adoption
9535,Transfer
9536,Adoption
9537,Died
9538,Adoption
9539,Transfer
9540,Adoption
9541,Adoption
9542,Euthanasia
9543,Adoption
9544,Adoption
9545,Transfer
9546,Transfer
9547,Adoption
9548,Adoption
9549,Transfer
9550,Adoption
9551,Transfer
9552,Adoption
9553,Died
9554,Adoption
9555,Adoption
9556,Adoption
9557,Adoption
9558,Adoption
9559,Adoption
9560,Adoption
9561,Transfer
9562,Died
9563,Died
9564,Died
9565,Transfer
9566,Adoption
9567,Adoption
9568,Adoption
9569,Adoption
9570,Adoption
9571,Adoption
9572,Adoption
9573,Adoption
9574,Return to Owner
9575,Adoption
9576,Adoption
9577,Adoption
9578,Transfer
9579,Adoption
9580,Adoption
9581,Adoption
9582,Adoption
9583,Died
9584,Adoption
9585,Transfer
9586,Adoption
9587,Adoption
9588,Adoption
9589,Adoption
9590,Transfer
9591,Adoption
9592,Adoption
9593,Died
9594,Euthanasia
9595,Died
9596,Transfer
9597,Transfer
9598,Adoption
9599,Transfer
9600,Adoption
9601,Adoption
9602,Adoption
9603,Adoption
9604,Adoption
9605,Transfer
9606,Transfer
9607,Adoption
9608,Adoption
9609,Adoption
9610,Adoption
9611,Adoption
9612,Adoption
9613,Transfer
9614,Adoption
9615,Euthanasia
9616,Adoption
9617,Adoption
9618,Died
9619,Adoption
9620,Euthanasia
9621,Adoption
9622,Return to Owner
9623,Adoption
9624,Died
9625,Adoption
9626,Adoption
9627,Adoption
9628,Euthanasia
9629,Euthanasia
9630,Transfer
9631,Adoption
9632,Adoption
9633,Adoption
9634,Adoption
9635,Adoption
9636,Transfer
9637,Adoption
9638,Adoption
9639,Died
9640,Died
9641,Died
9642,Died
9643,Transfer
9644,Adoption
9645,Adoption
9646,Transfer
9647,Transfer
9648,Transfer
9649,Adoption
9650,Adoption
9651,Euthanasia
9652,Euthanasia
9653,Adoption
9654,Transfer
9655,Adoption
9656,Adoption
9657,Died
9658,Transfer
9659,Adoption
9660,Adoption
9661,Euthanasia
9662,Return to Owner
9663,Adoption
9664,Transfer
9665,Adoption
9666,Transfer
9667,Transfer
9668,Died
9669,Transfer
9670,Transfer
9671,Died
9672,Transfer
9673,Transfer
9674,Adoption
9675,Adoption
9676,Adoption
9677,Adoption
9678,Died
9679,Adoption
9680,Transfer
9681,Adoption
9682,Transfer
9683,Adoption
9684,Adoption
9685,Died
9686,Transfer
9687,Adoption
9688,Adoption
9689,Adoption
9690,Transfer
9691,Adoption
9692,Adoption
9693,Adoption
9694,Adoption
9695,Transfer
9696,Transfer
9697,Adoption
9698,Adoption
9699,Euthanasia
9700,Adoption
9701,Transfer
9702,Adoption
9703,Died
9704,Died
9705,Transfer
9706,Died
9707,Adoption
9708,Adoption
9709,Died
9710,Transfer
9711,Adoption
9712,Transfer
9713,Return to Owner
9714,Euthanasia
9715,Adoption
9716,Died
9717,Died
9718,Transfer
9719,Transfer
9720,Died
9721,Transfer
9722,Died
9723,Adoption
9724,Transfer
9725,Adoption
9726,Euthanasia
9727,Return to Owner
9728,Transfer
9729,Euthanasia
9730,Adoption
9731,Adoption
9732,Transfer
9733,Transfer
9734,Died
9735,Died
9736,Adoption
9737,Euthanasia
9738,Adoption
9739,Died
9740,Died
9741,Died
9742,Adoption
9743,Adoption
9744,Adoption
9745,Transfer
9746,Adoption
9747,Adoption
9748,Adoption
9749,Adoption
9750,Euthanasia
9751,Transfer
9752,Adoption
9753,Transfer
9754,Transfer
9755,Transfer
9756,Adoption
9757,Died
9758,Transfer
9759,Adoption
9760,Transfer
9761,Euthanasia
9762,Adoption
9763,Died
9764,Euthanasia
9765,Return to Owner
9766,Transfer
9767,Transfer
9768,Adoption
9769,Adoption
9770,Adoption
9771,Adoption
9772,Adoption
9773,Adoption
9774,Died
9775,Died
9776,Transfer
9777,Died
9778,Adoption
9779,Transfer
9780,Adoption
9781,Adoption
9782,Adoption
9783,Adoption
9784,Adoption
9785,Transfer
9786,Transfer
9787,Transfer
9788,Adoption
9789,Died
9790,Adoption
9791,Died
9792,Transfer
9793,Died
9794,Transfer
9795,Transfer
9796,Adoption
9797,Transfer
9798,Adoption
9799,Adoption
9800,Transfer
9801,Adoption
9802,Adoption
9803,Transfer
9804,Transfer
9805,Adoption
9806,Died
9807,Adoption
9808,Adoption
9809,Transfer
9810,Died
9811,Adoption
9812,Transfer
9813,Adoption
9814,Died
9815,Adoption
9816,Died
9817,Adoption
9818,Transfer
9819,Adoption
9820,Adoption
9821,Adoption
9822,Euthanasia
9823,Died
9824,Adoption
9825,Transfer
9826,Adoption
9827,Transfer
9828,Died
9829,Adoption
9830,Died
9831,Died
9832,Return to Owner
9833,Adoption
9834,Transfer
9835,Transfer
9836,Adoption
9837,Transfer
9838,Adoption
9839,Return to Owner
9840,Adoption
9841,Transfer
9842,Adoption
9843,Died
9844,Adoption
9845,Died
9846,Transfer
9847,Transfer
9848,Transfer
9849,Adoption
9850,Adoption
9851,Adoption
9852,Adoption
9853,Transfer
9854,Adoption
9855,Died
9856,Euthanasia
9857,Adoption
9858,Adoption
9859,Adoption
9860,Transfer
9861,Adoption
9862,Adoption
9863,Adoption
9864,Transfer
9865,Adoption
9866,Adoption
9867,Transfer
9868,Adoption
9869,Transfer
9870,Adoption
9871,Return to Owner
9872,Adoption
9873,Euthanasia
9874,Return to Owner
9875,Adoption
9876,Transfer
9877,Died
9878,Euthanasia
9879,Adoption
9880,Adoption
9881,Transfer
9882,Adoption
9883,Transfer
9884,Transfer
9885,Died
9886,Transfer
9887,Euthanasia
9888,Transfer
9889,Adoption
9890,Adoption
9891,Transfer
9892,Transfer
9893,Transfer
9894,Died
9895,Died
9896,Transfer
9897,Died
9898,Adoption
9899,Transfer
9900,Adoption
9901,Adoption
9902,Adoption
9903,Transfer
9904,Transfer
9905,Transfer
9906,Adoption
9907,Transfer
9908,Adoption
9909,Adoption
9910,Adoption
9911,Died
9912,Adoption
9913,Euthanasia
9914,Adoption
9915,Died
9916,Died
9917,Transfer
9918,Transfer
9919,Adoption
9920,Transfer
9921,Adoption
9922,Transfer
9923,Adoption
9924,Died
9925,Transfer
9926,Died
9927,Transfer
9928,Adoption
9929,Adoption
9930,Adoption
9931,Adoption
9932,Died
9933,Transfer
9934,Died
9935,Adoption
9936,Adoption
9937,Transfer
9938,Adoption
9939,Transfer
9940,Transfer
9941,Transfer
9942,Adoption
9943,Adoption
9944,Adoption
9945,Transfer
9946,Transfer
9947,Died
9948,Transfer
9949,Died
9950,Transfer
9951,Transfer
9952,Adoption
9953,Died
9954,Euthanasia
9955,Adoption
9956,Adoption
9957,Adoption
9958,Transfer
9959,Transfer
9960,Transfer
9961,Died
9962,Adoption
9963,Return to Owner
9964,Adoption
9965,Transfer
9966,Died
9967,Adoption
9968,Adoption
9969,Died
9970,Transfer
9971,Died
9972,Transfer
9973,Transfer
9974,Adoption
9975,Transfer
9976,Died
9977,Adoption
9978,Adoption
9979,Transfer
9980,Return to Owner
9981,Euthanasia
9982,Adoption
9983,Adoption
9984,Adoption
9985,Adoption
9986,Transfer
9987,Adoption
9988,Died
9989,Died
9990,Died
9991,Transfer
9992,Adoption
9993,Adoption
9994,Adoption
9995,Adoption
9996,Transfer
9997,Adoption
9998,Died
9999,Adoption
10000,Adoption
10001,Transfer
10002,Transfer
10003,Died
10004,Adoption
10005,Died
10006,Adoption
10007,Died
10008,Adoption
10009,Died
10010,Died
10011,Adoption
10012,Transfer
10013,Adoption
10014,Died
10015,Adoption
10016,Transfer
10017,Adoption
10018,Adoption
10019,Transfer
10020,Adoption
10021,Transfer
10022,Return to Owner
10023,Return to Owner
10024,Died
10025,Adoption
10026,Euthanasia
10027,Died
10028,Died
10029,Adoption
10030,Transfer
10031,Adoption
10032,Euthanasia
10033,Died
10034,Died
10035,Transfer
10036,Transfer
10037,Adoption
10038,Adoption
10039,Transfer
10040,Return to Owner
10041,Adoption
10042,Adoption
10043,Adoption
10044,Euthanasia
10045,Transfer
10046,Died
10047,Adoption
10048,Transfer
10049,Euthanasia
10050,Adoption
10051,Adoption
10052,Transfer
10053,Adoption
10054,Adoption
10055,Transfer
10056,Adoption
10057,Adoption
10058,Died
10059,Died
10060,Transfer
10061,Adoption
10062,Adoption
10063,Died
10064,Adoption
10065,Adoption
10066,Adoption
10067,Adoption
10068,Died
10069,Adoption
10070,Died
10071,Adoption
10072,Adoption
10073,Died
10074,Adoption
10075,Euthanasia
10076,Transfer
10077,Return to Owner
10078,Died
10079,Adoption
10080,Died
10081,Adoption
10082,Adoption
10083,Adoption
10084,Adoption
10085,Died
10086,Adoption
10087,Died
10088,Adoption
10089,Adoption
10090,Return to Owner
10091,Transfer
10092,Transfer
10093,Return to Owner
10094,Adoption
10095,Adoption
10096,Adoption
10097,Adoption
10098,Euthanasia
10099,Return to Owner
10100,Return to Owner
10101,Transfer
10102,Adoption
10103,Died
10104,Transfer
10105,Died
10106,Transfer
10107,Adoption
10108,Transfer
10109,Adoption
10110,Transfer
10111,Transfer
10112,Transfer
10113,Adoption
10114,Euthanasia
10115,Transfer
10116,Transfer
10117,Transfer
10118,Adoption
10119,Adoption
10120,Adoption
10121,Died
10122,Euthanasia
10123,Adoption
10124,Died
10125,Died
10126,Return to Owner
10127,Transfer
10128,Transfer
10129,Adoption
10130,Transfer
10131,Adoption
10132,Died
10133,Transfer
10134,Died
10135,Adoption
10136,Died
10137,Transfer
10138,Adoption
10139,Transfer
10140,Transfer
10141,Adoption
10142,Adoption
10143,Adoption
10144,Adoption
10145,Transfer
10146,Adoption
10147,Adoption
10148,Transfer
10149,Adoption
10150,Transfer
10151,Adoption
10152,Transfer
10153,Adoption
10154,Transfer
10155,Transfer
10156,Died
10157,Died
10158,Return to Owner
10159,Transfer
10160,Died
10161,Adoption
10162,Adoption
10163,Adoption
10164,Transfer
10165,Transfer
10166,Adoption
10167,Transfer
10168,Adoption
10169,Adoption
10170,Adoption
10171,Transfer
10172,Adoption
10173,Transfer
10174,Adoption
10175,Transfer
10176,Transfer
10177,Transfer
10178,Died
10179,Transfer
10180,Adoption
10181,Return to Owner
10182,Transfer
10183,Transfer
10184,Transfer
10185,Adoption
10186,Adoption
10187,Adoption
10188,Died
10189,Transfer
10190,Adoption
10191,Died
10192,Transfer
10193,Euthanasia
10194,Transfer
10195,Adoption
10196,Transfer
10197,Transfer
10198,Transfer
10199,Adoption
10200,Adoption
10201,Died
10202,Died
10203,Adoption
10204,Transfer
10205,Adoption
10206,Adoption
10207,Transfer
10208,Adoption
10209,Adoption
10210,Adoption
10211,Died
10212,Adoption
10213,Transfer
10214,Transfer
10215,Adoption
10216,Euthanasia
10217,Adoption
10218,Adoption
10219,Adoption
10220,Adoption
10221,Adoption
10222,Died
10223,Died
10224,Return to Owner
10225,Adoption
10226,Adoption
10227,Transfer
10228,Adoption
10229,Adoption
10230,Died
10231,Transfer
10232,Adoption
10233,Transfer
10234,Transfer
10235,Adoption
10236,Transfer
10237,Transfer
10238,Transfer
10239,Adoption
10240,Died
10241,Adoption
10242,Transfer
10243,Transfer
10244,Died
10245,Adoption
10246,Euthanasia
10247,Transfer
10248,Adoption
10249,Adoption
10250,Adoption
10251,Adoption
10252,Transfer
10253,Adoption
10254,Adoption
10255,Adoption
10256,Adoption
10257,Died
10258,Transfer
10259,Died
10260,Transfer
10261,Adoption
10262,Adoption
10263,Adoption
10264,Died
10265,Adoption
10266,Adoption
10267,Adoption
10268,Adoption
10269,Adoption
10270,Died
10271,Died
10272,Transfer
10273,Adoption
10274,Adoption
10275,Adoption
10276,Died
10277,Adoption
10278,Transfer
10279,Return to Owner
10280,Adoption
10281,Adoption
10282,Transfer
10283,Transfer
10284,Adoption
10285,Adoption
10286,Euthanasia
10287,Transfer
10288,Transfer
10289,Return to Owner
10290,Euthanasia
10291,Euthanasia
10292,Transfer
10293,Return to Owner
10294,Adoption
10295,Adoption
10296,Adoption
10297,Adoption
10298,Adoption
10299,Transfer
10300,Died
10301,Transfer
10302,Euthanasia
10303,Adoption
10304,Transfer
10305,Adoption
10306,Return to Owner
10307,Adoption
10308,Transfer
10309,Transfer
10310,Transfer
10311,Transfer
10312,Adoption
10313,Died
10314,Transfer
10315,Transfer
10316,Adoption
10317,Transfer
10318,Transfer
10319,Adoption
10320,Adoption
10321,Euthanasia
10322,Adoption
10323,Return to Owner
10324,Died
10325,Died
10326,Transfer
10327,Transfer
10328,Transfer
10329,Adoption
10330,Adoption
10331,Adoption
10332,Transfer
10333,Euthanasia
10334,Euthanasia
10335,Euthanasia
10336,Adoption
10337,Transfer
10338,Euthanasia
10339,Adoption
10340,Adoption
10341,Adoption
10342,Adoption
10343,Adoption
10344,Died
10345,Adoption
10346,Died
10347,Euthanasia
10348,Euthanasia
10349,Died
10350,Adoption
10351,Adoption
10352,Adoption
10353,Transfer
10354,Adoption
10355,Died
10356,Died
10357,Adoption
10358,Adoption
10359,Return to Owner
10360,Adoption
10361,Transfer
10362,Died
10363,Transfer
10364,Adoption
10365,Adoption
10366,Return to Owner
10367,Adoption
10368,Transfer
10369,Adoption
10370,Euthanasia
10371,Adoption
10372,Euthanasia
10373,Adoption
10374,Transfer
10375,Adoption
10376,Adoption
10377,Adoption
10378,Transfer
10379,Adoption
10380,Transfer
10381,Transfer
10382,Died
10383,Adoption
10384,Adoption
10385,Transfer
10386,Adoption
10387,Adoption
10388,Adoption
10389,Transfer
10390,Transfer
10391,Transfer
10392,Transfer
10393,Adoption
10394,Adoption
10395,Transfer
10396,Died
10397,Adoption
10398,Died
10399,Transfer
10400,Transfer
10401,Euthanasia
10402,Adoption
10403,Adoption
10404,Transfer
10405,Died
10406,Transfer
10407,Adoption
10408,Transfer
10409,Adoption
10410,Adoption
10411,Euthanasia
10412,Adoption
10413,Adoption
10414,Return to Owner
10415,Adoption
10416,Euthanasia
10417,Died
10418,Adoption
10419,Adoption
10420,Died
10421,Transfer
10422,Adoption
10423,Adoption
10424,Adoption
10425,Adoption
10426,Adoption
10427,Transfer
10428,Transfer
10429,Adoption
10430,Adoption
10431,Transfer
10432,Adoption
10433,Adoption
10434,Adoption
10435,Adoption
10436,Transfer
10437,Died
10438,Died
10439,Transfer
10440,Adoption
10441,Adoption
10442,Adoption
10443,Transfer
10444,Adoption
10445,Adoption
10446,Adoption
10447,Adoption
10448,Died
10449,Adoption
10450,Euthanasia
10451,Transfer
10452,Transfer
10453,Transfer
10454,Transfer
10455,Adoption
10456,Adoption
10457,Adoption
10458,Adoption
10459,Euthanasia
10460,Adoption
10461,Transfer
10462,Transfer
10463,Died
10464,Adoption
10465,Adoption
10466,Transfer
10467,Transfer
10468,Transfer
10469,Died
10470,Transfer
10471,Adoption
10472,Adoption
10473,Adoption
10474,Died
10475,Adoption
10476,Adoption
10477,Adoption
10478,Transfer
10479,Transfer
10480,Adoption
10481,Adoption
10482,Transfer
10483,Adoption
10484,Transfer
10485,Transfer
10486,Adoption
10487,Transfer
10488,Transfer
10489,Transfer
10490,Adoption
10491,Adoption
10492,Transfer
10493,Return to Owner
10494,Transfer
10495,Adoption
10496,Adoption
10497,Adoption
10498,Adoption
10499,Transfer
10500,Transfer
10501,Died
10502,Return to Owner
10503,Adoption
10504,Transfer
10505,Adoption
10506,Euthanasia
10507,Transfer
10508,Return to Owner
10509,Transfer
10510,Adoption
10511,Adoption
10512,Transfer
10513,Euthanasia
10514,Adoption
10515,Adoption
10516,Died
10517,Transfer
10518,Adoption
10519,Adoption
10520,Return to Owner
10521,Died
10522,Transfer
10523,Return to Owner
10524,Adoption
10525,Adoption
10526,Adoption
10527,Return to Owner
10528,Transfer
10529,Adoption
10530,Transfer
10531,Adoption
10532,Adoption
10533,Adoption
10534,Transfer
10535,Transfer
10536,Euthanasia
10537,Adoption
10538,Adoption
10539,Return to Owner
10540,Adoption
10541,Transfer
10542,Transfer
10543,Adoption
10544,Adoption
10545,Adoption
10546,Adoption
10547,Died
10548,Adoption
10549,Transfer
10550,Transfer
10551,Died
10552,Adoption
10553,Adoption
10554,Return to Owner
10555,Adoption
10556,Transfer
10557,Adoption
10558,Transfer
10559,Died
10560,Euthanasia
10561,Return to Owner
10562,Transfer
10563,Adoption
10564,Died
10565,Died
10566,Transfer
10567,Died
10568,Died
10569,Adoption
10570,Transfer
10571,Adoption
10572,Transfer
10573,Adoption
10574,Adoption
10575,Transfer
10576,Transfer
10577,Died
10578,Transfer
10579,Transfer
10580,Transfer
10581,Transfer
10582,Adoption
10583,Adoption
10584,Adoption
10585,Adoption
10586,Adoption
10587,Adoption
10588,Adoption
10589,Transfer
10590,Adoption
10591,Transfer
10592,Adoption
10593,Transfer
10594,Transfer
10595,Euthanasia
10596,Adoption
10597,Adoption
10598,Adoption
10599,Died
10600,Died
10601,Died
10602,Transfer
10603,Adoption
10604,Died
10605,Adoption
10606,Adoption
10607,Adoption
10608,Died
10609,Adoption
10610,Transfer
10611,Transfer
10612,Adoption
10613,Adoption
10614,Transfer
10615,Adoption
10616,Transfer
10617,Adoption
10618,Adoption
10619,Transfer
10620,Transfer
10621,Transfer
10622,Adoption
10623,Transfer
10624,Return to Owner
10625,Transfer
10626,Transfer
10627,Adoption
10628,Adoption
10629,Adoption
10630,Died
10631,Return to Owner
10632,Died
10633,Died
10634,Return to Owner
10635,Transfer
10636,Transfer
10637,Transfer
10638,Transfer
10639,Transfer
10640,Adoption
10641,Transfer
10642,Euthanasia
10643,Died
10644,Adoption
10645,Adoption
10646,Adoption
10647,Transfer
10648,Died
10649,Adoption
10650,Euthanasia
10651,Adoption
10652,Adoption
10653,Adoption
10654,Return to Owner
10655,Adoption
10656,Adoption
10657,Died
10658,Transfer
10659,Transfer
10660,Transfer
10661,Transfer
10662,Transfer
10663,Euthanasia
10664,Adoption
10665,Return to Owner
10666,Adoption
10667,Transfer
10668,Transfer
10669,Adoption
10670,Adoption
10671,Transfer
10672,Adoption
10673,Died
10674,Transfer
10675,Adoption
10676,Adoption
10677,Adoption
10678,Adoption
10679,Died
10680,Transfer
10681,Adoption
10682,Return to Owner
10683,Return to Owner
10684,Transfer
10685,Transfer
10686,Transfer
10687,Transfer
10688,Transfer
10689,Transfer
10690,Died
10691,Adoption
10692,Transfer
10693,Died
10694,Died
10695,Adoption
10696,Transfer
10697,Died
10698,Adoption
10699,Adoption
10700,Adoption
10701,Transfer
10702,Adoption
10703,Transfer
10704,Died
10705,Adoption
10706,Adoption
10707,Adoption
10708,Adoption
10709,Died
10710,Transfer
10711,Transfer
10712,Adoption
10713,Transfer
10714,Transfer
10715,Adoption
10716,Died
10717,Died
10718,Adoption
10719,Died
10720,Died
10721,Transfer
10722,Transfer
10723,Adoption
10724,Adoption
10725,Return to Owner
10726,Transfer
10727,Return to Owner
10728,Adoption
10729,Transfer
10730,Adoption
10731,Adoption
10732,Transfer
10733,Adoption
10734,Adoption
10735,Transfer
10736,Transfer
10737,Transfer
10738,Adoption
10739,Adoption
10740,Adoption
10741,Adoption
10742,Adoption
10743,Died
10744,Died
10745,Transfer
10746,Adoption
10747,Adoption
10748,Adoption
10749,Adoption
10750,Transfer
10751,Adoption
10752,Return to Owner
10753,Euthanasia
10754,Died
10755,Adoption
10756,Adoption
10757,Euthanasia
10758,Transfer
10759,Transfer
10760,Adoption
10761,Transfer
10762,Transfer
10763,Transfer
10764,Transfer
10765,Adoption
10766,Died
10767,Died
10768,Adoption
10769,Transfer
10770,Adoption
10771,Adoption
10772,Died
10773,Adoption
10774,Adoption
10775,Died
10776,Transfer
10777,Adoption
10778,Adoption
10779,Adoption
10780,Died
10781,Adoption
10782,Transfer
10783,Died
10784,Return to Owner
10785,Transfer
10786,Died
10787,Transfer
10788,Adoption
10789,Adoption
10790,Transfer
10791,Adoption
10792,Transfer
10793,Adoption
10794,Return to Owner
10795,Adoption
10796,Transfer
10797,Adoption
10798,Transfer
10799,Transfer
10800,Return to Owner
10801,Died
10802,Adoption
10803,Transfer
10804,Transfer
10805,Transfer
10806,Transfer
10807,Adoption
10808,Return to Owner
10809,Died
10810,Adoption
10811,Return to Owner
10812,Adoption
10813,Transfer
10814,Transfer
10815,Adoption
10816,Transfer
10817,Adoption
10818,Adoption
10819,Adoption
10820,Adoption
10821,Transfer
10822,Died
10823,Died
10824,Died
10825,Transfer
10826,Return to Owner
10827,Adoption
10828,Transfer
10829,Adoption
10830,Transfer
10831,Died
10832,Died
10833,Euthanasia
10834,Euthanasia
10835,Adoption
10836,Return to Owner
10837,Transfer
10838,Died
10839,Adoption
10840,Died
10841,Adoption
10842,Transfer
10843,Adoption
10844,Died
10845,Transfer
10846,Adoption
10847,Transfer
10848,Transfer
10849,Died
10850,Died
10851,Adoption
10852,Adoption
10853,Transfer
10854,Adoption
10855,Died
10856,Transfer
10857,Adoption
10858,Transfer
10859,Died
10860,Adoption
10861,Died
10862,Died
10863,Died
10864,Transfer
10865,Return to Owner
10866,Adoption
10867,Adoption
10868,Transfer
10869,Euthanasia
10870,Transfer
10871,Adoption
10872,Transfer
10873,Adoption
10874,Died
10875,Transfer
10876,Transfer
10877,Transfer
10878,Transfer
10879,Died
10880,Transfer
10881,Return to Owner
10882,Transfer
10883,Transfer
10884,Transfer
10885,Transfer
10886,Adoption
10887,Return to Owner
10888,Adoption
10889,Adoption
10890,Transfer
10891,Transfer
10892,Died
10893,Euthanasia
10894,Transfer
10895,Transfer
10896,Euthanasia
10897,Adoption
10898,Transfer
10899,Euthanasia
10900,Transfer
10901,Adoption
10902,Adoption
10903,Return to Owner
10904,Transfer
10905,Died
10906,Adoption
10907,Adoption
10908,Adoption
10909,Adoption
10910,Adoption
10911,Transfer
10912,Euthanasia
10913,Transfer
10914,Transfer
10915,Transfer
10916,Transfer
10917,Adoption
10918,Adoption
10919,Adoption
10920,Adoption
10921,Adoption
10922,Adoption
10923,Adoption
10924,Adoption
10925,Transfer
10926,Died
10927,Adoption
10928,Transfer
10929,Adoption
10930,Adoption
10931,Adoption
10932,Transfer
10933,Transfer
10934,Transfer
10935,Adoption
10936,Adoption
10937,Transfer
10938,Died
10939,Adoption
10940,Adoption
10941,Transfer
10942,Transfer
10943,Adoption
10944,Adoption
10945,Adoption
10946,Died
10947,Transfer
10948,Adoption
10949,Died
10950,Died
10951,Adoption
10952,Transfer
10953,Adoption
10954,Adoption
10955,Adoption
10956,Adoption
10957,Euthanasia
10958,Adoption
10959,Adoption
10960,Transfer
10961,Adoption
10962,Transfer
10963,Transfer
10964,Adoption
10965,Died
10966,Transfer
10967,Transfer
10968,Return to Owner
10969,Euthanasia
10970,Adoption
10971,Died
10972,Adoption
10973,Adoption
10974,Adoption
10975,Transfer
10976,Adoption
10977,Euthanasia
10978,Adoption
10979,Adoption
10980,Transfer
10981,Adoption
10982,Adoption
10983,Euthanasia
10984,Adoption
10985,Adoption
10986,Adoption
10987,Adoption
10988,Died
10989,Euthanasia
10990,Transfer
10991,Transfer
10992,Adoption
10993,Adoption
10994,Adoption
10995,Adoption
10996,Died
10997,Adoption
10998,Transfer
10999,Died
11000,Died
11001,Adoption
11002,Transfer
11003,Adoption
11004,Died
11005,Adoption
11006,Adoption
11007,Adoption
11008,Adoption
11009,Adoption
11010,Adoption
11011,Transfer
11012,Euthanasia
11013,Adoption
11014,Adoption
11015,Transfer
11016,Transfer
11017,Died
11018,Adoption
11019,Transfer
11020,Transfer
11021,Adoption
11022,Died
11023,Died
11024,Adoption
11025,Transfer
11026,Transfer
11027,Adoption
11028,Adoption
11029,Adoption
11030,Died
11031,Adoption
11032,Transfer
11033,Adoption
11034,Adoption
11035,Adoption
11036,Adoption
11037,Transfer
11038,Died
11039,Adoption
11040,Transfer
11041,Transfer
11042,Adoption
11043,Transfer
11044,Adoption
11045,Died
11046,Adoption
11047,Transfer
11048,Transfer
11049,Euthanasia
11050,Transfer
11051,Adoption
11052,Died
11053,Adoption
11054,Adoption
11055,Adoption
11056,Transfer
11057,Died
11058,Adoption
11059,Adoption
11060,Transfer
11061,Died
11062,Adoption
11063,Adoption
11064,Died
11065,Adoption
11066,Died
11067,Transfer
11068,Transfer
11069,Return to Owner
11070,Return to Owner
11071,Euthanasia
11072,Adoption
11073,Transfer
11074,Adoption
11075,Transfer
11076,Died
11077,Adoption
11078,Transfer
11079,Adoption
11080,Adoption
11081,Adoption
11082,Transfer
11083,Transfer
11084,Transfer
11085,Died
11086,Adoption
11087,Transfer
11088,Transfer
11089,Adoption
11090,Adoption
11091,Transfer
11092,Adoption
11093,Adoption
11094,Adoption
11095,Euthanasia
11096,Transfer
11097,Transfer
11098,Transfer
11099,Adoption
11100,Died
11101,Adoption
11102,Adoption
11103,Euthanasia
11104,Euthanasia
11105,Adoption
11106,Transfer
11107,Transfer
11108,Adoption
11109,Transfer
11110,Transfer
11111,Transfer
11112,Transfer
11113,Transfer
11114,Transfer
11115,Transfer
11116,Died
11117,Adoption
11118,Adoption
11119,Died
11120,Died
11121,Died
11122,Adoption
11123,Died
11124,Return to Owner
11125,Died
11126,Transfer
11127,Adoption
11128,Adoption
11129,Transfer
11130,Transfer
11131,Transfer
11132,Adoption
11133,Adoption
11134,Transfer
11135,Died
11136,Transfer
11137,Adoption
11138,Died
11139,Adoption
11140,Transfer
11141,Transfer
11142,Transfer
11143,Died
11144,Adoption
11145,Died
11146,Adoption
11147,Adoption
11148,Died
11149,Adoption
11150,Adoption
11151,Transfer
11152,Transfer
11153,Return to Owner
11154,Adoption
11155,Adoption
11156,Transfer
11157,Adoption
11158,Transfer
11159,Died
11160,Return to Owner
11161,Adoption
11162,Transfer
11163,Euthanasia
11164,Transfer
11165,Transfer
11166,Died
11167,Adoption
11168,Adoption
11169,Adoption
11170,Died
11171,Return to Owner
11172,Adoption
11173,Transfer
11174,Transfer
11175,Adoption
11176,Transfer
11177,Died
11178,Euthanasia
11179,Adoption
11180,Died
11181,Adoption
11182,Died
11183,Adoption
11184,Adoption
11185,Transfer
11186,Transfer
11187,Died
11188,Adoption
11189,Died
11190,Adoption
11191,Died
11192,Died
11193,Transfer
11194,Transfer
11195,Euthanasia
11196,Adoption
11197,Adoption
11198,Transfer
11199,Transfer
11200,Transfer
11201,Died
11202,Adoption
11203,Adoption
11204,Died
11205,Adoption
11206,Transfer
11207,Adoption
11208,Transfer
11209,Adoption
11210,Adoption
11211,Transfer
11212,Transfer
11213,Died
11214,Transfer
11215,Adoption
11216,Transfer
11217,Died
11218,Return to Owner
11219,Adoption
11220,Adoption
11221,Transfer
11222,Died
11223,Transfer
11224,Died
11225,Adoption
11226,Died
11227,Died
11228,Transfer
11229,Adoption
11230,Transfer
11231,Transfer
11232,Adoption
11233,Transfer
11234,Died
11235,Adoption
11236,Transfer
11237,Transfer
11238,Transfer
11239,Died
11240,Adoption
11241,Transfer
11242,Euthanasia
11243,Transfer
11244,Transfer
11245,Euthanasia
11246,Return to Owner
11247,Adoption
11248,Adoption
11249,Died
11250,Died
11251,Adoption
11252,Transfer
11253,Died
11254,Transfer
11255,Adoption
11256,Transfer
11257,Transfer
11258,Adoption
11259,Adoption
11260,Adoption
11261,Adoption
11262,Adoption
11263,Adoption
11264,Adoption
11265,Transfer
11266,Transfer
11267,Died
11268,Adoption
11269,Died
11270,Adoption
11271,Adoption
11272,Adoption
11273,Adoption
11274,Adoption
11275,Adoption
11276,Adoption
11277,Adoption
11278,Adoption
11279,Transfer
11280,Return to Owner
11281,Adoption
11282,Adoption
11283,Adoption
11284,Adoption
11285,Transfer
11286,Transfer
11287,Transfer
11288,Adoption
11289,Adoption
11290,Adoption
11291,Adoption
11292,Adoption
11293,Died
11294,Adoption
11295,Transfer
11296,Died
11297,Transfer
11298,Adoption
11299,Adoption
11300,Return to Owner
11301,Transfer
11302,Died
11303,Transfer
11304,Adoption
11305,Adoption
11306,Transfer
11307,Transfer
11308,Transfer
11309,Adoption
11310,Adoption
11311,Adoption
11312,Died
11313,Died
11314,Transfer
11315,Died
11316,Transfer
11317,Adoption
11318,Adoption
11319,Died
11320,Died
11321,Adoption
11322,Transfer
11323,Adoption
11324,Died
11325,Euthanasia
11326,Adoption
11327,Adoption
11328,Adoption
11329,Adoption
11330,Transfer
11331,Adoption
11332,Euthanasia
11333,Transfer
11334,Transfer
11335,Transfer
11336,Transfer
11337,Adoption
11338,Euthanasia
11339,Transfer
11340,Transfer
11341,Died
11342,Adoption
11343,Transfer
11344,Transfer
11345,Adoption
11346,Transfer
11347,Adoption
11348,Return to Owner
11349,Died
11350,Adoption
11351,Euthanasia
11352,Died
11353,Adoption
11354,Transfer
11355,Adoption
11356,Adoption
11357,Transfer
11358,Adoption
11359,Adoption
11360,Adoption
11361,Adoption
11362,Died
11363,Adoption
11364,Transfer
11365,Died
11366,Transfer
11367,Died
11368,Transfer
11369,Died
11370,Transfer
11371,Adoption
11372,Adoption
11373,Transfer
11374,Died
11375,Died
11376,Transfer
11377,Transfer
11378,Died
11379,Transfer
11380,Died
11381,Transfer
11382,Transfer
11383,Adoption
11384,Adoption
11385,Transfer
11386,Adoption
11387,Adoption
11388,Return to Owner
11389,Transfer
11390,Euthanasia
11391,Adoption
11392,Adoption
11393,Died
11394,Transfer
11395,Transfer
11396,Euthanasia
11397,Transfer
11398,Adoption
11399,Adoption
11400,Adoption
11401,Transfer
11402,Adoption
11403,Adoption
11404,Died
11405,Adoption
11406,Died
11407,Transfer
11408,Transfer
11409,Transfer
11410,Adoption
11411,Transfer
11412,Died
11413,Adoption
11414,Adoption
11415,Transfer
11416,Adoption
11417,Return to Owner
11418,Died
11419,Died
11420,Transfer
11421,Adoption
11422,Transfer
11423,Euthanasia
11424,Died
11425,Adoption
11426,Adoption
11427,Transfer
11428,Adoption
11429,Transfer
11430,Transfer
11431,Adoption
11432,Adoption
11433,Adoption
11434,Transfer
11435,Adoption
11436,Adoption
11437,Transfer
11438,Died
11439,Return to Owner
11440,Transfer
11441,Adoption
11442,Transfer
11443,Adoption
11444,Return to Owner
11445,Adoption
11446,Died
11447,Euthanasia
11448,Adoption
11449,Adoption
11450,Adoption
11451,Transfer
11452,Adoption
11453,Transfer
11454,Died
11455,Died
11456,Adoption
11457,Adoption
11458,Died
11459,Transfer
11460,Transfer
11461,Return to Owner
11462,Adoption
11463,Transfer
11464,Euthanasia
11465,Adoption
11466,Transfer
11467,Transfer
11468,Transfer
11469,Transfer
11470,Died
11471,Died
11472,Adoption
11473,Transfer
11474,Died
11475,Transfer
11476,Adoption
11477,Adoption
11478,Adoption
11479,Return to Owner
11480,Transfer
11481,Transfer
11482,Transfer
11483,Transfer
11484,Transfer
11485,Adoption
11486,Adoption
11487,Adoption
11488,Adoption
11489,Adoption
11490,Transfer
11491,Adoption
11492,Adoption
11493,Adoption
11494,Transfer
11495,Adoption
11496,Transfer
11497,Died
11498,Transfer
11499,Adoption
11500,Adoption
11501,Adoption
11502,Adoption
11503,Adoption
11504,Adoption
11505,Adoption
11506,Transfer
11507,Transfer
11508,Transfer
11509,Adoption
11510,Transfer
11511,Transfer
11512,Adoption
11513,Died
11514,Transfer
11515,Adoption
11516,Adoption
11517,Return to Owner
11518,Died
11519,Adoption
11520,Transfer
11521,Transfer
11522,Adoption
11523,Died
11524,Transfer
11525,Transfer
11526,Died
11527,Adoption
11528,Adoption
11529,Died
11530,Adoption
11531,Adoption
11532,Adoption
11533,Euthanasia
11534,Transfer
11535,Transfer
11536,Transfer
11537,Adoption
11538,Transfer
11539,Adoption
11540,Died
11541,Adoption
11542,Died
11543,Adoption
11544,Transfer
11545,Died
11546,Adoption
11547,Transfer
11548,Transfer
11549,Adoption
11550,Adoption
11551,Transfer
11552,Adoption
11553,Adoption
11554,Adoption
11555,Return to Owner
11556,Euthanasia
11557,Died
11558,Died
11559,Euthanasia
11560,Adoption
11561,Transfer
11562,Euthanasia
11563,Adoption
11564,Died
11565,Adoption
11566,Adoption
11567,Transfer
11568,Adoption
11569,Died
11570,Return to Owner
11571,Died
11572,Transfer
11573,Adoption
11574,Transfer
11575,Adoption
11576,Died
11577,Transfer
11578,Adoption
11579,Transfer
11580,Adoption
11581,Transfer
11582,Euthanasia
11583,Died
11584,Transfer
11585,Died
11586,Adoption
11587,Adoption
11588,Transfer
11589,Euthanasia
11590,Transfer
11591,Died
11592,Adoption
11593,Adoption
11594,Euthanasia
11595,Transfer
11596,Transfer
11597,Transfer
11598,Adoption
11599,Adoption
11600,Transfer
11601,Died
11602,Adoption
11603,Transfer
11604,Transfer
11605,Died
11606,Died
11607,Transfer
11608,Adoption
11609,Euthanasia
11610,Euthanasia
11611,Died
11612,Transfer
11613,Transfer
11614,Transfer
11615,Transfer
11616,Transfer
11617,Adoption
11618,Transfer
11619,Adoption
11620,Transfer
11621,Transfer
11622,Adoption
11623,Adoption
11624,Transfer
11625,Adoption
11626,Transfer
11627,Euthanasia
11628,Died
11629,Transfer
11630,Transfer
11631,Transfer
11632,Transfer
11633,Adoption
11634,Adoption
11635,Adoption
11636,Euthanasia
11637,Return to Owner
11638,Transfer
11639,Died
11640,Died
11641,Adoption
11642,Return to Owner
11643,Adoption
11644,Adoption
11645,Adoption
11646,Adoption
11647,Died
11648,Transfer
11649,Transfer
11650,Adoption
11651,Transfer
11652,Adoption
11653,Transfer
11654,Transfer
11655,Died
11656,Adoption
11657,Adoption
11658,Adoption
11659,Return to Owner
11660,Adoption
11661,Euthanasia
11662,Adoption
11663,Adoption
11664,Euthanasia
11665,Adoption
11666,Transfer
11667,Return to Owner
11668,Died
11669,Died
11670,Adoption
11671,Transfer
11672,Transfer
11673,Died
11674,Adoption
11675,Transfer
11676,Transfer
11677,Euthanasia
11678,Transfer
11679,Transfer
11680,Died
11681,Return to Owner
11682,Died
11683,Return to Owner
11684,Adoption
11685,Euthanasia
11686,Transfer
11687,Adoption
11688,Return to Owner
11689,Adoption
11690,Transfer
11691,Transfer
11692,Adoption
11693,Adoption
11694,Adoption
11695,Transfer
11696,Died
11697,Adoption
11698,Died
11699,Adoption
11700,Adoption
11701,Transfer
11702,Return to Owner
11703,Transfer
11704,Adoption
11705,Adoption
11706,Transfer
11707,Adoption
11708,Euthanasia
11709,Died
11710,Transfer
11711,Adoption
11712,Transfer
11713,Adoption
11714,Adoption
11715,Transfer
11716,Transfer
11717,Adoption
11718,Adoption
11719,Died
11720,Adoption
11721,Adoption
11722,Adoption
11723,Transfer
11724,Died
11725,Died
11726,Euthanasia
11727,Adoption
11728,Died
11729,Adoption
11730,Return to Owner
11731,Adoption
11732,Adoption
11733,Adoption
11734,Died
11735,Adoption
11736,Died
11737,Transfer
11738,Transfer
11739,Died
11740,Adoption
11741,Adoption
11742,Transfer
11743,Return to Owner
11744,Adoption
11745,Transfer
11746,Adoption
11747,Adoption
11748,Transfer
11749,Adoption
11750,Died
11751,Adoption
11752,Adoption
11753,Transfer
11754,Transfer
11755,Adoption
11756,Adoption
11757,Adoption
11758,Died
11759,Died
11760,Died
11761,Adoption
11762,Euthanasia
11763,Adoption
11764,Euthanasia
11765,Died
11766,Died
11767,Adoption
11768,Transfer
11769,Adoption
11770,Adoption
11771,Transfer
11772,Adoption
11773,Adoption
11774,Adoption
11775,Transfer
11776,Transfer
11777,Adoption
11778,Adoption
11779,Died
11780,Transfer
11781,Adoption
11782,Return to Owner
11783,Adoption
11784,Adoption
11785,Died
11786,Died
11787,Adoption
11788,Transfer
11789,Died
11790,Adoption
11791,Euthanasia
11792,Transfer
11793,Adoption
11794,Adoption
11795,Transfer
11796,Return to Owner
11797,Return to Owner
11798,Adoption
11799,Transfer
11800,Return to Owner
11801,Died
11802,Died
11803,Adoption
11804,Adoption
11805,Died
11806,Return to Owner
11807,Adoption
11808,Transfer
11809,Adoption
11810,Died
11811,Adoption
11812,Transfer
11813,Transfer
11814,Adoption
11815,Died
11816,Adoption
11817,Adoption
11818,Adoption
11819,Transfer
11820,Transfer
11821,Died
11822,Adoption
11823,Transfer
11824,Died
11825,Adoption
11826,Euthanasia
11827,Transfer
11828,Adoption
11829,Died
11830,Adoption
11831,Adoption
11832,Adoption
11833,Transfer
11834,Died
11835,Transfer
11836,Adoption
11837,Adoption
11838,Adoption
11839,Died
11840,Died
11841,Adoption
11842,Adoption
11843,Adoption
11844,Transfer
11845,Died
11846,Transfer
11847,Adoption
11848,Transfer
11849,Adoption
11850,Adoption
11851,Adoption
11852,Adoption
11853,Died
11854,Adoption
11855,Adoption
11856,Transfer
11857,Adoption
11858,Adoption
11859,Euthanasia
11860,Transfer
11861,Adoption
11862,Transfer
11863,Adoption
11864,Transfer
11865,Transfer
11866,Adoption
11867,Died
11868,Transfer
11869,Transfer
11870,Adoption
11871,Transfer
11872,Euthanasia
11873,Transfer
11874,Transfer
11875,Transfer
11876,Transfer
11877,Transfer
11878,Adoption
11879,Adoption
11880,Died
11881,Transfer
11882,Adoption
11883,Adoption
11884,Transfer
11885,Transfer
11886,Adoption
11887,Adoption
11888,Adoption
11889,Adoption
11890,Died
11891,Adoption
11892,Transfer
11893,Adoption
11894,Died
11895,Adoption
11896,Died
11897,Died
11898,Adoption
11899,Died
11900,Died
11901,Died
11902,Transfer
11903,Died
11904,Died
11905,Adoption
11906,Died
11907,Transfer
11908,Adoption
11909,Died
11910,Adoption
11911,Transfer
11912,Transfer
11913,Died
11914,Died
11915,Transfer
11916,Adoption
11917,Transfer
11918,Died
11919,Adoption
11920,Transfer
11921,Adoption
11922,Adoption
11923,Transfer
11924,Transfer
11925,Died
11926,Transfer
11927,Died
11928,Adoption
11929,Adoption
11930,Transfer
11931,Adoption
11932,Transfer
11933,Died
11934,Adoption
11935,Adoption
11936,Adoption
11937,Transfer
11938,Died
11939,Transfer
11940,Adoption
11941,Adoption
11942,Died
11943,Transfer
11944,Transfer
11945,Transfer
11946,Died
11947,Adoption
11948,Transfer
11949,Died
11950,Euthanasia
11951,Adoption
11952,Transfer
11953,Died
11954,Adoption
11955,Adoption
11956,Adoption
11957,Adoption
11958,Died
11959,Euthanasia
11960,Died
11961,Euthanasia
11962,Died
11963,Transfer
11964,Adoption
11965,Died
11966,Transfer
11967,Died
11968,Euthanasia
11969,Died
11970,Adoption
11971,Transfer
11972,Euthanasia
11973,Transfer
11974,Transfer
11975,Transfer
11976,Adoption
11977,Died
11978,Adoption
11979,Transfer
11980,Transfer
11981,Adoption
11982,Died
11983,Euthanasia
11984,Died
11985,Died
11986,Transfer
11987,Died
11988,Adoption
11989,Return to Owner
11990,Adoption
11991,Adoption
11992,Adoption
11993,Died
11994,Adoption
11995,Transfer
11996,Adoption
11997,Transfer
11998,Adoption
11999,Euthanasia
12000,Adoption
12001,Adoption
12002,Adoption
12003,Transfer
12004,Transfer
12005,Adoption
12006,Adoption
12007,Adoption
12008,Transfer
12009,Adoption
12010,Died
12011,Adoption
12012,Transfer
12013,Adoption
12014,Transfer
12015,Transfer
12016,Transfer
12017,Transfer
12018,Transfer
12019,Transfer
12020,Adoption
12021,Died
12022,Died
12023,Transfer
12024,Euthanasia
12025,Adoption
12026,Died
12027,Adoption
12028,Adoption
12029,Adoption
12030,Died
12031,Transfer
12032,Adoption
12033,Adoption
12034,Return to Owner
12035,Transfer
12036,Transfer
12037,Return to Owner
12038,Euthanasia
12039,Adoption
12040,Transfer
12041,Adoption
12042,Adoption
12043,Transfer
12044,Adoption
12045,Adoption
12046,Adoption
12047,Euthanasia
12048,Adoption
12049,Transfer
12050,Transfer
12051,Transfer
12052,Adoption
12053,Died
12054,Transfer
12055,Died
12056,Transfer
12057,Died
12058,Died
12059,Transfer
12060,Transfer
12061,Transfer
12062,Adoption
12063,Transfer
12064,Died
12065,Return to Owner
12066,Transfer
12067,Adoption
12068,Adoption
12069,Died
12070,Adoption
12071,Transfer
12072,Transfer
12073,Adoption
12074,Died
12075,Adoption
12076,Died
12077,Transfer
12078,Transfer
12079,Adoption
12080,Transfer
12081,Return to Owner
12082,Adoption
12083,Adoption
12084,Transfer
12085,Died
12086,Transfer
12087,Adoption
12088,Adoption
12089,Transfer
12090,Adoption
12091,Transfer
12092,Adoption
12093,Adoption
12094,Transfer
12095,Adoption
12096,Transfer
12097,Transfer
12098,Adoption
12099,Died
12100,Transfer
12101,Adoption
12102,Adoption
12103,Died
12104,Transfer
12105,Transfer
12106,Died
12107,Adoption
12108,Transfer
12109,Transfer
12110,Transfer
12111,Adoption
12112,Return to Owner
12113,Adoption
12114,Died
12115,Adoption
12116,Transfer
12117,Adoption
12118,Adoption
12119,Died
12120,Adoption
12121,Adoption
12122,Transfer
12123,Died
12124,Transfer
12125,Euthanasia
12126,Died
12127,Adoption
12128,Euthanasia
12129,Transfer
12130,Died
12131,Adoption
12132,Adoption
12133,Adoption
12134,Adoption
12135,Adoption
12136,Euthanasia
12137,Adoption
12138,Euthanasia
12139,Adoption
12140,Transfer
12141,Died
12142,Adoption
12143,Adoption
12144,Died
12145,Transfer
12146,Transfer
12147,Transfer
12148,Adoption
12149,Transfer
12150,Adoption
12151,Died
12152,Transfer
12153,Transfer
12154,Adoption
12155,Transfer
12156,Died
12157,Adoption
12158,Adoption
12159,Died
12160,Adoption
12161,Adoption
12162,Return to Owner
12163,Euthanasia
12164,Adoption
12165,Transfer
12166,Transfer
12167,Died
12168,Transfer
12169,Transfer
12170,Adoption
12171,Transfer
12172,Died
12173,Died
12174,Adoption
12175,Died
12176,Transfer
12177,Transfer
12178,Adoption
12179,Adoption
12180,Transfer
12181,Died
12182,Transfer
12183,Adoption
12184,Died
12185,Adoption
12186,Adoption
12187,Adoption
12188,Transfer
12189,Died
12190,Died
12191,Transfer
12192,Died
12193,Adoption
12194,Adoption
12195,Adoption
12196,Adoption
12197,Adoption
12198,Transfer
12199,Transfer
12200,Transfer
12201,Adoption
12202,Adoption
12203,Transfer
12204,Died
12205,Adoption
12206,Adoption
12207,Transfer
12208,Adoption
12209,Transfer
12210,Transfer
12211,Died
12212,Adoption
12213,Transfer
12214,Return to Owner
12215,Euthanasia
12216,Died
12217,Died
12218,Return to Owner
12219,Euthanasia
12220,Died
12221,Transfer
12222,Adoption
12223,Euthanasia
12224,Transfer
12225,Transfer
12226,Died
12227,Adoption
12228,Died
12229,Transfer
12230,Adoption
12231,Died
12232,Return to Owner
12233,Died
12234,Died
12235,Adoption
12236,Adoption
12237,Adoption
12238,Adoption
12239,Transfer
12240,Died
12241,Euthanasia
12242,Adoption
12243,Transfer
12244,Adoption
12245,Euthanasia
12246,Transfer
12247,Died
12248,Euthanasia
12249,Adoption
12250,Died
12251,Adoption
12252,Adoption
12253,Adoption
12254,Adoption
12255,Adoption
12256,Adoption
12257,Adoption
12258,Transfer
12259,Adoption
12260,Died
12261,Died
12262,Adoption
12263,Transfer
12264,Adoption
12265,Adoption
12266,Died
12267,Adoption
12268,Transfer
12269,Adoption
12270,Died
12271,Died
12272,Transfer
12273,Adoption
12274,Transfer
12275,Transfer
12276,Transfer
12277,Transfer
12278,Adoption
12279,Adoption
12280,Died
12281,Return to Owner
12282,Euthanasia
12283,Transfer
12284,Died
12285,Transfer
12286,Transfer
12287,Died
12288,Adoption
12289,Transfer
12290,Adoption
12291,Adoption
12292,Adoption
12293,Died
12294,Adoption
12295,Died
12296,Transfer
12297,Adoption
12298,Adoption
12299,Adoption
12300,Adoption
12301,Transfer
12302,Adoption
12303,Transfer
12304,Adoption
12305,Adoption
12306,Adoption
12307,Transfer
12308,Died
12309,Died
12310,Transfer
12311,Adoption
12312,Died
12313,Adoption
12314,Transfer
12315,Adoption
12316,Adoption
12317,Euthanasia
12318,Died
12319,Euthanasia
12320,Return to Owner
12321,Died
12322,Adoption
12323,Return to Owner
12324,Died
12325,Adoption
12326,Died
12327,Died
12328,Euthanasia
12329,Adoption
12330,Adoption
12331,Adoption
12332,Transfer
12333,Transfer
12334,Transfer
12335,Transfer
12336,Euthanasia
12337,Transfer
12338,Adoption
12339,Died
12340,Adoption
12341,Transfer
12342,Transfer
12343,Died
12344,Adoption
12345,Transfer
12346,Transfer
12347,Adoption
12348,Died
12349,Died
12350,Transfer
12351,Transfer
12352,Transfer
12353,Transfer
12354,Adoption
12355,Adoption
12356,Adoption
12357,Transfer
12358,Adoption
12359,Euthanasia
12360,Adoption
12361,Adoption
12362,Adoption
12363,Transfer
12364,Transfer
12365,Adoption
12366,Adoption
12367,Transfer
12368,Transfer
12369,Transfer
12370,Died
12371,Transfer
12372,Transfer
12373,Transfer
12374,Adoption
12375,Adoption
12376,Adoption
12377,Died
12378,Transfer
12379,Transfer
12380,Euthanasia
12381,Died
12382,Transfer
12383,Adoption
12384,Died
12385,Transfer
12386,Adoption
12387,Died
12388,Adoption
12389,Died
12390,Adoption
12391,Euthanasia
12392,Died
12393,Adoption
12394,Transfer
12395,Died
12396,Died
12397,Transfer
12398,Died
12399,Adoption
12400,Transfer
12401,Adoption
12402,Transfer
12403,Transfer
12404,Transfer
12405,Return to Owner
12406,Transfer
12407,Euthanasia
12408,Adoption
12409,Transfer
12410,Transfer
12411,Died
12412,Euthanasia
12413,Adoption
12414,Adoption
12415,Adoption
12416,Adoption
12417,Died
12418,Adoption
12419,Adoption
12420,Transfer
12421,Died
12422,Return to Owner
12423,Adoption
12424,Euthanasia
12425,Died
12426,Transfer
12427,Transfer
12428,Transfer
12429,Adoption
12430,Euthanasia
12431,Died
12432,Adoption
12433,Transfer
12434,Adoption
12435,Adoption
12436,Transfer
12437,Died
12438,Adoption
12439,Adoption
12440,Transfer
12441,Return to Owner
12442,Euthanasia
12443,Adoption
12444,Transfer
12445,Died
12446,Transfer
12447,Transfer
12448,Transfer
12449,Adoption
12450,Transfer
12451,Died
12452,Adoption
12453,Transfer
12454,Adoption
12455,Adoption
12456,Transfer
12457,Adoption
12458,Transfer
12459,Adoption
12460,Transfer
12461,Transfer
12462,Died
12463,Died
12464,Transfer
12465,Euthanasia
12466,Adoption
12467,Died
12468,Adoption
12469,Adoption
12470,Adoption
12471,Died
12472,Transfer
12473,Transfer
12474,Adoption
12475,Transfer
12476,Adoption
12477,Transfer
12478,Adoption
12479,Adoption
12480,Adoption
12481,Transfer
12482,Adoption
12483,Euthanasia
12484,Died
12485,Adoption
12486,Died
12487,Transfer
12488,Adoption
12489,Return to Owner
12490,Adoption
12491,Euthanasia
12492,Adoption
12493,Adoption
12494,Adoption
12495,Adoption
12496,Died
12497,Adoption
12498,Transfer
12499,Transfer
12500,Transfer
12501,Euthanasia
12502,Transfer
12503,Adoption
12504,Transfer
12505,Adoption
12506,Adoption
12507,Transfer
12508,Died
12509,Adoption
12510,Transfer
12511,Euthanasia
12512,Transfer
12513,Adoption
12514,Adoption
12515,Adoption
12516,Died
12517,Adoption
12518,Transfer
12519,Adoption
12520,Transfer
12521,Transfer
12522,Return to Owner
12523,Transfer
12524,Adoption
12525,Adoption
12526,Adoption
12527,Transfer
12528,Adoption
12529,Adoption
12530,Adoption
12531,Transfer
12532,Adoption
12533,Died
12534,Return to Owner
12535,Transfer
12536,Transfer
12537,Adoption
12538,Euthanasia
12539,Euthanasia
12540,Died
12541,Return to Owner
12542,Adoption
12543,Transfer
12544,Adoption
12545,Died
12546,Adoption
12547,Adoption
12548,Adoption
12549,Adoption
12550,Adoption
12551,Adoption
12552,Adoption
12553,Adoption
12554,Adoption
12555,Transfer
12556,Died
12557,Adoption
12558,Adoption
12559,Transfer
12560,Adoption
12561,Transfer
12562,Adoption
12563,Died
12564,Adoption
12565,Adoption
12566,Adoption
12567,Transfer
12568,Transfer
12569,Died
12570,Adoption
12571,Died
12572,Died
12573,Euthanasia
12574,Died
12575,Return to Owner
12576,Died
12577,Transfer
12578,Transfer
12579,Transfer
12580,Died
12581,Died
12582,Euthanasia
12583,Return to Owner
12584,Adoption
12585,Return to Owner
12586,Adoption
12587,Euthanasia
12588,Transfer
12589,Died
12590,Adoption
12591,Transfer
12592,Adoption
12593,Died
12594,Transfer
12595,Euthanasia
12596,Adoption
12597,Transfer
12598,Adoption
12599,Adoption
12600,Transfer
12601,Transfer
12602,Euthanasia
12603,Adoption
12604,Died
12605,Adoption
12606,Adoption
12607,Transfer
12608,Transfer
12609,Transfer
12610,Transfer
12611,Euthanasia
12612,Adoption
12613,Adoption
12614,Transfer
12615,Transfer
12616,Transfer
12617,Return to Owner
12618,Transfer
12619,Died
12620,Adoption
12621,Transfer
12622,Transfer
12623,Adoption
12624,Transfer
12625,Adoption
12626,Adoption
12627,Transfer
12628,Transfer
12629,Transfer
12630,Transfer
12631,Adoption
12632,Adoption
12633,Adoption
12634,Adoption
12635,Adoption
12636,Adoption
12637,Adoption
12638,Transfer
12639,Died
12640,Adoption
12641,Return to Owner
12642,Transfer
12643,Transfer
12644,Transfer
12645,Adoption
12646,Adoption
12647,Transfer
12648,Adoption
12649,Transfer
12650,Transfer
12651,Adoption
12652,Died
12653,Died
12654,Adoption
12655,Adoption
12656,Died
12657,Died
12658,Died
12659,Transfer
12660,Return to Owner
12661,Adoption
12662,Adoption
12663,Transfer
12664,Adoption
12665,Adoption
12666,Died
12667,Adoption
12668,Adoption
12669,Died
12670,Adoption
12671,Adoption
12672,Transfer
12673,Transfer
12674,Died
12675,Adoption
12676,Died
12677,Adoption
12678,Adoption
12679,Died
12680,Died
12681,Transfer
12682,Adoption
12683,Adoption
12684,Transfer
12685,Adoption
12686,Adoption
12687,Transfer
12688,Adoption
12689,Transfer
12690,Adoption
12691,Adoption
12692,Adoption
12693,Adoption
12694,Adoption
12695,Transfer
12696,Transfer
12697,Transfer
12698,Transfer
12699,Adoption
12700,Transfer
12701,Adoption
12702,Died
12703,Adoption
12704,Adoption
12705,Transfer
12706,Adoption
12707,Euthanasia
12708,Adoption
12709,Adoption
12710,Adoption
12711,Adoption
12712,Adoption
12713,Adoption
12714,Adoption
12715,Return to Owner
12716,Adoption
12717,Adoption
12718,Return to Owner
12719,Transfer
12720,Transfer
12721,Transfer
12722,Adoption
12723,Adoption
12724,Adoption
12725,Died
12726,Adoption
12727,Transfer
12728,Adoption
12729,Transfer
12730,Transfer
12731,Adoption
12732,Transfer
12733,Adoption
12734,Adoption
12735,Transfer
12736,Transfer
12737,Transfer
12738,Transfer
12739,Died
12740,Died
12741,Transfer
12742,Adoption
12743,Adoption
12744,Transfer
12745,Transfer
12746,Transfer
12747,Transfer
12748,Adoption
12749,Transfer
12750,Euthanasia
12751,Transfer
12752,Transfer
12753,Adoption
12754,Euthanasia
12755,Adoption
12756,Transfer
12757,Transfer
12758,Transfer
12759,Transfer
12760,Died
12761,Transfer
12762,Return to Owner
12763,Adoption
12764,Died
12765,Transfer
12766,Adoption
12767,Adoption
12768,Adoption
12769,Euthanasia
12770,Transfer
12771,Euthanasia
12772,Died
12773,Transfer
12774,Adoption
12775,Transfer
12776,Transfer
12777,Transfer
12778,Transfer
12779,Return to Owner
12780,Transfer
12781,Transfer
12782,Adoption
12783,Died
12784,Died
12785,Return to Owner
12786,Return to Owner
12787,Transfer
12788,Return to Owner
12789,Transfer
12790,Transfer
12791,Transfer
12792,Adoption
12793,Transfer
12794,Adoption
12795,Adoption
12796,Adoption
12797,Transfer
12798,Transfer
12799,Adoption
12800,Transfer
12801,Died
12802,Adoption
12803,Died
12804,Died
12805,Adoption
12806,Transfer
12807,Return to Owner
12808,Adoption
12809,Transfer
12810,Transfer
12811,Adoption
12812,Died
12813,Transfer
12814,Adoption
12815,Adoption
12816,Transfer
12817,Adoption
12818,Died
12819,Transfer
12820,Adoption
12821,Died
12822,Died
12823,Transfer
12824,Adoption
12825,Return to Owner
12826,Adoption
12827,Euthanasia
12828,Transfer
12829,Adoption
12830,Transfer
12831,Adoption
12832,Died
12833,Adoption
12834,Transfer
12835,Transfer
12836,Transfer
12837,Adoption
12838,Transfer
12839,Adoption
12840,Died
12841,Adoption
12842,Adoption
12843,Adoption
12844,Return to Owner
12845,Died
12846,Return to Owner
12847,Transfer
12848,Adoption
12849,Adoption
12850,Transfer
12851,Died
12852,Adoption
12853,Adoption
12854,Died
12855,Transfer
12856,Adoption
12857,Adoption
12858,Euthanasia
12859,Return to Owner
12860,Transfer
12861,Died
12862,Transfer
12863,Died
12864,Adoption
12865,Died
12866,Adoption
12867,Return to Owner
12868,Transfer
12869,Adoption
12870,Transfer
12871,Adoption
12872,Adoption
12873,Transfer
12874,Adoption
12875,Transfer
12876,Died
12877,Adoption
12878,Adoption
12879,Transfer
12880,Adoption
12881,Adoption
12882,Adoption
12883,Adoption
12884,Return to Owner
12885,Adoption
12886,Adoption
12887,Transfer
12888,Adoption
12889,Adoption
12890,Transfer
12891,Transfer
12892,Adoption
12893,Adoption
12894,Died
12895,Transfer
12896,Adoption
12897,Transfer
12898,Adoption
12899,Adoption
12900,Died
12901,Transfer
12902,Transfer
12903,Died
12904,Adoption
12905,Adoption
12906,Adoption
12907,Adoption
12908,Return to Owner
12909,Adoption
12910,Transfer
12911,Return to Owner
12912,Died
12913,Transfer
12914,Died
12915,Transfer
12916,Transfer
12917,Transfer
12918,Adoption
12919,Transfer
12920,Transfer
12921,Transfer
12922,Adoption
12923,Transfer
12924,Euthanasia
12925,Return to Owner
12926,Died
12927,Adoption
12928,Return to Owner
12929,Euthanasia
12930,Return to Owner
12931,Adoption
12932,Adoption
12933,Adoption
12934,Adoption
12935,Adoption
12936,Adoption
12937,Died
12938,Transfer
12939,Adoption
12940,Adoption
12941,Died
12942,Died
12943,Died
12944,Adoption
12945,Transfer
12946,Adoption
12947,Adoption
12948,Transfer
12949,Adoption
12950,Died
12951,Died
12952,Transfer
12953,Return to Owner
12954,Died
12955,Transfer
12956,Died
12957,Adoption
12958,Transfer
12959,Died
12960,Adoption
12961,Transfer
12962,Transfer
12963,Adoption
12964,Euthanasia
12965,Transfer
12966,Died
12967,Adoption
12968,Died
12969,Died
12970,Transfer
12971,Transfer
12972,Transfer
12973,Transfer
12974,Transfer
12975,Adoption
12976,Transfer
12977,Adoption
12978,Adoption
12979,Transfer
12980,Euthanasia
12981,Return to Owner
12982,Transfer
12983,Transfer
12984,Died
12985,Transfer
12986,Adoption
12987,Adoption
12988,Transfer
12989,Transfer
12990,Adoption
12991,Transfer
12992,Adoption
12993,Died
12994,Transfer
12995,Transfer
12996,Euthanasia
12997,Transfer
12998,Adoption
12999,Transfer
13000,Transfer
13001,Return to Owner
13002,Transfer
13003,Transfer
13004,Adoption
13005,Died
13006,Adoption
13007,Died
13008,Adoption
13009,Adoption
13010,Adoption
13011,Transfer
13012,Transfer
13013,Adoption
13014,Adoption
13015,Died
13016,Died
13017,Adoption
13018,Adoption
13019,Adoption
13020,Adoption
13021,Adoption
13022,Died
13023,Euthanasia
13024,Return to Owner
13025,Transfer
13026,Adoption
13027,Adoption
13028,Transfer
13029,Adoption
13030,Transfer
13031,Died
13032,Transfer
13033,Euthanasia
13034,Transfer
13035,Euthanasia
13036,Adoption
13037,Transfer
13038,Adoption
13039,Transfer
13040,Died
13041,Adoption
13042,Died
13043,Adoption
13044,Adoption
13045,Adoption
13046,Transfer
13047,Died
13048,Transfer
13049,Adoption
13050,Adoption
13051,Transfer
13052,Euthanasia
13053,Died
13054,Transfer
13055,Adoption
13056,Euthanasia
13057,Adoption
13058,Adoption
13059,Adoption
13060,Died
13061,Transfer
13062,Died
13063,Adoption
13064,Adoption
13065,Adoption
13066,Adoption
13067,Died
13068,Transfer
13069,Adoption
13070,Transfer
13071,Adoption
13072,Adoption
13073,Adoption
13074,Transfer
13075,Transfer
13076,Adoption
13077,Died
13078,Adoption
13079,Adoption
13080,Euthanasia
13081,Return to Owner
13082,Adoption
13083,Return to Owner
13084,Died
13085,Adoption
13086,Adoption
13087,Adoption
13088,Adoption
13089,Transfer
13090,Died
13091,Died
13092,Transfer
13093,Transfer
13094,Adoption
13095,Adoption
13096,Transfer
13097,Adoption
13098,Adoption
13099,Adoption
13100,Return to Owner
13101,Adoption
13102,Died
13103,Adoption
13104,Died
13105,Adoption
13106,Transfer
13107,Adoption
13108,Died
13109,Died
13110,Died
13111,Adoption
13112,Adoption
13113,Return to Owner
13114,Adoption
13115,Adoption
13116,Died
13117,Died
13118,Transfer
13119,Transfer
13120,Adoption
13121,Transfer
13122,Died
13123,Adoption
13124,Died
13125,Adoption
13126,Adoption
13127,Euthanasia
13128,Died
13129,Transfer
13130,Adoption
13131,Adoption
13132,Adoption
13133,Adoption
13134,Adoption
13135,Return to Owner
13136,Transfer
13137,Adoption
13138,Transfer
13139,Adoption
13140,Adoption
13141,Transfer
13142,Transfer
13143,Died
13144,Died
13145,Adoption
13146,Adoption
13147,Transfer
13148,Adoption
13149,Return to Owner
13150,Euthanasia
13151,Return to Owner
13152,Adoption
13153,Transfer
13154,Adoption
13155,Transfer
13156,Adoption
13157,Transfer
13158,Died
13159,Died
13160,Adoption
13161,Transfer
13162,Transfer
13163,Transfer
13164,Adoption
13165,Died
13166,Adoption
13167,Adoption
13168,Adoption
13169,Adoption
13170,Transfer
13171,Died
13172,Adoption
13173,Euthanasia
13174,Transfer
13175,Died
13176,Adoption
13177,Transfer
13178,Adoption
13179,Died
13180,Transfer
13181,Died
13182,Adoption
13183,Adoption
13184,Adoption
13185,Adoption
13186,Adoption
13187,Return to Owner
13188,Died
13189,Adoption
13190,Transfer
13191,Transfer
13192,Died
13193,Transfer
13194,Died
13195,Adoption
13196,Transfer
13197,Return to Owner
13198,Transfer
13199,Return to Owner
13200,Adoption
13201,Adoption
13202,Adoption
13203,Adoption
13204,Transfer
13205,Adoption
13206,Euthanasia
13207,Transfer
13208,Euthanasia
13209,Transfer
13210,Transfer
13211,Adoption
13212,Transfer
13213,Transfer
13214,Adoption
13215,Adoption
13216,Transfer
13217,Transfer
13218,Transfer
13219,Transfer
13220,Adoption
13221,Transfer
13222,Adoption
13223,Adoption
13224,Adoption
13225,Adoption
13226,Transfer
13227,Transfer
13228,Adoption
13229,Adoption
13230,Return to Owner
13231,Return to Owner
13232,Transfer
13233,Adoption
13234,Return to Owner
13235,Adoption
13236,Adoption
13237,Adoption
13238,Adoption
13239,Transfer
13240,Adoption
13241,Transfer
13242,Died
13243,Return to Owner
13244,Transfer
13245,Transfer
13246,Euthanasia
13247,Adoption
13248,Died
13249,Adoption
13250,Transfer
13251,Adoption
13252,Euthanasia
13253,Adoption
13254,Adoption
13255,Died
13256,Transfer
13257,Adoption
13258,Euthanasia
13259,Adoption
13260,Adoption
13261,Transfer
13262,Euthanasia
13263,Died
13264,Transfer
13265,Died
13266,Adoption
13267,Transfer
13268,Adoption
13269,Transfer
13270,Adoption
13271,Adoption
13272,Transfer
13273,Transfer
13274,Transfer
13275,Died
13276,Adoption
13277,Adoption
13278,Died
13279,Transfer
13280,Transfer
13281,Adoption
13282,Transfer
13283,Adoption
13284,Euthanasia
13285,Return to Owner
13286,Return to Owner
13287,Transfer
13288,Adoption
13289,Return to Owner
13290,Adoption
13291,Adoption
13292,Adoption
13293,Adoption
13294,Adoption
13295,Adoption
13296,Transfer
13297,Transfer
13298,Adoption
13299,Transfer
13300,Transfer
13301,Transfer
13302,Died
13303,Adoption
13304,Died
13305,Transfer
13306,Euthanasia
13307,Died
13308,Transfer
13309,Adoption
13310,Adoption
13311,Return to Owner
13312,Adoption
13313,Adoption
13314,Adoption
13315,Adoption
13316,Return to Owner
13317,Died
13318,Transfer
13319,Adoption
13320,Adoption
13321,Adoption
13322,Died
13323,Transfer
13324,Adoption
13325,Transfer
13326,Adoption
13327,Adoption
13328,Died
13329,Return to Owner
13330,Transfer
13331,Transfer
13332,Adoption
13333,Transfer
13334,Adoption
13335,Died
13336,Adoption
13337,Died
13338,Adoption
13339,Euthanasia
13340,Transfer
13341,Adoption
13342,Adoption
13343,Transfer
13344,Transfer
13345,Transfer
13346,Died
13347,Died
13348,Return to Owner
13349,Adoption
13350,Adoption
13351,Transfer
13352,Adoption
13353,Transfer
13354,Adoption
13355,Died
13356,Adoption
13357,Adoption
13358,Transfer
13359,Adoption
13360,Died
13361,Adoption
13362,Transfer
13363,Adoption
13364,Adoption
13365,Transfer
13366,Adoption
13367,Transfer
13368,Adoption
13369,Adoption
13370,Died
13371,Adoption
13372,Died
13373,Transfer
13374,Died
13375,Transfer
13376,Adoption
13377,Transfer
13378,Died
13379,Transfer
13380,Transfer
13381,Transfer
13382,Transfer
13383,Adoption
13384,Transfer
13385,Adoption
13386,Adoption
13387,Adoption
13388,Transfer
13389,Died
13390,Adoption
13391,Euthanasia
13392,Transfer
13393,Transfer
13394,Died
13395,Adoption
13396,Transfer
13397,Died
13398,Return to Owner
13399,Return to Owner
13400,Adoption
13401,Transfer
13402,Adoption
13403,Died
13404,Adoption
13405,Transfer
13406,Euthanasia
13407,Return to Owner
13408,Died
13409,Adoption
13410,Adoption
13411,Adoption
13412,Adoption
13413,Transfer
13414,Adoption
13415,Return to Owner
13416,Adoption
13417,Euthanasia
13418,Euthanasia
13419,Adoption
13420,Transfer
13421,Adoption
13422,Transfer
13423,Transfer
13424,Transfer
13425,Adoption
13426,Died
13427,Adoption
13428,Euthanasia
13429,Adoption
13430,Transfer
13431,Died
13432,Euthanasia
13433,Adoption
13434,Euthanasia
13435,Died
13436,Adoption
13437,Adoption
13438,Adoption
13439,Euthanasia
13440,Euthanasia
13441,Euthanasia
13442,Died
13443,Transfer
13444,Transfer
13445,Adoption
13446,Adoption
13447,Died
13448,Transfer
13449,Transfer
13450,Adoption
13451,Adoption
13452,Adoption
13453,Died
13454,Euthanasia
13455,Adoption
13456,Adoption
13457,Transfer
13458,Transfer
13459,Transfer
13460,Adoption
13461,Died
13462,Adoption
13463,Transfer
13464,Died
13465,Died
13466,Adoption
13467,Transfer
13468,Adoption
13469,Euthanasia
13470,Transfer
13471,Adoption
13472,Died
13473,Died
13474,Died
13475,Adoption
13476,Adoption
13477,Adoption
13478,Adoption
13479,Transfer
13480,Adoption
13481,Adoption
13482,Transfer
13483,Transfer
13484,Adoption
13485,Adoption
13486,Adoption
13487,Transfer
13488,Adoption
13489,Adoption
13490,Transfer
13491,Adoption
13492,Transfer
13493,Transfer
13494,Adoption
13495,Died
13496,Died
13497,Transfer
13498,Transfer
13499,Adoption
13500,Adoption
13501,Died
13502,Died
13503,Adoption
13504,Return to Owner
13505,Adoption
13506,Transfer
13507,Died
13508,Transfer
13509,Adoption
13510,Died
13511,Transfer
13512,Transfer
13513,Died
13514,Adoption
13515,Adoption
13516,Adoption
13517,Died
13518,Died
13519,Adoption
13520,Transfer
13521,Died
13522,Died
13523,Transfer
13524,Adoption
13525,Died
13526,Died
13527,Adoption
13528,Adoption
13529,Died
13530,Transfer
13531,Adoption
13532,Adoption
13533,Transfer
13534,Died
13535,Adoption
13536,Adoption
13537,Transfer
13538,Died
13539,Adoption
13540,Adoption
13541,Transfer
13542,Transfer
13543,Died
13544,Died
13545,Transfer
13546,Adoption
13547,Adoption
13548,Died
13549,Adoption
13550,Died
13551,Died
13552,Died
13553,Died
13554,Adoption
13555,Transfer
13556,Transfer
13557,Adoption
13558,Transfer
13559,Transfer
13560,Transfer
13561,Transfer
13562,Adoption
13563,Transfer
13564,Adoption
13565,Transfer
13566,Adoption
13567,Transfer
13568,Transfer
13569,Return to Owner
13570,Transfer
13571,Adoption
13572,Adoption
13573,Transfer
13574,Died
13575,Died
13576,Adoption
13577,Died
13578,Died
13579,Return to Owner
13580,Transfer
13581,Adoption
13582,Adoption
13583,Return to Owner
13584,Adoption
13585,Adoption
13586,Euthanasia
13587,Adoption
13588,Transfer
13589,Euthanasia
13590,Adoption
13591,Adoption
13592,Adoption
13593,Adoption
13594,Transfer
13595,Died
13596,Adoption
13597,Transfer
13598,Adoption
13599,Died
13600,Died
13601,Transfer
13602,Adoption
13603,Died
13604,Transfer
13605,Adoption
13606,Adoption
13607,Return to Owner
13608,Transfer
13609,Transfer
13610,Adoption
13611,Adoption
13612,Died
13613,Adoption
13614,Euthanasia
13615,Adoption
13616,Adoption
13617,Adoption
13618,Died
13619,Transfer
13620,Transfer
13621,Transfer
13622,Transfer
13623,Transfer
13624,Transfer
13625,Adoption
13626,Adoption
13627,Died
13628,Return to Owner
13629,Transfer
13630,Transfer
13631,Died
13632,Died
13633,Adoption
13634,Adoption
13635,Transfer
13636,Died
13637,Euthanasia
13638,Adoption
13639,Transfer
13640,Adoption
13641,Died
13642,Adoption
13643,Adoption
13644,Adoption
13645,Adoption
13646,Adoption
13647,Adoption
13648,Transfer
13649,Transfer
13650,Adoption
13651,Transfer
13652,Adoption
13653,Adoption
13654,Adoption
13655,Died
13656,Adoption
13657,Transfer
13658,Died
13659,Adoption
13660,Adoption
13661,Transfer
13662,Adoption
13663,Transfer
13664,Transfer
13665,Adoption
13666,Adoption
13667,Transfer
13668,Died
13669,Adoption
13670,Transfer
13671,Transfer
13672,Euthanasia
13673,Died
13674,Adoption
13675,Euthanasia
13676,Adoption
13677,Transfer
13678,Adoption
13679,Euthanasia
13680,Transfer
13681,Transfer
13682,Adoption
13683,Died
13684,Euthanasia
13685,Adoption
13686,Transfer
13687,Adoption
13688,Died
13689,Adoption
13690,Adoption
13691,Died
13692,Euthanasia
13693,Transfer
13694,Died
13695,Transfer
13696,Adoption
13697,Adoption
13698,Adoption
13699,Adoption
13700,Adoption
13701,Adoption
13702,Euthanasia
13703,Transfer
13704,Transfer
13705,Died
13706,Transfer
13707,Died
13708,Adoption
13709,Transfer
13710,Transfer
13711,Adoption
13712,Transfer
13713,Adoption
13714,Adoption
13715,Adoption
13716,Adoption
13717,Adoption
13718,Transfer
13719,Died
13720,Died
13721,Died
13722,Transfer
13723,Died
13724,Transfer
13725,Died
13726,Transfer
13727,Transfer
13728,Died
13729,Transfer
13730,Transfer
13731,Transfer
13732,Died
13733,Transfer
13734,Adoption
13735,Adoption
13736,Adoption
13737,Adoption
13738,Adoption
13739,Adoption
13740,Transfer
13741,Transfer
13742,Died
13743,Died
13744,Adoption
13745,Died
13746,Adoption
13747,Return to Owner
13748,Adoption
13749,Transfer
13750,Adoption
13751,Died
13752,Died
13753,Euthanasia
13754,Euthanasia
13755,Died
13756,Adoption
13757,Adoption
13758,Adoption
13759,Euthanasia
13760,Adoption
13761,Died
13762,Transfer
13763,Euthanasia
13764,Transfer
13765,Transfer
13766,Adoption
13767,Transfer
13768,Died
13769,Transfer
13770,Transfer
13771,Adoption
13772,Died
13773,Adoption
13774,Transfer
13775,Transfer
13776,Transfer
13777,Return to Owner
13778,Adoption
13779,Adoption
13780,Died
13781,Transfer
13782,Adoption
13783,Transfer
13784,Transfer
13785,Transfer
13786,Adoption
13787,Transfer
13788,Died
13789,Transfer
13790,Adoption
13791,Adoption
13792,Adoption
13793,Died
13794,Adoption
13795,Died
13796,Adoption
13797,Transfer
13798,Adoption
13799,Adoption
13800,Adoption
13801,Euthanasia
13802,Adoption
13803,Euthanasia
13804,Adoption
13805,Adoption
13806,Adoption
13807,Transfer
13808,Transfer
13809,Transfer
13810,Died
13811,Died
13812,Transfer
13813,Return to Owner
13814,Adoption
13815,Adoption
13816,Transfer
13817,Adoption
13818,Adoption
13819,Adoption
13820,Died
13821,Transfer
13822,Euthanasia
13823,Died
13824,Adoption
13825,Adoption
13826,Adoption
13827,Return to Owner
13828,Transfer
13829,Euthanasia
13830,Adoption
13831,Transfer
13832,Adoption
13833,Adoption
13834,Transfer
13835,Transfer
13836,Adoption
13837,Died
13838,Died
13839,Adoption
13840,Died
13841,Transfer
13842,Euthanasia
13843,Adoption
13844,Adoption
13845,Transfer
13846,Died
13847,Euthanasia
13848,Adoption
13849,Transfer
13850,Adoption
13851,Transfer
13852,Transfer
13853,Died
13854,Transfer
13855,Adoption
13856,Transfer
13857,Adoption
13858,Return to Owner
13859,Transfer
13860,Adoption
13861,Adoption
13862,Transfer
13863,Transfer
13864,Transfer
13865,Transfer
13866,Adoption
13867,Adoption
13868,Transfer
13869,Adoption
13870,Transfer
13871,Return to Owner
13872,Adoption
13873,Euthanasia
13874,Transfer
13875,Transfer
13876,Adoption
13877,Transfer
13878,Adoption
13879,Transfer
13880,Transfer
13881,Transfer
13882,Transfer
13883,Transfer
13884,Adoption
13885,Died
13886,Transfer
13887,Adoption
13888,Adoption
13889,Died
13890,Adoption
13891,Adoption
13892,Adoption
13893,Transfer
13894,Transfer
13895,Transfer
13896,Transfer
13897,Transfer
13898,Adoption
13899,Euthanasia
13900,Adoption
13901,Transfer
13902,Died
13903,Transfer
13904,Died
13905,Adoption
13906,Died
13907,Adoption
13908,Transfer
13909,Adoption
13910,Transfer
13911,Died
13912,Transfer
13913,Transfer
13914,Adoption
13915,Transfer
13916,Adoption
13917,Died
13918,Transfer
13919,Adoption
13920,Adoption
13921,Adoption
13922,Died
13923,Adoption
13924,Adoption
13925,Died
13926,Transfer
13927,Adoption
13928,Transfer
13929,Adoption
13930,Transfer
13931,Adoption
13932,Died
13933,Adoption
13934,Return to Owner
13935,Adoption
13936,Transfer
13937,Died
13938,Transfer
13939,Adoption
13940,Adoption
13941,Adoption
13942,Adoption
13943,Euthanasia
13944,Adoption
13945,Transfer
13946,Adoption
13947,Adoption
13948,Transfer
13949,Died
13950,Return to Owner
13951,Adoption
13952,Transfer
13953,Euthanasia
13954,Died
13955,Adoption
13956,Adoption
13957,Adoption
13958,Transfer
13959,Transfer
13960,Transfer
13961,Adoption
13962,Return to Owner
13963,Adoption
13964,Died
13965,Adoption
13966,Transfer
13967,Transfer
13968,Adoption
13969,Euthanasia
13970,Transfer
13971,Adoption
13972,Died
13973,Return to Owner
13974,Return to Owner
13975,Transfer
13976,Adoption
13977,Transfer
13978,Died
13979,Adoption
13980,Adoption
13981,Adoption
13982,Transfer
13983,Adoption
13984,Transfer
13985,Adoption
13986,Died
13987,Euthanasia
13988,Transfer
13989,Transfer
13990,Adoption
13991,Adoption
13992,Transfer
13993,Adoption
13994,Transfer
13995,Adoption
13996,Adoption
13997,Died
13998,Transfer
13999,Died
14000,Died
14001,Return to Owner
14002,Adoption
14003,Adoption
14004,Adoption
14005,Euthanasia
14006,Transfer
14007,Adoption
14008,Adoption
14009,Adoption
14010,Died
14011,Adoption
14012,Died
14013,Died
14014,Transfer
14015,Adoption
14016,Adoption
14017,Transfer
14018,Adoption
14019,Adoption
14020,Adoption
14021,Return to Owner
14022,Adoption
14023,Adoption
14024,Died
14025,Euthanasia
14026,Transfer
14027,Died
14028,Adoption
14029,Transfer
14030,Adoption
14031,Transfer
14032,Transfer
14033,Transfer
14034,Transfer
14035,Adoption
14036,Adoption
14037,Adoption
14038,Adoption
14039,Transfer
14040,Adoption
14041,Transfer
14042,Died
14043,Adoption
14044,Adoption
14045,Adoption
14046,Transfer
14047,Adoption
14048,Died
14049,Adoption
14050,Transfer
14051,Adoption
14052,Died
14053,Transfer
14054,Adoption
14055,Return to Owner
14056,Transfer
14057,Transfer
14058,Transfer
14059,Transfer
14060,Adoption
14061,Adoption
14062,Transfer
14063,Transfer
14064,Died
14065,Return to Owner
14066,Died
14067,Adoption
14068,Return to Owner
14069,Adoption
14070,Transfer
14071,Transfer
14072,Transfer
14073,Transfer
14074,Adoption
14075,Adoption
14076,Died
14077,Transfer
14078,Transfer
14079,Transfer
14080,Died
14081,Transfer
14082,Died
14083,Transfer
14084,Died
14085,Transfer
14086,Transfer
14087,Adoption
14088,Transfer
14089,Transfer
14090,Adoption
14091,Return to Owner
14092,Transfer
14093,Adoption
14094,Adoption
14095,Adoption
14096,Died
14097,Transfer
14098,Adoption
14099,Died
14100,Adoption
14101,Died
14102,Transfer
14103,Died
14104,Adoption
14105,Adoption
14106,Adoption
14107,Transfer
14108,Adoption
14109,Adoption
14110,Adoption
14111,Euthanasia
14112,Transfer
14113,Return to Owner
14114,Adoption
14115,Adoption
14116,Transfer
14117,Died
14118,Adoption
14119,Adoption
14120,Adoption
14121,Adoption
14122,Transfer
14123,Adoption
14124,Transfer
14125,Return to Owner
14126,Transfer
14127,Adoption
14128,Adoption
14129,Adoption
14130,Adoption
14131,Adoption
14132,Adoption
14133,Adoption
14134,Died
14135,Return to Owner
14136,Adoption
14137,Transfer
14138,Adoption
14139,Transfer
14140,Transfer
14141,Transfer
14142,Transfer
14143,Died
14144,Transfer
14145,Died
14146,Died
14147,Transfer
14148,Died
14149,Transfer
14150,Transfer
14151,Died
14152,Adoption
14153,Transfer
14154,Adoption
14155,Adoption
14156,Adoption
14157,Transfer
14158,Transfer
14159,Died
14160,Adoption
14161,Adoption
14162,Adoption
14163,Adoption
14164,Adoption
14165,Euthanasia
14166,Adoption
14167,Transfer
14168,Died
14169,Transfer
14170,Transfer
14171,Adoption
14172,Return to Owner
14173,Adoption
14174,Died
14175,Died
14176,Died
14177,Transfer
14178,Adoption
14179,Adoption
14180,Adoption
14181,Transfer
14182,Transfer
14183,Euthanasia
14184,Transfer
14185,Adoption
14186,Adoption
14187,Adoption
14188,Transfer
14189,Adoption
14190,Transfer
14191,Adoption
14192,Died
14193,Euthanasia
14194,Transfer
14195,Adoption
14196,Adoption
14197,Transfer
14198,Euthanasia
14199,Adoption
14200,Transfer
14201,Transfer
14202,Transfer
14203,Adoption
14204,Transfer
14205,Transfer
14206,Adoption
14207,Transfer
14208,Died
14209,Died
14210,Adoption
14211,Died
14212,Died
14213,Return to Owner
14214,Adoption
14215,Adoption
14216,Adoption
14217,Return to Owner
14218,Died
14219,Transfer
14220,Transfer
14221,Died
14222,Adoption
14223,Died
14224,Transfer
14225,Died
14226,Adoption
14227,Adoption
14228,Adoption
14229,Transfer
14230,Adoption
14231,Died
14232,Adoption
14233,Adoption
14234,Adoption
14235,Return to Owner
14236,Transfer
14237,Transfer
14238,Adoption
14239,Transfer
14240,Transfer
14241,Died
14242,Transfer
14243,Adoption
14244,Adoption
14245,Adoption
14246,Adoption
14247,Transfer
14248,Transfer
14249,Adoption
14250,Transfer
14251,Adoption
14252,Adoption
14253,Transfer
14254,Transfer
14255,Transfer
14256,Died
14257,Adoption
14258,Adoption
14259,Transfer
14260,Adoption
14261,Adoption
14262,Transfer
14263,Adoption
14264,Died
14265,Euthanasia
14266,Transfer
14267,Adoption
14268,Adoption
14269,Adoption
14270,Adoption
14271,Transfer
14272,Adoption
14273,Died
14274,Transfer
14275,Died
14276,Transfer
14277,Died
14278,Transfer
14279,Transfer
14280,Euthanasia
14281,Transfer
14282,Transfer
14283,Adoption
14284,Transfer
14285,Adoption
14286,Adoption
14287,Euthanasia
14288,Died
14289,Transfer
14290,Adoption
14291,Died
14292,Transfer
14293,Transfer
14294,Transfer
14295,Adoption
14296,Adoption
14297,Transfer
14298,Return to Owner
14299,Euthanasia
14300,Adoption
14301,Adoption
14302,Died
14303,Adoption
14304,Transfer
14305,Died
14306,Transfer
14307,Transfer
14308,Adoption
14309,Transfer
14310,Adoption
14311,Adoption
14312,Transfer
14313,Adoption
14314,Return to Owner
14315,Adoption
14316,Euthanasia
14317,Adoption
14318,Transfer
14319,Adoption
14320,Transfer
14321,Adoption
14322,Died
14323,Transfer
14324,Adoption
14325,Return to Owner
14326,Transfer
14327,Adoption
14328,Adoption
14329,Adoption
14330,Died
14331,Adoption
14332,Died
14333,Adoption
14334,Adoption
14335,Adoption
14336,Adoption
14337,Adoption
14338,Transfer
14339,Transfer
14340,Died
14341,Adoption
14342,Return to Owner
14343,Return to Owner
14344,Transfer
14345,Transfer
14346,Transfer
14347,Transfer
14348,Adoption
14349,Transfer
14350,Transfer
14351,Adoption
14352,Adoption
14353,Euthanasia
14354,Died
14355,Transfer
14356,Transfer
14357,Transfer
14358,Adoption
14359,Transfer
14360,Euthanasia
14361,Adoption
14362,Adoption
14363,Return to Owner
14364,Adoption
14365,Died
14366,Transfer
14367,Transfer
14368,Return to Owner
14369,Died
14370,Died
14371,Adoption
14372,Euthanasia
14373,Transfer
14374,Transfer
14375,Adoption
14376,Transfer
14377,Died
14378,Euthanasia
14379,Adoption
14380,Adoption
14381,Transfer
14382,Return to Owner
14383,Adoption
14384,Transfer
14385,Transfer
14386,Adoption
14387,Died
14388,Transfer
14389,Transfer
14390,Adoption
14391,Transfer
14392,Transfer
14393,Transfer
14394,Adoption
14395,Transfer
14396,Transfer
14397,Died
14398,Adoption
14399,Adoption
14400,Adoption
14401,Died
14402,Adoption
14403,Return to Owner
14404,Adoption
14405,Adoption
14406,Adoption
14407,Transfer
14408,Euthanasia
14409,Transfer
14410,Transfer
14411,Transfer
14412,Adoption
14413,Died
14414,Adoption
14415,Transfer
14416,Adoption
14417,Return to Owner
14418,Euthanasia
14419,Died
14420,Transfer
14421,Transfer
14422,Adoption
14423,Adoption
14424,Transfer
14425,Adoption
14426,Died
14427,Died
14428,Transfer
14429,Adoption
14430,Transfer
14431,Died
14432,Adoption
14433,Adoption
14434,Adoption
14435,Adoption
14436,Died
14437,Adoption
14438,Adoption
14439,Died
14440,Adoption
14441,Transfer
14442,Transfer
14443,Adoption
14444,Transfer
14445,Died
14446,Transfer
14447,Died
14448,Transfer
14449,Died
14450,Adoption
14451,Died
14452,Died
14453,Transfer
14454,Adoption
14455,Adoption
14456,Adoption
14457,Return to Owner
14458,Died
14459,Adoption
14460,Transfer
14461,Adoption
14462,Transfer
14463,Transfer
14464,Transfer
14465,Died
14466,Transfer
14467,Adoption
14468,Transfer
14469,Died
14470,Died
14471,Transfer
14472,Transfer
14473,Adoption
14474,Transfer
14475,Adoption
14476,Transfer
14477,Transfer
14478,Adoption
14479,Adoption
14480,Adoption
14481,Adoption
14482,Adoption
14483,Adoption
14484,Adoption
14485,Transfer
14486,Died
14487,Transfer
14488,Adoption
14489,Adoption
14490,Adoption
14491,Died
14492,Adoption
14493,Adoption
14494,Adoption
14495,Died
14496,Died
14497,Transfer
14498,Adoption
14499,Transfer
14500,Transfer
14501,Adoption
14502,Adoption
14503,Transfer
14504,Adoption
14505,Adoption
14506,Euthanasia
14507,Adoption
14508,Died
14509,Euthanasia
14510,Died
14511,Adoption
14512,Adoption
14513,Euthanasia
14514,Died
14515,Transfer
14516,Died
14517,Transfer
14518,Adoption
14519,Adoption
14520,Euthanasia
14521,Died
14522,Adoption
14523,Adoption
14524,Adoption
14525,Transfer
14526,Died
14527,Transfer
14528,Adoption
14529,Adoption
14530,Adoption
14531,Adoption
14532,Adoption
14533,Transfer
14534,Adoption
14535,Adoption
14536,Transfer
14537,Euthanasia
14538,Adoption
14539,Died
14540,Transfer
14541,Died
14542,Transfer
14543,Died
14544,Adoption
14545,Adoption
14546,Transfer
14547,Transfer
14548,Died
14549,Transfer
14550,Return to Owner
14551,Transfer
14552,Adoption
14553,Died
14554,Transfer
14555,Adoption
14556,Transfer
14557,Transfer
14558,Adoption
14559,Transfer
14560,Died
14561,Transfer
14562,Adoption
14563,Transfer
14564,Transfer
14565,Transfer
14566,Transfer
14567,Adoption
14568,Died
14569,Transfer
14570,Adoption
14571,Adoption
14572,Died
14573,Adoption
14574,Adoption
14575,Transfer
14576,Transfer
14577,Adoption
14578,Adoption
14579,Adoption
14580,Transfer
14581,Adoption
14582,Adoption
14583,Transfer
14584,Adoption
14585,Transfer
14586,Transfer
14587,Died
14588,Transfer
14589,Transfer
14590,Adoption
14591,Died
14592,Died
14593,Transfer
14594,Died
14595,Transfer
14596,Euthanasia
14597,Transfer
14598,Died
14599,Adoption
14600,Adoption
14601,Adoption
14602,Euthanasia
14603,Transfer
14604,Transfer
14605,Adoption
14606,Transfer
14607,Adoption
14608,Died
14609,Adoption
14610,Died
14611,Euthanasia
14612,Adoption
14613,Adoption
14614,Euthanasia
14615,Adoption
14616,Adoption
14617,Adoption
14618,Died
14619,Adoption
14620,Adoption
14621,Transfer
14622,Transfer
14623,Died
14624,Died
14625,Euthanasia
14626,Transfer
14627,Transfer
14628,Died
14629,Euthanasia
14630,Adoption
14631,Adoption
14632,Adoption
14633,Adoption
14634,Return to Owner
14635,Transfer
14636,Adoption
14637,Adoption
14638,Transfer
14639,Return to Owner
14640,Transfer
14641,Transfer
14642,Died
14643,Transfer
14644,Adoption
14645,Adoption
14646,Transfer
14647,Adoption
14648,Transfer
14649,Euthanasia
14650,Transfer
14651,Died
14652,Adoption
14653,Died
14654,Euthanasia
14655,Adoption
14656,Transfer
14657,Return to Owner
14658,Adoption
14659,Transfer
14660,Died
14661,Adoption
14662,Adoption
14663,Adoption
14664,Transfer
14665,Transfer
14666,Died
14667,Adoption
14668,Adoption
14669,Return to Owner
14670,Adoption
14671,Died
14672,Adoption
14673,Adoption
14674,Transfer
14675,Adoption
14676,Transfer
14677,Adoption
14678,Transfer
14679,Died
14680,Transfer
14681,Transfer
14682,Transfer
14683,Adoption
14684,Transfer
14685,Transfer
14686,Adoption
14687,Transfer
14688,Transfer
14689,Transfer
14690,Transfer
14691,Adoption
14692,Adoption
14693,Adoption
14694,Transfer
14695,Adoption
14696,Died
14697,Adoption
14698,Died
14699,Transfer
14700,Return to Owner
14701,Transfer
14702,Adoption
14703,Adoption
14704,Transfer
14705,Transfer
14706,Transfer
14707,Adoption
14708,Transfer
14709,Adoption
14710,Transfer
14711,Transfer
14712,Transfer
14713,Transfer
14714,Transfer
14715,Adoption
14716,Transfer
14717,Adoption
14718,Adoption
14719,Adoption
14720,Adoption
14721,Died
14722,Adoption
14723,Died
14724,Transfer
14725,Adoption
14726,Euthanasia
14727,Return to Owner
14728,Died
14729,Adoption
14730,Adoption
14731,Adoption
14732,Adoption
14733,Adoption
14734,Adoption
14735,Adoption
14736,Adoption
14737,Transfer
14738,Adoption
14739,Adoption
14740,Died
14741,Adoption
14742,Transfer
14743,Died
14744,Adoption
14745,Adoption
14746,Died
14747,Died
14748,Adoption
14749,Adoption
14750,Transfer
14751,Euthanasia
14752,Return to Owner
14753,Adoption
14754,Adoption
14755,Adoption
14756,Transfer
14757,Adoption
14758,Euthanasia
14759,Transfer
14760,Died
14761,Transfer
14762,Adoption
14763,Return to Owner
14764,Adoption
14765,Return to Owner
14766,Adoption
14767,Transfer
14768,Adoption
14769,Transfer
14770,Adoption
14771,Adoption
14772,Transfer
14773,Died
14774,Transfer
14775,Adoption
14776,Transfer
14777,Transfer
14778,Transfer
14779,Transfer
14780,Transfer
14781,Transfer
14782,Adoption
14783,Died
14784,Adoption
14785,Died
14786,Adoption
14787,Adoption
14788,Return to Owner
14789,Return to Owner
14790,Transfer
14791,Adoption
14792,Euthanasia
14793,Adoption
14794,Transfer
14795,Died
14796,Adoption
14797,Transfer
14798,Adoption
14799,Adoption
14800,Euthanasia
14801,Return to Owner
14802,Adoption
14803,Adoption
14804,Transfer
14805,Transfer
14806,Adoption
14807,Adoption
14808,Adoption
14809,Adoption
14810,Return to Owner
14811,Transfer
14812,Adoption
14813,Return to Owner
14814,Died
14815,Adoption
14816,Adoption
14817,Adoption
14818,Adoption
14819,Transfer
14820,Return to Owner
14821,Transfer
14822,Adoption
14823,Euthanasia
14824,Transfer
14825,Transfer
14826,Adoption
14827,Transfer
14828,Euthanasia
14829,Adoption
14830,Transfer
14831,Died
14832,Adoption
14833,Transfer
14834,Transfer
14835,Euthanasia
14836,Died
14837,Transfer
14838,Transfer
14839,Died
14840,Transfer
14841,Transfer
14842,Adoption
14843,Euthanasia
14844,Return to Owner
14845,Died
14846,Died
14847,Died
14848,Adoption
14849,Adoption
14850,Return to Owner
14851,Adoption
14852,Transfer
14853,Transfer
14854,Adoption
14855,Euthanasia
14856,Adoption
14857,Euthanasia
14858,Adoption
14859,Euthanasia
14860,Adoption
14861,Adoption
14862,Adoption
14863,Transfer
14864,Transfer
14865,Died
14866,Died
14867,Adoption
14868,Transfer
14869,Adoption
14870,Adoption
14871,Transfer
14872,Died
14873,Transfer
14874,Euthanasia
14875,Died
14876,Adoption
14877,Adoption
14878,Died
14879,Euthanasia
14880,Transfer
14881,Adoption
14882,Adoption
14883,Adoption
14884,Transfer
14885,Died
14886,Transfer
14887,Died
14888,Died
14889,Adoption
14890,Transfer
14891,Died
14892,Adoption
14893,Adoption
14894,Transfer
14895,Transfer
14896,Transfer
14897,Transfer
14898,Adoption
14899,Adoption
14900,Transfer
14901,Died
14902,Return to Owner
14903,Adoption
14904,Adoption
14905,Died
14906,Adoption
14907,Transfer
14908,Adoption
14909,Adoption
14910,Adoption
14911,Adoption
14912,Adoption
14913,Euthanasia
14914,Adoption
14915,Transfer
14916,Died
14917,Died
14918,Transfer
14919,Transfer
14920,Adoption
14921,Adoption
14922,Died
14923,Return to Owner
14924,Died
14925,Died
14926,Adoption
14927,Adoption
14928,Adoption
14929,Died
14930,Adoption
14931,Transfer
14932,Transfer
14933,Adoption
14934,Transfer
14935,Died
14936,Adoption
14937,Died
14938,Died
14939,Return to Owner
14940,Adoption
14941,Return to Owner
14942,Euthanasia
14943,Transfer
14944,Adoption
14945,Transfer
14946,Died
14947,Transfer
14948,Adoption
14949,Died
14950,Adoption
14951,Transfer
14952,Died
14953,Died
14954,Transfer
14955,Transfer
14956,Adoption
14957,Adoption
14958,Adoption
14959,Transfer
14960,Transfer
14961,Transfer
14962,Adoption
14963,Transfer
14964,Transfer
14965,Died
14966,Transfer
14967,Transfer
14968,Adoption
14969,Adoption
14970,Transfer
14971,Adoption
14972,Adoption
14973,Adoption
14974,Died
14975,Adoption
14976,Adoption
14977,Died
14978,Adoption
14979,Adoption
14980,Transfer
14981,Died
14982,Transfer
14983,Transfer
14984,Adoption
14985,Adoption
14986,Adoption
14987,Transfer
14988,Died
14989,Adoption
14990,Transfer
14991,Adoption
14992,Adoption
14993,Adoption
14994,Transfer
14995,Died
14996,Adoption
14997,Adoption
14998,Transfer
14999,Adoption
15000,Euthanasia
15001,Adoption
15002,Adoption
15003,Adoption
15004,Return to Owner
15005,Adoption
15006,Euthanasia
15007,Died
15008,Transfer
15009,Euthanasia
15010,Adoption
15011,Adoption
15012,Transfer
15013,Return to Owner
15014,Transfer
15015,Transfer
15016,Transfer
15017,Adoption
15018,Adoption
15019,Adoption
15020,Adoption
15021,Adoption
15022,Adoption
15023,Died
15024,Transfer
15025,Adoption
15026,Transfer
15027,Adoption
15028,Transfer
15029,Return to Owner
15030,Transfer
15031,Adoption
15032,Adoption
15033,Transfer
15034,Adoption
15035,Died
15036,Died
15037,Adoption
15038,Adoption
15039,Adoption
15040,Adoption
15041,Died
15042,Adoption
15043,Transfer
15044,Adoption
15045,Died
15046,Adoption
15047,Transfer
15048,Adoption
15049,Died
15050,Adoption
15051,Euthanasia
15052,Adoption
15053,Transfer
15054,Died
15055,Transfer
15056,Died
15057,Died
15058,Transfer
15059,Transfer
15060,Transfer
15061,Died
15062,Died
15063,Transfer
15064,Adoption
15065,Transfer
15066,Adoption
15067,Adoption
15068,Transfer
15069,Transfer
15070,Transfer
15071,Adoption
15072,Adoption
15073,Transfer
15074,Transfer
15075,Transfer
15076,Adoption
15077,Adoption
15078,Adoption
15079,Euthanasia
15080,Transfer
15081,Return to Owner
15082,Transfer
15083,Died
15084,Transfer
15085,Adoption
15086,Transfer
15087,Transfer
15088,Euthanasia
15089,Adoption
15090,Adoption
15091,Transfer
15092,Adoption
15093,Adoption
15094,Adoption
15095,Adoption
15096,Adoption
15097,Transfer
15098,Transfer
15099,Euthanasia
15100,Transfer
15101,Transfer
15102,Adoption
15103,Died
15104,Return to Owner
15105,Adoption
15106,Return to Owner
15107,Died
15108,Transfer
15109,Died
15110,Died
15111,Adoption
15112,Transfer
15113,Transfer
15114,Adoption
15115,Transfer
15116,Transfer
15117,Transfer
15118,Died
15119,Adoption
15120,Transfer
15121,Adoption
15122,Transfer
15123,Died
15124,Transfer
15125,Transfer
15126,Adoption
15127,Died
15128,Adoption
15129,Transfer
15130,Adoption
15131,Euthanasia
15132,Euthanasia
15133,Transfer
15134,Adoption
15135,Transfer
15136,Transfer
15137,Adoption
15138,Transfer
15139,Transfer
15140,Transfer
15141,Return to Owner
15142,Transfer
15143,Adoption
15144,Transfer
15145,Adoption
15146,Adoption
15147,Adoption
15148,Transfer
15149,Adoption
15150,Transfer
15151,Adoption
15152,Died
15153,Adoption
15154,Adoption
15155,Adoption
15156,Transfer
15157,Transfer
15158,Euthanasia
15159,Transfer
15160,Died
15161,Transfer
15162,Transfer
15163,Adoption
15164,Died
15165,Transfer
15166,Transfer
15167,Return to Owner
15168,Died
15169,Adoption
15170,Died
15171,Transfer
15172,Adoption
15173,Died
15174,Adoption
15175,Return to Owner
15176,Adoption
15177,Transfer
15178,Died
15179,Transfer
15180,Euthanasia
15181,Adoption
15182,Adoption
15183,Adoption
15184,Transfer
15185,Transfer
15186,Adoption
15187,Adoption
15188,Adoption
15189,Adoption
15190,Adoption
15191,Adoption
15192,Transfer
15193,Died
15194,Died
15195,Adoption
15196,Adoption
15197,Adoption
15198,Transfer
15199,Adoption
15200,Adoption
15201,Transfer
15202,Transfer
15203,Adoption
15204,Adoption
15205,Died
15206,Transfer
15207,Transfer
15208,Euthanasia
15209,Adoption
15210,Died
15211,Transfer
15212,Adoption
15213,Transfer
15214,Died
15215,Transfer
15216,Transfer
15217,Transfer
15218,Adoption
15219,Died
15220,Adoption
15221,Died
15222,Adoption
15223,Adoption
15224,Adoption
15225,Transfer
15226,Died
15227,Euthanasia
15228,Transfer
15229,Adoption
15230,Transfer
15231,Transfer
15232,Transfer
15233,Transfer
15234,Died
15235,Adoption
15236,Transfer
15237,Adoption
15238,Adoption
15239,Died
15240,Adoption
15241,Died
15242,Transfer
15243,Transfer
15244,Died
15245,Adoption
15246,Died
15247,Transfer
15248,Euthanasia
15249,Euthanasia
15250,Died
15251,Adoption
15252,Return to Owner
15253,Adoption
15254,Transfer
15255,Died
15256,Adoption
15257,Died
15258,Died
15259,Transfer
15260,Adoption
15261,Died
15262,Died
15263,Died
15264,Adoption
15265,Died
15266,Transfer
15267,Adoption
15268,Adoption
15269,Adoption
15270,Adoption
15271,Euthanasia
15272,Adoption
15273,Died
15274,Died
15275,Adoption
15276,Adoption
15277,Transfer
15278,Adoption
15279,Adoption
15280,Adoption
15281,Died
15282,Adoption
15283,Died
15284,Return to Owner
15285,Died
15286,Euthanasia
15287,Transfer
15288,Transfer
15289,Transfer
15290,Adoption
15291,Adoption
15292,Adoption
15293,Adoption
15294,Died
15295,Transfer
15296,Adoption
15297,Adoption
15298,Euthanasia
15299,Died
15300,Adoption
15301,Adoption
15302,Died
15303,Adoption
15304,Died
15305,Adoption
15306,Transfer
15307,Transfer
15308,Adoption
15309,Adoption
15310,Adoption
15311,Transfer
15312,Died
15313,Adoption
15314,Transfer
15315,Adoption
15316,Transfer
15317,Transfer
15318,Adoption
15319,Adoption
15320,Died
15321,Transfer
15322,Transfer
15323,Transfer
15324,Transfer
15325,Died
15326,Adoption
15327,Adoption
15328,Transfer
15329,Transfer
15330,Died
15331,Transfer
15332,Transfer
15333,Adoption
15334,Adoption
15335,Euthanasia
15336,Died
15337,Died
15338,Transfer
15339,Transfer
15340,Transfer
15341,Died
15342,Transfer
15343,Transfer
15344,Adoption
15345,Transfer
15346,Transfer
15347,Adoption
15348,Transfer
15349,Adoption
15350,Died
15351,Adoption
15352,Died
15353,Transfer
15354,Return to Owner
15355,Died
15356,Adoption
15357,Adoption
15358,Died
15359,Transfer
15360,Died
15361,Died
15362,Adoption
15363,Died
15364,Adoption
15365,Transfer
15366,Transfer
15367,Euthanasia
15368,Transfer
15369,Died
15370,Transfer
15371,Adoption
15372,Adoption
15373,Transfer
15374,Died
15375,Adoption
15376,Adoption
15377,Died
15378,Adoption
15379,Adoption
15380,Adoption
15381,Died
15382,Adoption
15383,Died
15384,Adoption
15385,Adoption
15386,Adoption
15387,Adoption
15388,Adoption
15389,Adoption
15390,Adoption
15391,Adoption
15392,Transfer
15393,Adoption
15394,Transfer
15395,Transfer
15396,Return to Owner
15397,Died
15398,Adoption
15399,Adoption
15400,Adoption
15401,Euthanasia
15402,Adoption
15403,Adoption
15404,Transfer
15405,Euthanasia
15406,Died
15407,Adoption
15408,Return to Owner
15409,Transfer
15410,Adoption
15411,Transfer
15412,Died
15413,Transfer
15414,Adoption
15415,Adoption
15416,Adoption
15417,Adoption
15418,Return to Owner
15419,Adoption
15420,Died
15421,Transfer
15422,Adoption
15423,Adoption
15424,Adoption
15425,Adoption
15426,Died
15427,Adoption
15428,Died
15429,Transfer
15430,Died
15431,Transfer
15432,Died
15433,Transfer
15434,Transfer
15435,Died
15436,Adoption
15437,Adoption
15438,Transfer
15439,Adoption
15440,Euthanasia
15441,Transfer
15442,Transfer
15443,Died
15444,Euthanasia
15445,Died
15446,Euthanasia
15447,Died
15448,Adoption
15449,Transfer
15450,Euthanasia
15451,Transfer
15452,Died
15453,Died
15454,Transfer
15455,Adoption
15456,Adoption
15457,Transfer
15458,Adoption
15459,Transfer
15460,Transfer
15461,Adoption
15462,Adoption
15463,Died
15464,Adoption
15465,Died
15466,Adoption
15467,Adoption
15468,Transfer
15469,Adoption
15470,Transfer
15471,Died
15472,Adoption
15473,Adoption
15474,Died
15475,Return to Owner
15476,Adoption
15477,Adoption
15478,Adoption
15479,Died
15480,Transfer
15481,Adoption
15482,Transfer
15483,Adoption
15484,Adoption
15485,Euthanasia
15486,Adoption
15487,Transfer
15488,Adoption
15489,Transfer
15490,Adoption
15491,Adoption
15492,Died
15493,Adoption
15494,Adoption
15495,Adoption
15496,Transfer
15497,Transfer
15498,Transfer
15499,Adoption
15500,Adoption
15501,Adoption
15502,Transfer
15503,Return to Owner
15504,Transfer
15505,Adoption
15506,Adoption
15507,Adoption
15508,Died
15509,Adoption
15510,Adoption
15511,Transfer
15512,Transfer
15513,Transfer
15514,Transfer
15515,Adoption
15516,Adoption
15517,Adoption
15518,Adoption
15519,Adoption
15520,Died
15521,Died
15522,Adoption
15523,Euthanasia
15524,Adoption
15525,Transfer
15526,Euthanasia
15527,Adoption
15528,Died
15529,Adoption
15530,Adoption
15531,Adoption
15532,Transfer
15533,Transfer
15534,Adoption
15535,Transfer
15536,Adoption
15537,Died
15538,Died
15539,Died
15540,Died
15541,Transfer
15542,Transfer
15543,Adoption
15544,Died
15545,Return to Owner
15546,Adoption
15547,Return to Owner
15548,Adoption
15549,Transfer
15550,Adoption
15551,Died
15552,Transfer
15553,Died
15554,Adoption
15555,Died
15556,Transfer
15557,Adoption
15558,Adoption
15559,Transfer
15560,Adoption
15561,Transfer
15562,Transfer
15563,Transfer
15564,Adoption
15565,Transfer
15566,Adoption
15567,Transfer
15568,Died
15569,Return to Owner
15570,Adoption
15571,Adoption
15572,Died
15573,Adoption
15574,Transfer
15575,Transfer
15576,Euthanasia
15577,Adoption
15578,Adoption
15579,Transfer
15580,Adoption
15581,Return to Owner
15582,Adoption
15583,Adoption
15584,Transfer
15585,Adoption
15586,Euthanasia
15587,Adoption
15588,Transfer
15589,Transfer
15590,Adoption
15591,Adoption
15592,Adoption
15593,Transfer
15594,Transfer
15595,Adoption
15596,Transfer
15597,Died
15598,Transfer
15599,Adoption
15600,Died
15601,Transfer
15602,Adoption
15603,Adoption
15604,Euthanasia
15605,Adoption
15606,Died
15607,Adoption
15608,Adoption
15609,Adoption
15610,Transfer
15611,Transfer
15612,Adoption
15613,Adoption
15614,Transfer
15615,Transfer
15616,Transfer
15617,Died
15618,Died
15619,Transfer
15620,Transfer
15621,Adoption
15622,Adoption
15623,Transfer
15624,Transfer
15625,Adoption
15626,Adoption
15627,Transfer
15628,Died
15629,Transfer
15630,Adoption
15631,Adoption
15632,Died
15633,Transfer
15634,Died
15635,Adoption
15636,Adoption
15637,Adoption
15638,Euthanasia
15639,Died
15640,Transfer
15641,Adoption
15642,Transfer
15643,Adoption
15644,Transfer
15645,Adoption
15646,Adoption
15647,Adoption
15648,Adoption
15649,Return to Owner
15650,Euthanasia
15651,Adoption
15652,Adoption
15653,Adoption
15654,Adoption
15655,Died
15656,Died
15657,Died
15658,Died
15659,Return to Owner
15660,Died
15661,Transfer
15662,Died
15663,Return to Owner
15664,Died
15665,Transfer
15666,Transfer
15667,Adoption
15668,Adoption
15669,Transfer
15670,Adoption
15671,Adoption
15672,Transfer
15673,Adoption
15674,Adoption
15675,Adoption
15676,Adoption
15677,Adoption
15678,Transfer
15679,Transfer
15680,Adoption
15681,Adoption
15682,Return to Owner
15683,Died
15684,Adoption
15685,Transfer
15686,Euthanasia
15687,Died
15688,Died
15689,Transfer
15690,Adoption
15691,Transfer
15692,Died
15693,Return to Owner
15694,Died
15695,Adoption
15696,Transfer
15697,Transfer
15698,Adoption
15699,Died
15700,Adoption
15701,Died
15702,Adoption
15703,Adoption
15704,Transfer
15705,Adoption
15706,Transfer
15707,Transfer
15708,Transfer
15709,Adoption
15710,Died
15711,Transfer
15712,Transfer
15713,Transfer
15714,Died
15715,Transfer
15716,Adoption
15717,Died
15718,Transfer
15719,Adoption
15720,Adoption
15721,Died
15722,Died
15723,Euthanasia
15724,Transfer
15725,Transfer
15726,Transfer
15727,Adoption
15728,Transfer
15729,Adoption
15730,Transfer
15731,Died
15732,Adoption
15733,Transfer
15734,Adoption
15735,Adoption
15736,Adoption
15737,Adoption
15738,Transfer
15739,Adoption
15740,Transfer
15741,Adoption
15742,Transfer
15743,Adoption
15744,Transfer
15745,Adoption
15746,Died
15747,Adoption
15748,Transfer
15749,Adoption
15750,Adoption
15751,Transfer
15752,Adoption
15753,Died
15754,Transfer
15755,Transfer
15756,Euthanasia
15757,Adoption
15758,Adoption
15759,Transfer
15760,Died
15761,Transfer
15762,Adoption
15763,Died
15764,Adoption
15765,Died
15766,Transfer
15767,Euthanasia
15768,Adoption
15769,Adoption
15770,Adoption
15771,Transfer
15772,Transfer
15773,Adoption
15774,Adoption
15775,Transfer
15776,Adoption
15777,Adoption
15778,Transfer
15779,Transfer
15780,Transfer
15781,Transfer
15782,Adoption
15783,Adoption
15784,Transfer
15785,Transfer
15786,Adoption
15787,Transfer
15788,Transfer
15789,Adoption
15790,Euthanasia
15791,Transfer
15792,Adoption
15793,Died
15794,Return to Owner
15795,Adoption
15796,Adoption
15797,Died
15798,Transfer
15799,Transfer
15800,Transfer
15801,Adoption
15802,Died
15803,Adoption
15804,Euthanasia
15805,Adoption
15806,Transfer
15807,Return to Owner
15808,Adoption
15809,Transfer
15810,Adoption
15811,Adoption
15812,Adoption
15813,Transfer
15814,Euthanasia
15815,Transfer
15816,Transfer
15817,Died
15818,Adoption
15819,Adoption
15820,Died
15821,Adoption
15822,Euthanasia
15823,Adoption
15824,Adoption
15825,Transfer
15826,Adoption
15827,Transfer
15828,Transfer
15829,Transfer
15830,Died
15831,Transfer
15832,Adoption
15833,Transfer
15834,Adoption
15835,Transfer
15836,Adoption
15837,Transfer
15838,Adoption
15839,Adoption
15840,Adoption
15841,Adoption
15842,Transfer
15843,Transfer
15844,Adoption
15845,Adoption
15846,Adoption
15847,Transfer
15848,Transfer
15849,Adoption
15850,Adoption
15851,Transfer
15852,Transfer
15853,Adoption
15854,Adoption
15855,Adoption
15856,Adoption
15857,Transfer
15858,Transfer
15859,Adoption
15860,Adoption
15861,Transfer
15862,Euthanasia
15863,Transfer
15864,Transfer
15865,Transfer
15866,Transfer
15867,Transfer
15868,Euthanasia
15869,Died
15870,Adoption
15871,Adoption
15872,Died
15873,Transfer
15874,Adoption
15875,Transfer
15876,Died
15877,Return to Owner
15878,Adoption
15879,Adoption
15880,Transfer
15881,Transfer
15882,Died
15883,Adoption
15884,Euthanasia
15885,Euthanasia
15886,Adoption
15887,Died
15888,Died
15889,Adoption
15890,Transfer
15891,Adoption
15892,Adoption
15893,Adoption
15894,Transfer
15895,Transfer
15896,Adoption
15897,Euthanasia
15898,Transfer
15899,Euthanasia
15900,Transfer
15901,Adoption
15902,Adoption
15903,Adoption
15904,Return to Owner
15905,Adoption
15906,Transfer
15907,Died
15908,Died
15909,Adoption
15910,Died
15911,Transfer
15912,Adoption
15913,Transfer
15914,Transfer
15915,Transfer
15916,Adoption
15917,Died
15918,Adoption
15919,Adoption
15920,Adoption
15921,Adoption
15922,Adoption
15923,Adoption
15924,Adoption
15925,Euthanasia
15926,Adoption
15927,Adoption
15928,Died
15929,Adoption
15930,Transfer
15931,Transfer
15932,Return to Owner
15933,Adoption
15934,Died
15935,Transfer
15936,Adoption
15937,Adoption
15938,Adoption
15939,Transfer
15940,Adoption
15941,Adoption
15942,Transfer
15943,Adoption
15944,Transfer
15945,Transfer
15946,Transfer
15947,Return to Owner
15948,Adoption
15949,Transfer
15950,Transfer
15951,Transfer
15952,Adoption
15953,Died
15954,Died
15955,Transfer
15956,Return to Owner
15957,Transfer
15958,Transfer
15959,Adoption
15960,Adoption
15961,Euthanasia
15962,Adoption
15963,Transfer
15964,Transfer
15965,Died
15966,Died
15967,Adoption
15968,Adoption
15969,Died
15970,Transfer
15971,Euthanasia
15972,Transfer
15973,Died
15974,Died
15975,Adoption
15976,Adoption
15977,Adoption
15978,Transfer
15979,Died
15980,Adoption
15981,Transfer
15982,Return to Owner
15983,Transfer
15984,Adoption
15985,Adoption
15986,Euthanasia
15987,Adoption
15988,Transfer
15989,Adoption
15990,Died
15991,Adoption
15992,Adoption
15993,Euthanasia
15994,Return to Owner
15995,Adoption
15996,Adoption
15997,Euthanasia
15998,Adoption
15999,Died
16000,Adoption
16001,Transfer
16002,Adoption
16003,Adoption
16004,Adoption
16005,Adoption
16006,Adoption
16007,Adoption
16008,Euthanasia
16009,Adoption
16010,Transfer
16011,Transfer
16012,Transfer
16013,Transfer
16014,Adoption
16015,Died
16016,Adoption
16017,Adoption
16018,Adoption
16019,Transfer
16020,Adoption
16021,Adoption
16022,Died
16023,Adoption
16024,Transfer
16025,Adoption
16026,Transfer
16027,Transfer
16028,Transfer
16029,Died
16030,Return to Owner
16031,Adoption
16032,Adoption
16033,Transfer
16034,Transfer
16035,Transfer
16036,Died
16037,Euthanasia
16038,Adoption
16039,Died
16040,Transfer
16041,Euthanasia
16042,Transfer
16043,Adoption
16044,Transfer
16045,Adoption
16046,Transfer
16047,Died
16048,Transfer
16049,Transfer
16050,Adoption
16051,Adoption
16052,Euthanasia
16053,Transfer
16054,Died
16055,Adoption
16056,Died
16057,Transfer
16058,Adoption
16059,Euthanasia
16060,Transfer
16061,Transfer
16062,Adoption
16063,Transfer
16064,Died
16065,Transfer
16066,Transfer
16067,Adoption
16068,Adoption
16069,Adoption
16070,Died
16071,Adoption
16072,Transfer
16073,Adoption
16074,Adoption
16075,Died
16076,Return to Owner
16077,Died
16078,Return to Owner
16079,Transfer
16080,Adoption
16081,Adoption
16082,Adoption
16083,Died
16084,Died
16085,Adoption
16086,Transfer
16087,Died
16088,Adoption
16089,Died
16090,Euthanasia
16091,Euthanasia
16092,Euthanasia
16093,Transfer
16094,Return to Owner
16095,Adoption
16096,Transfer
16097,Transfer
16098,Died
16099,Adoption
16100,Adoption
16101,Transfer
16102,Adoption
16103,Transfer
16104,Adoption
16105,Adoption
16106,Transfer
16107,Euthanasia
16108,Adoption
16109,Return to Owner
16110,Transfer
16111,Died
16112,Transfer
16113,Died
16114,Adoption
16115,Adoption
16116,Transfer
16117,Adoption
16118,Transfer
16119,Adoption
16120,Adoption
16121,Transfer
16122,Transfer
16123,Transfer
16124,Died
16125,Transfer
16126,Adoption
16127,Adoption
16128,Adoption
16129,Adoption
16130,Transfer
16131,Return to Owner
16132,Adoption
16133,Adoption
16134,Died
16135,Died
16136,Transfer
16137,Transfer
16138,Adoption
16139,Adoption
16140,Adoption
16141,Died
16142,Transfer
16143,Adoption
16144,Transfer
16145,Adoption
16146,Transfer
16147,Transfer
16148,Died
16149,Transfer
16150,Adoption
16151,Transfer
16152,Died
16153,Adoption
16154,Died
16155,Adoption
16156,Transfer
16157,Adoption
16158,Transfer
16159,Adoption
16160,Adoption
16161,Adoption
16162,Euthanasia
16163,Adoption
16164,Transfer
16165,Return to Owner
16166,Transfer
16167,Adoption
16168,Transfer
16169,Adoption
16170,Adoption
16171,Transfer
16172,Transfer
16173,Adoption
16174,Adoption
16175,Adoption
16176,Adoption
16177,Transfer
16178,Died
16179,Died
16180,Adoption
16181,Transfer
16182,Died
16183,Return to Owner
16184,Adoption
16185,Adoption
16186,Died
16187,Transfer
16188,Adoption
16189,Adoption
16190,Died
16191,Died
16192,Adoption
16193,Died
16194,Transfer
16195,Adoption
16196,Transfer
16197,Adoption
16198,Transfer
16199,Transfer
16200,Died
16201,Adoption
16202,Transfer
16203,Adoption
16204,Adoption
16205,Adoption
16206,Adoption
16207,Adoption
16208,Adoption
16209,Transfer
16210,Transfer
16211,Transfer
16212,Adoption
16213,Transfer
16214,Transfer
16215,Transfer
16216,Transfer
16217,Died
16218,Transfer
16219,Adoption
16220,Transfer
16221,Transfer
16222,Adoption
16223,Transfer
16224,Transfer
16225,Died
16226,Adoption
16227,Adoption
16228,Transfer
16229,Adoption
16230,Transfer
16231,Adoption
16232,Transfer
16233,Transfer
16234,Died
16235,Adoption
16236,Adoption
16237,Transfer
16238,Return to Owner
16239,Transfer
16240,Euthanasia
16241,Return to Owner
16242,Adoption
16243,Died
16244,Died
16245,Transfer
16246,Transfer
16247,Transfer
16248,Adoption
16249,Transfer
16250,Adoption
16251,Died
16252,Transfer
16253,Died
16254,Euthanasia
16255,Return to Owner
16256,Adoption
16257,Died
16258,Euthanasia
16259,Transfer
16260,Adoption
16261,Died
16262,Died
16263,Adoption
16264,Transfer
16265,Transfer
16266,Adoption
16267,Transfer
16268,Adoption
16269,Transfer
16270,Transfer
16271,Adoption
16272,Adoption
16273,Transfer
16274,Adoption
16275,Died
16276,Return to Owner
16277,Euthanasia
16278,Transfer
16279,Adoption
16280,Transfer
16281,Return to Owner
16282,Transfer
16283,Died
16284,Adoption
16285,Died
16286,Adoption
16287,Adoption
16288,Died
16289,Adoption
16290,Transfer
16291,Return to Owner
16292,Return to Owner
16293,Euthanasia
16294,Adoption
16295,Transfer
16296,Adoption
16297,Adoption
16298,Died
16299,Adoption
16300,Transfer
16301,Transfer
16302,Adoption
16303,Adoption
16304,Adoption
16305,Died
16306,Died
16307,Adoption
16308,Adoption
16309,Adoption
16310,Adoption
16311,Transfer
16312,Adoption
16313,Transfer
16314,Died
16315,Died
16316,Adoption
16317,Transfer
16318,Adoption
16319,Transfer
16320,Transfer
16321,Transfer
16322,Adoption
16323,Transfer
16324,Died
16325,Adoption
16326,Adoption
16327,Adoption
16328,Transfer
16329,Euthanasia
16330,Adoption
16331,Adoption
16332,Adoption
16333,Transfer
16334,Died
16335,Adoption
16336,Adoption
16337,Adoption
16338,Euthanasia
16339,Return to Owner
16340,Adoption
16341,Adoption
16342,Euthanasia
16343,Died
16344,Euthanasia
16345,Died
16346,Euthanasia
16347,Transfer
16348,Adoption
16349,Adoption
16350,Return to Owner
16351,Adoption
16352,Adoption
16353,Adoption
16354,Adoption
16355,Transfer
16356,Transfer
16357,Adoption
16358,Adoption
16359,Adoption
16360,Adoption
16361,Transfer
16362,Adoption
16363,Transfer
16364,Return to Owner
16365,Died
16366,Adoption
16367,Transfer
16368,Return to Owner
16369,Transfer
16370,Transfer
16371,Euthanasia
16372,Adoption
16373,Died
16374,Adoption
16375,Adoption
16376,Return to Owner
16377,Transfer
16378,Adoption
16379,Transfer
16380,Adoption
16381,Adoption
16382,Died
16383,Transfer
16384,Euthanasia
16385,Transfer
16386,Adoption
16387,Transfer
16388,Adoption
16389,Adoption
16390,Adoption
16391,Died
16392,Adoption
16393,Transfer
16394,Died
16395,Transfer
16396,Adoption
16397,Died
16398,Transfer
16399,Transfer
16400,Euthanasia
16401,Transfer
16402,Adoption
16403,Died
16404,Transfer
16405,Adoption
16406,Transfer
16407,Transfer
16408,Transfer
16409,Transfer
16410,Adoption
16411,Return to Owner
16412,Transfer
16413,Died
16414,Adoption
16415,Died
16416,Adoption
16417,Transfer
16418,Transfer
16419,Adoption
16420,Adoption
16421,Died
16422,Adoption
16423,Adoption
16424,Died
16425,Transfer
16426,Adoption
16427,Died
16428,Adoption
16429,Adoption
16430,Adoption
16431,Euthanasia
16432,Died
16433,Transfer
16434,Died
16435,Transfer
16436,Transfer
16437,Return to Owner
16438,Adoption
16439,Adoption
16440,Adoption
16441,Transfer
16442,Adoption
16443,Adoption
16444,Adoption
16445,Adoption
16446,Transfer
16447,Transfer
16448,Adoption
16449,Return to Owner
16450,Adoption
16451,Adoption
16452,Euthanasia
16453,Euthanasia
16454,Adoption
16455,Adoption
16456,Transfer
16457,Adoption
16458,Adoption
16459,Adoption
16460,Adoption
16461,Adoption
16462,Transfer
16463,Adoption
16464,Adoption
16465,Adoption
16466,Transfer
16467,Transfer
16468,Transfer
16469,Adoption
16470,Adoption
16471,Adoption
16472,Died
16473,Euthanasia
16474,Died
16475,Adoption
16476,Adoption
16477,Adoption
16478,Died
16479,Adoption
16480,Adoption
16481,Transfer
16482,Adoption
16483,Euthanasia
16484,Died
16485,Adoption
16486,Euthanasia
16487,Transfer
16488,Euthanasia
16489,Transfer
16490,Adoption
16491,Adoption
16492,Died
16493,Died
16494,Adoption
16495,Adoption
16496,Transfer
16497,Adoption
16498,Adoption
16499,Euthanasia
16500,Return to Owner
16501,Died
16502,Transfer
16503,Adoption
16504,Euthanasia
16505,Adoption
16506,Adoption
16507,Transfer
16508,Return to Owner
16509,Died
16510,Adoption
16511,Transfer
16512,Transfer
16513,Transfer
16514,Euthanasia
16515,Transfer
16516,Transfer
16517,Died
16518,Transfer
16519,Euthanasia
16520,Adoption
16521,Adoption
16522,Euthanasia
16523,Adoption
16524,Transfer
16525,Transfer
16526,Euthanasia
16527,Adoption
16528,Adoption
16529,Adoption
16530,Adoption
16531,Adoption
16532,Transfer
16533,Euthanasia
16534,Euthanasia
16535,Transfer
16536,Adoption
16537,Euthanasia
16538,Adoption
16539,Adoption
16540,Adoption
16541,Adoption
16542,Transfer
16543,Transfer
16544,Died
16545,Died
16546,Adoption
16547,Adoption
16548,Transfer
16549,Euthanasia
16550,Adoption
16551,Adoption
16552,Transfer
16553,Adoption
16554,Transfer
16555,Transfer
16556,Transfer
16557,Adoption
16558,Euthanasia
16559,Adoption
16560,Died
16561,Adoption
16562,Died
16563,Transfer
16564,Transfer
16565,Died
16566,Adoption
16567,Transfer
16568,Transfer
16569,Died
16570,Transfer
16571,Transfer
16572,Died
16573,Transfer
16574,Adoption
16575,Euthanasia
16576,Transfer
16577,Died
16578,Transfer
16579,Adoption
16580,Died
16581,Return to Owner
16582,Transfer
16583,Transfer
16584,Adoption
16585,Adoption
16586,Transfer
16587,Transfer
16588,Adoption
16589,Transfer
16590,Adoption
16591,Adoption
16592,Adoption
16593,Adoption
16594,Transfer
16595,Return to Owner
16596,Adoption
16597,Died
16598,Adoption
16599,Adoption
16600,Transfer
16601,Transfer
16602,Adoption
16603,Died
16604,Transfer
16605,Return to Owner
16606,Adoption
16607,Adoption
16608,Adoption
16609,Adoption
16610,Return to Owner
16611,Adoption
16612,Adoption
16613,Died
16614,Transfer
16615,Transfer
16616,Adoption
16617,Transfer
16618,Transfer
16619,Died
16620,Died
16621,Transfer
16622,Adoption
16623,Transfer
16624,Adoption
16625,Euthanasia
16626,Transfer
16627,Adoption
16628,Transfer
16629,Transfer
16630,Transfer
16631,Transfer
16632,Adoption
16633,Euthanasia
16634,Transfer
16635,Euthanasia
16636,Transfer
16637,Adoption
16638,Adoption
16639,Transfer
16640,Transfer
16641,Transfer
16642,Adoption
16643,Transfer
16644,Adoption
16645,Adoption
16646,Transfer
16647,Euthanasia
16648,Died
16649,Adoption
16650,Transfer
16651,Adoption
16652,Transfer
16653,Died
16654,Died
16655,Adoption
16656,Transfer
16657,Adoption
16658,Transfer
16659,Transfer
16660,Adoption
16661,Transfer
16662,Transfer
16663,Adoption
16664,Died
16665,Adoption
16666,Transfer
16667,Transfer
16668,Adoption
16669,Euthanasia
16670,Adoption
16671,Died
16672,Adoption
16673,Transfer
16674,Return to Owner
16675,Died
16676,Adoption
16677,Adoption
16678,Euthanasia
16679,Adoption
16680,Died
16681,Adoption
16682,Adoption
16683,Adoption
16684,Transfer
16685,Adoption
16686,Transfer
16687,Adoption
16688,Adoption
16689,Euthanasia
16690,Adoption
16691,Died
16692,Transfer
16693,Transfer
16694,Adoption
16695,Adoption
16696,Euthanasia
16697,Adoption
16698,Adoption
16699,Adoption
16700,Transfer
16701,Died
16702,Transfer
16703,Died
16704,Died
16705,Died
16706,Transfer
16707,Died
16708,Died
16709,Adoption
16710,Adoption
16711,Adoption
16712,Adoption
16713,Euthanasia
16714,Died
16715,Adoption
16716,Adoption
16717,Transfer
16718,Adoption
16719,Adoption
16720,Transfer
16721,Died
16722,Adoption
16723,Transfer
16724,Adoption
16725,Adoption
16726,Died
16727,Transfer
16728,Adoption
16729,Adoption
16730,Transfer
16731,Adoption
16732,Transfer
16733,Euthanasia
16734,Adoption
16735,Euthanasia
16736,Adoption
16737,Adoption
16738,Adoption
16739,Transfer
16740,Died
16741,Return to Owner
16742,Transfer
16743,Transfer
16744,Died
16745,Transfer
16746,Adoption
16747,Adoption
16748,Euthanasia
16749,Transfer
16750,Transfer
16751,Transfer
16752,Transfer
16753,Died
16754,Adoption
16755,Died
16756,Adoption
16757,Transfer
16758,Return to Owner
16759,Adoption
16760,Transfer
16761,Died
16762,Transfer
16763,Transfer
16764,Adoption
16765,Adoption
16766,Transfer
16767,Transfer
16768,Transfer
16769,Transfer
16770,Transfer
16771,Euthanasia
16772,Transfer
16773,Adoption
16774,Adoption
16775,Transfer
16776,Transfer
16777,Adoption
16778,Transfer
16779,Died
16780,Euthanasia
16781,Transfer
16782,Adoption
16783,Adoption
16784,Transfer
16785,Return to Owner
16786,Transfer
16787,Return to Owner
16788,Adoption
16789,Adoption
16790,Transfer
16791,Died
16792,Adoption
16793,Died
16794,Adoption
16795,Adoption
16796,Died
16797,Transfer
16798,Transfer
16799,Died
16800,Euthanasia
16801,Transfer
16802,Adoption
16803,Transfer
16804,Euthanasia
16805,Transfer
16806,Adoption
16807,Adoption
16808,Adoption
16809,Transfer
16810,Euthanasia
16811,Transfer
16812,Adoption
16813,Return to Owner
16814,Transfer
16815,Adoption
16816,Euthanasia
16817,Died
16818,Transfer
16819,Adoption
16820,Adoption
16821,Adoption
16822,Died
16823,Died
16824,Euthanasia
16825,Euthanasia
16826,Transfer
16827,Return to Owner
16828,Euthanasia
16829,Return to Owner
16830,Adoption
16831,Adoption
16832,Euthanasia
16833,Adoption
16834,Transfer
16835,Transfer
16836,Adoption
16837,Euthanasia
16838,Transfer
16839,Adoption
16840,Adoption
16841,Died
16842,Return to Owner
16843,Adoption
16844,Transfer
16845,Died
16846,Transfer
16847,Transfer
16848,Adoption
16849,Died
16850,Adoption
16851,Transfer
16852,Died
16853,Died
16854,Transfer
16855,Adoption
16856,Transfer
16857,Adoption
16858,Adoption
16859,Adoption
16860,Transfer
16861,Died
16862,Adoption
16863,Adoption
16864,Transfer
16865,Died
16866,Adoption
16867,Adoption
16868,Transfer
16869,Euthanasia
16870,Transfer
16871,Transfer
16872,Transfer
16873,Died
16874,Transfer
16875,Transfer
16876,Died
16877,Adoption
16878,Transfer
16879,Adoption
16880,Adoption
16881,Adoption
16882,Transfer
16883,Euthanasia
16884,Died
16885,Died
16886,Transfer
16887,Adoption
16888,Return to Owner
16889,Transfer
16890,Return to Owner
16891,Return to Owner
16892,Adoption
16893,Died
16894,Adoption
16895,Adoption
16896,Adoption
16897,Adoption
16898,Adoption
16899,Transfer
16900,Adoption
16901,Adoption
16902,Adoption
16903,Transfer
16904,Adoption
16905,Died
16906,Adoption
16907,Adoption
16908,Transfer
16909,Transfer
16910,Died
16911,Transfer
16912,Died
16913,Adoption
16914,Adoption
16915,Adoption
16916,Transfer
16917,Adoption
16918,Transfer
16919,Return to Owner
16920,Transfer
16921,Transfer
16922,Transfer
16923,Transfer
16924,Adoption
16925,Transfer
16926,Died
16927,Died
16928,Transfer
16929,Died
16930,Transfer
16931,Transfer
16932,Transfer
16933,Transfer
16934,Transfer
16935,Died
16936,Died
16937,Adoption
16938,Transfer
16939,Adoption
16940,Adoption
16941,Transfer
16942,Transfer
16943,Transfer
16944,Transfer
16945,Adoption
16946,Adoption
16947,Transfer
16948,Adoption
16949,Died
16950,Transfer
16951,Adoption
16952,Adoption
16953,Return to Owner
16954,Died
16955,Died
16956,Adoption
16957,Transfer
16958,Adoption
16959,Adoption
16960,Return to Owner
16961,Transfer
16962,Transfer
16963,Died
16964,Transfer
16965,Adoption
16966,Adoption
16967,Adoption
16968,Adoption
16969,Died
16970,Transfer
16971,Transfer
16972,Adoption
16973,Adoption
16974,Adoption
16975,Adoption
16976,Euthanasia
16977,Died
16978,Transfer
16979,Transfer
16980,Transfer
16981,Transfer
16982,Died
16983,Adoption
16984,Adoption
16985,Euthanasia
16986,Transfer
16987,Transfer
16988,Adoption
16989,Died
16990,Return to Owner
16991,Transfer
16992,Transfer
16993,Adoption
16994,Transfer
16995,Transfer
16996,Transfer
16997,Adoption
16998,Adoption
16999,Adoption
17000,Adoption
17001,Transfer
17002,Transfer
17003,Died
17004,Adoption
17005,Adoption
17006,Adoption
17007,Euthanasia
17008,Adoption
17009,Died
17010,Adoption
17011,Adoption
17012,Return to Owner
17013,Transfer
17014,Adoption
17015,Adoption
17016,Transfer
17017,Adoption
17018,Adoption
17019,Died
17020,Died
17021,Adoption
17022,Adoption
17023,Adoption
17024,Died
17025,Transfer
17026,Transfer
17027,Died
17028,Return to Owner
17029,Transfer
17030,Died
17031,Transfer
17032,Transfer
17033,Died
17034,Euthanasia
17035,Adoption
17036,Euthanasia
17037,Adoption
17038,Transfer
17039,Adoption
17040,Adoption
17041,Adoption
17042,Died
17043,Adoption
17044,Euthanasia
17045,Transfer
17046,Adoption
17047,Transfer
17048,Euthanasia
17049,Transfer
17050,Adoption
17051,Adoption
17052,Transfer
17053,Transfer
17054,Transfer
17055,Adoption
17056,Transfer
17057,Adoption
17058,Return to Owner
17059,Return to Owner
17060,Adoption
17061,Transfer
17062,Adoption
17063,Adoption
17064,Adoption
17065,Adoption
17066,Adoption
17067,Adoption
17068,Transfer
17069,Adoption
17070,Died
17071,Transfer
17072,Adoption
17073,Died
17074,Transfer
17075,Return to Owner
17076,Adoption
17077,Transfer
17078,Died
17079,Return to Owner
17080,Adoption
17081,Transfer
17082,Adoption
17083,Transfer
17084,Adoption
17085,Transfer
17086,Return to Owner
17087,Adoption
17088,Transfer
17089,Adoption
17090,Adoption
17091,Died
17092,Adoption
17093,Adoption
17094,Adoption
17095,Transfer
17096,Transfer
17097,Adoption
17098,Return to Owner
17099,Transfer
17100,Adoption
17101,Adoption
17102,Adoption
17103,Transfer
17104,Transfer
17105,Died
17106,Died
17107,Died
17108,Adoption
17109,Return to Owner
17110,Died
17111,Adoption
17112,Transfer
17113,Transfer
17114,Transfer
17115,Adoption
17116,Euthanasia
17117,Transfer
17118,Transfer
17119,Transfer
17120,Euthanasia
17121,Died
17122,Transfer
17123,Adoption
17124,Transfer
17125,Euthanasia
17126,Adoption
17127,Transfer
17128,Transfer
17129,Adoption
17130,Transfer
17131,Adoption
17132,Adoption
17133,Transfer
17134,Adoption
17135,Died
17136,Return to Owner
17137,Adoption
17138,Transfer
17139,Adoption
17140,Euthanasia
17141,Died
17142,Adoption
17143,Died
17144,Transfer
17145,Adoption
17146,Died
17147,Transfer
17148,Transfer
17149,Adoption
17150,Transfer
17151,Adoption
17152,Adoption
17153,Transfer
17154,Died
17155,Adoption
17156,Died
17157,Adoption
17158,Adoption
17159,Adoption
17160,Euthanasia
17161,Died
17162,Adoption
17163,Transfer
17164,Transfer
17165,Adoption
17166,Transfer
17167,Transfer
17168,Transfer
17169,Adoption
17170,Transfer
17171,Transfer
17172,Adoption
17173,Transfer
17174,Transfer
17175,Transfer
17176,Died
17177,Adoption
17178,Transfer
17179,Transfer
17180,Adoption
17181,Adoption
17182,Adoption
17183,Adoption
17184,Transfer
17185,Euthanasia
17186,Transfer
17187,Adoption
17188,Died
17189,Died
17190,Adoption
17191,Died
17192,Transfer
17193,Adoption
17194,Adoption
17195,Adoption
17196,Died
17197,Transfer
17198,Transfer
17199,Transfer
17200,Died
17201,Transfer
17202,Transfer
17203,Transfer
17204,Adoption
17205,Adoption
17206,Transfer
17207,Transfer
17208,Died
17209,Died
17210,Adoption
17211,Died
17212,Transfer
17213,Transfer
17214,Adoption
17215,Adoption
17216,Adoption
17217,Transfer
17218,Died
17219,Died
17220,Transfer
17221,Return to Owner
17222,Euthanasia
17223,Died
17224,Transfer
17225,Adoption
17226,Adoption
17227,Adoption
17228,Transfer
17229,Transfer
17230,Adoption
17231,Euthanasia
17232,Adoption
17233,Transfer
17234,Adoption
17235,Transfer
17236,Transfer
17237,Adoption
17238,Died
17239,Adoption
17240,Died
17241,Transfer
17242,Adoption
17243,Adoption
17244,Adoption
17245,Transfer
17246,Return to Owner
17247,Adoption
17248,Adoption
17249,Transfer
17250,Adoption
17251,Transfer
17252,Adoption
17253,Transfer
17254,Transfer
17255,Died
17256,Transfer
17257,Adoption
17258,Adoption
17259,Adoption
17260,Transfer
17261,Died
17262,Adoption
17263,Adoption
17264,Transfer
17265,Died
17266,Died
17267,Adoption
17268,Transfer
17269,Adoption
17270,Transfer
17271,Adoption
17272,Died
17273,Died
17274,Transfer
17275,Transfer
17276,Died
17277,Transfer
17278,Adoption
17279,Transfer
17280,Transfer
17281,Adoption
17282,Died
17283,Adoption
17284,Died
17285,Adoption
17286,Adoption
17287,Adoption
17288,Transfer
17289,Died
17290,Transfer
17291,Adoption
17292,Transfer
17293,Adoption
17294,Return to Owner
17295,Transfer
17296,Euthanasia
17297,Return to Owner
17298,Transfer
17299,Euthanasia
17300,Transfer
17301,Adoption
17302,Euthanasia
17303,Adoption
17304,Adoption
17305,Adoption
17306,Died
17307,Adoption
17308,Adoption
17309,Transfer
17310,Adoption
17311,Adoption
17312,Adoption
17313,Died
17314,Died
17315,Transfer
17316,Transfer
17317,Transfer
17318,Euthanasia
17319,Adoption
17320,Transfer
17321,Adoption
17322,Adoption
17323,Transfer
17324,Adoption
17325,Died
17326,Transfer
17327,Transfer
17328,Adoption
17329,Transfer
17330,Adoption
17331,Transfer
17332,Transfer
17333,Adoption
17334,Adoption
17335,Died
17336,Adoption
17337,Died
17338,Adoption
17339,Adoption
17340,Euthanasia
17341,Adoption
17342,Died
17343,Transfer
17344,Adoption
17345,Adoption
17346,Adoption
17347,Died
17348,Euthanasia
17349,Adoption
17350,Transfer
17351,Adoption
17352,Died
17353,Euthanasia
17354,Transfer
17355,Transfer
17356,Died
17357,Adoption
17358,Transfer
17359,Died
17360,Adoption
17361,Return to Owner
17362,Return to Owner
17363,Adoption
17364,Adoption
17365,Transfer
17366,Adoption
17367,Died
17368,Adoption
17369,Adoption
17370,Died
17371,Adoption
17372,Adoption
17373,Adoption
17374,Adoption
17375,Transfer
17376,Transfer
17377,Adoption
17378,Transfer
17379,Transfer
17380,Adoption
17381,Transfer
17382,Adoption
17383,Died
17384,Return to Owner
17385,Adoption
17386,Return to Owner
17387,Adoption
17388,Transfer
17389,Adoption
17390,Died
17391,Return to Owner
17392,Transfer
17393,Transfer
17394,Transfer
17395,Adoption
17396,Return to Owner
17397,Adoption
17398,Adoption
17399,Adoption
17400,Euthanasia
17401,Transfer
17402,Transfer
17403,Adoption
17404,Died
17405,Died
17406,Died
17407,Transfer
17408,Adoption
17409,Adoption
17410,Adoption
17411,Adoption
17412,Adoption
17413,Adoption
17414,Transfer
17415,Euthanasia
17416,Adoption
17417,Transfer
17418,Died
17419,Adoption
17420,Transfer
17421,Adoption
17422,Euthanasia
17423,Adoption
17424,Transfer
17425,Adoption
17426,Return to Owner
17427,Adoption
17428,Adoption
17429,Adoption
17430,Transfer
17431,Transfer
17432,Transfer
17433,Euthanasia
17434,Adoption
17435,Adoption
17436,Died
17437,Adoption
17438,Return to Owner
17439,Transfer
17440,Died
17441,Adoption
17442,Transfer
17443,Transfer
17444,Transfer
17445,Adoption
17446,Died
17447,Adoption
17448,Adoption
17449,Transfer
17450,Adoption
17451,Died
17452,Adoption
17453,Adoption
17454,Died
17455,Adoption
17456,Adoption
17457,Died
17458,Adoption
17459,Adoption
17460,Adoption
17461,Transfer
17462,Adoption
17463,Adoption
17464,Transfer
17465,Transfer
17466,Adoption
17467,Died
17468,Transfer
17469,Died
17470,Transfer
17471,Transfer
17472,Euthanasia
17473,Transfer
17474,Adoption
17475,Adoption
17476,Died
17477,Died
17478,Transfer
17479,Adoption
17480,Transfer
17481,Adoption
17482,Transfer
17483,Return to Owner
17484,Adoption
17485,Died
17486,Transfer
17487,Transfer
17488,Died
17489,Died
17490,Transfer
17491,Adoption
17492,Transfer
17493,Died
17494,Adoption
17495,Died
17496,Adoption
17497,Transfer
17498,Adoption
17499,Transfer
17500,Died
17501,Died
17502,Adoption
17503,Transfer
17504,Died
17505,Adoption
17506,Adoption
17507,Died
17508,Adoption
17509,Adoption
17510,Transfer
17511,Euthanasia
17512,Transfer
17513,Transfer
17514,Transfer
17515,Adoption
17516,Adoption
17517,Adoption
17518,Transfer
17519,Transfer
17520,Died
17521,Died
17522,Died
17523,Adoption
17524,Transfer
17525,Adoption
17526,Adoption
17527,Adoption
17528,Transfer
17529,Transfer
17530,Adoption
17531,Adoption
17532,Transfer
17533,Transfer
17534,Adoption
17535,Return to Owner
17536,Transfer
17537,Adoption
17538,Return to Owner
17539,Transfer
17540,Died
17541,Euthanasia
17542,Adoption
17543,Transfer
17544,Adoption
17545,Died
17546,Adoption
17547,Adoption
17548,Transfer
17549,Transfer
17550,Died
17551,Transfer
17552,Adoption
17553,Transfer
17554,Transfer
17555,Adoption
17556,Died
17557,Transfer
17558,Euthanasia
17559,Transfer
17560,Adoption
17561,Adoption
17562,Died
17563,Adoption
17564,Return to Owner
17565,Died
17566,Adoption
17567,Adoption
17568,Died
17569,Adoption
17570,Adoption
17571,Transfer
17572,Adoption
17573,Adoption
17574,Adoption
17575,Return to Owner
17576,Adoption
17577,Transfer
17578,Adoption
17579,Transfer
17580,Died
17581,Adoption
17582,Adoption
17583,Transfer
17584,Euthanasia
17585,Transfer
17586,Died
17587,Transfer
17588,Adoption
17589,Died
17590,Transfer
17591,Adoption
17592,Adoption
17593,Adoption
17594,Adoption
17595,Transfer
17596,Adoption
17597,Adoption
17598,Transfer
17599,Transfer
17600,Adoption
17601,Return to Owner
17602,Adoption
17603,Adoption
17604,Transfer
17605,Transfer
17606,Died
17607,Adoption
17608,Transfer
17609,Died
17610,Transfer
17611,Died
17612,Adoption
17613,Died
17614,Transfer
17615,Transfer
17616,Adoption
17617,Transfer
17618,Adoption
17619,Transfer
17620,Adoption
17621,Adoption
17622,Adoption
17623,Died
17624,Died
17625,Transfer
17626,Died
17627,Adoption
17628,Transfer
17629,Transfer
17630,Died
17631,Adoption
17632,Return to Owner
17633,Died
17634,Adoption
17635,Adoption
17636,Transfer
17637,Adoption
17638,Adoption
17639,Euthanasia
17640,Euthanasia
17641,Adoption
17642,Adoption
17643,Euthanasia
17644,Transfer
17645,Adoption
17646,Transfer
17647,Transfer
17648,Adoption
17649,Euthanasia
17650,Transfer
17651,Adoption
17652,Adoption
17653,Transfer
17654,Transfer
17655,Adoption
17656,Adoption
17657,Adoption
17658,Adoption
17659,Transfer
17660,Adoption
17661,Died
17662,Adoption
17663,Return to Owner
17664,Adoption
17665,Transfer
17666,Adoption
17667,Adoption
17668,Adoption
17669,Died
17670,Transfer
17671,Transfer
17672,Adoption
17673,Transfer
17674,Transfer
17675,Transfer
17676,Adoption
17677,Transfer
17678,Died
17679,Adoption
17680,Transfer
17681,Adoption
17682,Adoption
17683,Transfer
17684,Died
17685,Adoption
17686,Transfer
17687,Died
17688,Transfer
17689,Died
17690,Transfer
17691,Transfer
17692,Transfer
17693,Adoption
17694,Transfer
17695,Adoption
17696,Adoption
17697,Return to Owner
17698,Adoption
17699,Adoption
17700,Return to Owner
17701,Adoption
17702,Transfer
17703,Adoption
17704,Died
17705,Died
17706,Transfer
17707,Transfer
17708,Return to Owner
17709,Adoption
17710,Transfer
17711,Transfer
17712,Adoption
17713,Adoption
17714,Adoption
17715,Adoption
17716,Transfer
17717,Euthanasia
17718,Transfer
17719,Adoption
17720,Return to Owner
17721,Adoption
17722,Return to Owner
17723,Transfer
17724,Died
17725,Adoption
17726,Adoption
17727,Died
17728,Return to Owner
17729,Adoption
17730,Died
17731,Transfer
17732,Transfer
17733,Transfer
17734,Died
17735,Adoption
17736,Transfer
17737,Adoption
17738,Euthanasia
17739,Died
17740,Died
17741,Transfer
17742,Adoption
17743,Transfer
17744,Adoption
17745,Adoption
17746,Adoption
17747,Transfer
17748,Adoption
17749,Transfer
17750,Adoption
17751,Transfer
17752,Transfer
17753,Transfer
17754,Adoption
17755,Return to Owner
17756,Euthanasia
17757,Transfer
17758,Transfer
17759,Adoption
17760,Adoption
17761,Adoption
17762,Transfer
17763,Adoption
17764,Adoption
17765,Transfer
17766,Adoption
17767,Adoption
17768,Died
17769,Return to Owner
17770,Transfer
17771,Died
17772,Died
17773,Died
17774,Transfer
17775,Transfer
17776,Euthanasia
17777,Died
17778,Died
17779,Transfer
17780,Adoption
17781,Transfer
17782,Died
17783,Return to Owner
17784,Adoption
17785,Adoption
17786,Adoption
17787,Transfer
17788,Adoption
17789,Return to Owner
17790,Return to Owner
17791,Died
17792,Transfer
17793,Adoption
17794,Died
17795,Died
17796,Died
17797,Transfer
17798,Transfer
17799,Transfer
17800,Transfer
17801,Adoption
17802,Adoption
17803,Adoption
17804,Died
17805,Transfer
17806,Adoption
17807,Adoption
17808,Died
17809,Adoption
17810,Transfer
17811,Return to Owner
17812,Transfer
17813,Adoption
17814,Adoption
17815,Adoption
17816,Died
17817,Transfer
17818,Died
17819,Died
17820,Adoption
17821,Euthanasia
17822,Transfer
17823,Died
17824,Euthanasia
17825,Adoption
17826,Euthanasia
17827,Euthanasia
17828,Adoption
17829,Euthanasia
17830,Adoption
17831,Died
17832,Transfer
17833,Adoption
17834,Adoption
17835,Died
17836,Transfer
17837,Transfer
17838,Euthanasia
17839,Adoption
17840,Transfer
17841,Euthanasia
17842,Died
17843,Adoption
17844,Adoption
17845,Transfer
17846,Adoption
17847,Died
17848,Transfer
17849,Transfer
17850,Transfer
17851,Return to Owner
17852,Transfer
17853,Transfer
17854,Adoption
17855,Adoption
17856,Transfer
17857,Adoption
17858,Adoption
17859,Transfer
17860,Died
17861,Euthanasia
17862,Transfer
17863,Transfer
17864,Transfer
17865,Euthanasia
17866,Died
17867,Died
17868,Adoption
17869,Adoption
17870,Adoption
17871,Died
17872,Transfer
17873,Adoption
17874,Adoption
17875,Transfer
17876,Transfer
17877,Return to Owner
17878,Euthanasia
17879,Died
17880,Adoption
17881,Died
17882,Adoption
17883,Adoption
17884,Transfer
17885,Transfer
17886,Adoption
17887,Transfer
17888,Transfer
17889,Adoption
17890,Transfer
17891,Euthanasia
17892,Adoption
17893,Euthanasia
17894,Adoption
17895,Adoption
17896,Died
17897,Adoption
17898,Transfer
17899,Adoption
17900,Euthanasia
17901,Adoption
17902,Transfer
17903,Adoption
17904,Died
17905,Adoption
17906,Transfer
17907,Adoption
17908,Died
17909,Died
17910,Transfer
17911,Adoption
17912,Transfer
17913,Euthanasia
17914,Adoption
17915,Transfer
17916,Died
17917,Adoption
17918,Adoption
17919,Adoption
17920,Transfer
17921,Adoption
17922,Adoption
17923,Adoption
17924,Return to Owner
17925,Transfer
17926,Transfer
17927,Euthanasia
17928,Transfer
17929,Adoption
17930,Adoption
17931,Euthanasia
17932,Adoption
17933,Died
17934,Died
17935,Transfer
17936,Adoption
17937,Adoption
17938,Transfer
17939,Died
17940,Euthanasia
17941,Adoption
17942,Transfer
17943,Transfer
17944,Adoption
17945,Adoption
17946,Adoption
17947,Adoption
17948,Died
17949,Died
17950,Euthanasia
17951,Euthanasia
17952,Adoption
17953,Died
17954,Transfer
17955,Died
17956,Transfer
17957,Adoption
17958,Adoption
17959,Transfer
17960,Transfer
17961,Died
17962,Died
17963,Transfer
17964,Adoption
17965,Died
17966,Adoption
17967,Transfer
17968,Adoption
17969,Died
17970,Adoption
17971,Adoption
17972,Adoption
17973,Adoption
17974,Transfer
17975,Adoption
17976,Died
17977,Transfer
17978,Transfer
17979,Transfer
17980,Adoption
17981,Died
17982,Adoption
17983,Adoption
17984,Adoption
17985,Transfer
17986,Adoption
17987,Adoption
17988,Adoption
17989,Transfer
17990,Died
17991,Transfer
17992,Died
17993,Transfer
17994,Adoption
17995,Adoption
17996,Transfer
17997,Return to Owner
17998,Transfer
17999,Return to Owner
18000,Adoption
18001,Died
18002,Transfer
18003,Adoption
18004,Transfer
18005,Adoption
18006,Euthanasia
18007,Adoption
18008,Adoption
18009,Adoption
18010,Died
18011,Transfer
18012,Adoption
18013,Transfer
18014,Adoption
18015,Died
18016,Euthanasia
18017,Adoption
18018,Adoption
18019,Transfer
18020,Adoption
18021,Adoption
18022,Adoption
18023,Adoption
18024,Adoption
18025,Adoption
18026,Adoption
18027,Transfer
18028,Adoption
18029,Transfer
18030,Adoption
18031,Adoption
18032,Adoption
18033,Adoption
18034,Adoption
18035,Transfer
18036,Died
18037,Return to Owner
18038,Adoption
18039,Transfer
18040,Died
18041,Transfer
18042,Transfer
18043,Transfer
18044,Adoption
18045,Transfer
18046,Adoption
18047,Transfer
18048,Transfer
18049,Adoption
18050,Euthanasia
18051,Died
18052,Died
18053,Transfer
18054,Adoption
18055,Adoption
18056,Euthanasia
18057,Transfer
18058,Adoption
18059,Adoption
18060,Return to Owner
18061,Adoption
18062,Adoption
18063,Died
18064,Adoption
18065,Transfer
18066,Transfer
18067,Adoption
18068,Adoption
18069,Adoption
18070,Transfer
18071,Transfer
18072,Transfer
18073,Adoption
18074,Transfer
18075,Adoption
18076,Return to Owner
18077,Transfer
18078,Adoption
18079,Adoption
18080,Transfer
18081,Transfer
18082,Adoption
18083,Adoption
18084,Transfer
18085,Adoption
18086,Died
18087,Transfer
18088,Adoption
18089,Transfer
18090,Transfer
18091,Adoption
18092,Transfer
18093,Euthanasia
18094,Adoption
18095,Return to Owner
18096,Adoption
18097,Adoption
18098,Adoption
18099,Adoption
18100,Adoption
18101,Transfer
18102,Transfer
18103,Adoption
18104,Transfer
18105,Euthanasia
18106,Euthanasia
18107,Transfer
18108,Adoption
18109,Adoption
18110,Transfer
18111,Adoption
18112,Adoption
18113,Transfer
18114,Transfer
18115,Transfer
18116,Return to Owner
18117,Euthanasia
18118,Transfer
18119,Adoption
18120,Transfer
18121,Transfer
18122,Adoption
18123,Adoption
18124,Transfer
18125,Adoption
18126,Transfer
18127,Transfer
18128,Transfer
18129,Transfer
18130,Died
18131,Adoption
18132,Adoption
18133,Transfer
18134,Transfer
18135,Adoption
18136,Died
18137,Transfer
18138,Adoption
18139,Adoption
18140,Adoption
18141,Adoption
18142,Transfer
18143,Transfer
18144,Transfer
18145,Adoption
18146,Adoption
18147,Adoption
18148,Adoption
18149,Died
18150,Adoption
18151,Died
18152,Adoption
18153,Adoption
18154,Transfer
18155,Adoption
18156,Transfer
18157,Adoption
18158,Died
18159,Transfer
18160,Return to Owner
18161,Adoption
18162,Died
18163,Transfer
18164,Died
18165,Died
18166,Died
18167,Transfer
18168,Transfer
18169,Euthanasia
18170,Transfer
18171,Adoption
18172,Transfer
18173,Adoption
18174,Adoption
18175,Adoption
18176,Died
18177,Transfer
18178,Transfer
18179,Adoption
18180,Transfer
18181,Adoption
18182,Adoption
18183,Adoption
18184,Adoption
18185,Adoption
18186,Adoption
18187,Euthanasia
18188,Transfer
18189,Adoption
18190,Died
18191,Died
18192,Transfer
18193,Adoption
18194,Died
18195,Adoption
18196,Return to Owner
18197,Euthanasia
18198,Adoption
18199,Adoption
18200,Transfer
18201,Transfer
18202,Adoption
18203,Adoption
18204,Died
18205,Euthanasia
18206,Adoption
18207,Transfer
18208,Transfer
18209,Transfer
18210,Adoption
18211,Transfer
18212,Died
18213,Adoption
18214,Adoption
18215,Adoption
18216,Died
18217,Transfer
18218,Transfer
18219,Transfer
18220,Transfer
18221,Euthanasia
18222,Transfer
18223,Adoption
18224,Adoption
18225,Adoption
18226,Euthanasia
18227,Adoption
18228,Adoption
18229,Transfer
18230,Adoption
18231,Transfer
18232,Transfer
18233,Adoption
18234,Euthanasia
18235,Return to Owner
18236,Died
18237,Adoption
18238,Euthanasia
18239,Adoption
18240,Return to Owner
18241,Adoption
18242,Adoption
18243,Adoption
18244,Adoption
18245,Adoption
18246,Died
18247,Return to Owner
18248,Adoption
18249,Adoption
18250,Transfer
18251,Transfer
18252,Died
18253,Transfer
18254,Return to Owner
18255,Adoption
18256,Transfer
18257,Adoption
18258,Transfer
18259,Adoption
18260,Died
18261,Adoption
18262,Adoption
18263,Died
18264,Adoption
18265,Transfer
18266,Transfer
18267,Euthanasia
18268,Adoption
18269,Adoption
18270,Transfer
18271,Transfer
18272,Return to Owner
18273,Adoption
18274,Adoption
18275,Adoption
18276,Adoption
18277,Died
18278,Transfer
18279,Transfer
18280,Died
18281,Adoption
18282,Died
18283,Transfer
18284,Transfer
18285,Died
18286,Return to Owner
18287,Adoption
18288,Transfer
18289,Adoption
18290,Adoption
18291,Euthanasia
18292,Transfer
18293,Transfer
18294,Transfer
18295,Transfer
18296,Transfer
18297,Transfer
18298,Return to Owner
18299,Transfer
18300,Adoption
18301,Adoption
18302,Transfer
18303,Adoption
18304,Adoption
18305,Transfer
18306,Adoption
18307,Return to Owner
18308,Adoption
18309,Died
18310,Transfer
18311,Died
18312,Adoption
18313,Transfer
18314,Adoption
18315,Adoption
18316,Euthanasia
18317,Transfer
18318,Adoption
18319,Adoption
18320,Adoption
18321,Transfer
18322,Adoption
18323,Transfer
18324,Transfer
18325,Transfer
18326,Died
18327,Adoption
18328,Adoption
18329,Adoption
18330,Died
18331,Adoption
18332,Died
18333,Died
18334,Transfer
18335,Transfer
18336,Adoption
18337,Transfer
18338,Adoption
18339,Transfer
18340,Died
18341,Transfer
18342,Died
18343,Died
18344,Adoption
18345,Transfer
18346,Adoption
18347,Died
18348,Adoption
18349,Died
18350,Adoption
18351,Transfer
18352,Return to Owner
18353,Return to Owner
18354,Adoption
18355,Adoption
18356,Adoption
18357,Transfer
18358,Transfer
18359,Adoption
18360,Transfer
18361,Transfer
18362,Adoption
18363,Transfer
18364,Died
18365,Transfer
18366,Euthanasia
18367,Adoption
18368,Return to Owner
18369,Transfer
18370,Euthanasia
18371,Adoption
18372,Transfer
18373,Adoption
18374,Transfer
18375,Transfer
18376,Adoption
18377,Return to Owner
18378,Adoption
18379,Adoption
18380,Adoption
18381,Transfer
18382,Died
18383,Died
18384,Adoption
18385,Euthanasia
18386,Transfer
18387,Died
18388,Euthanasia
18389,Died
18390,Transfer
18391,Transfer
18392,Transfer
18393,Adoption
18394,Adoption
18395,Euthanasia
18396,Transfer
18397,Died
18398,Adoption
18399,Transfer
18400,Adoption
18401,Adoption
18402,Transfer
18403,Transfer
18404,Adoption
18405,Adoption
18406,Adoption
18407,Died
18408,Transfer
18409,Adoption
18410,Adoption
18411,Transfer
18412,Transfer
18413,Transfer
18414,Died
18415,Died
18416,Adoption
18417,Adoption
18418,Died
18419,Transfer
18420,Adoption
18421,Adoption
18422,Died
18423,Transfer
18424,Transfer
18425,Transfer
18426,Died
18427,Adoption
18428,Adoption
18429,Transfer
18430,Transfer
18431,Euthanasia
18432,Died
18433,Adoption
18434,Adoption
18435,Adoption
18436,Died
18437,Euthanasia
18438,Adoption
18439,Transfer
18440,Transfer
18441,Died
18442,Adoption
18443,Died
18444,Adoption
18445,Transfer
18446,Died
18447,Return to Owner
18448,Died
18449,Adoption
18450,Transfer
18451,Died
18452,Died
18453,Died
18454,Died
18455,Transfer
18456,Died
18457,Adoption
18458,Transfer
18459,Died
18460,Died
18461,Died
18462,Adoption
18463,Return to Owner
18464,Transfer
18465,Return to Owner
18466,Transfer
18467,Transfer
18468,Return to Owner
18469,Transfer
18470,Transfer
18471,Transfer
18472,Adoption
18473,Adoption
18474,Adoption
18475,Transfer
18476,Transfer
18477,Return to Owner
18478,Adoption
18479,Transfer
18480,Transfer
18481,Adoption
18482,Adoption
18483,Adoption
18484,Transfer
18485,Transfer
18486,Adoption
18487,Transfer
18488,Transfer
18489,Died
18490,Return to Owner
18491,Transfer
18492,Died
18493,Died
18494,Transfer
18495,Transfer
18496,Died
18497,Adoption
18498,Euthanasia
18499,Adoption
18500,Died
18501,Died
18502,Adoption
18503,Adoption
18504,Adoption
18505,Euthanasia
18506,Died
18507,Transfer
18508,Transfer
18509,Adoption
18510,Transfer
18511,Transfer
18512,Adoption
18513,Died
18514,Transfer
18515,Adoption
18516,Transfer
18517,Transfer
18518,Transfer
18519,Adoption
18520,Transfer
18521,Transfer
18522,Adoption
18523,Adoption
18524,Transfer
18525,Adoption
18526,Return to Owner
18527,Euthanasia
18528,Adoption
18529,Transfer
18530,Transfer
18531,Transfer
18532,Transfer
18533,Transfer
18534,Transfer
18535,Transfer
18536,Adoption
18537,Adoption
18538,Transfer
18539,Adoption
18540,Died
18541,Died
18542,Transfer
18543,Transfer
18544,Adoption
18545,Adoption
18546,Transfer
18547,Euthanasia
18548,Adoption
18549,Transfer
18550,Adoption
18551,Adoption
18552,Adoption
18553,Transfer
18554,Transfer
18555,Euthanasia
18556,Adoption
18557,Adoption
18558,Died
18559,Return to Owner
18560,Transfer
18561,Transfer
18562,Euthanasia
18563,Transfer
18564,Transfer
18565,Adoption
18566,Return to Owner
18567,Return to Owner
18568,Adoption
18569,Adoption
18570,Died
18571,Transfer
18572,Adoption
18573,Transfer
18574,Transfer
18575,Euthanasia
18576,Transfer
18577,Adoption
18578,Died
18579,Adoption
18580,Return to Owner
18581,Transfer
18582,Transfer
18583,Transfer
18584,Adoption
18585,Adoption
18586,Euthanasia
18587,Died
18588,Adoption
18589,Transfer
18590,Adoption
18591,Died
18592,Adoption
18593,Adoption
18594,Died
18595,Died
18596,Adoption
18597,Adoption
18598,Died
18599,Adoption
18600,Adoption
18601,Transfer
18602,Adoption
18603,Adoption
18604,Adoption
18605,Adoption
18606,Transfer
18607,Adoption
18608,Return to Owner
18609,Transfer
18610,Adoption
18611,Died
18612,Died
18613,Died
18614,Adoption
18615,Transfer
18616,Adoption
18617,Died
18618,Transfer
18619,Euthanasia
18620,Transfer
18621,Adoption
18622,Adoption
18623,Transfer
18624,Adoption
18625,Adoption
18626,Adoption
18627,Died
18628,Adoption
18629,Transfer
18630,Transfer
18631,Transfer
18632,Transfer
18633,Adoption
18634,Transfer
18635,Adoption
18636,Adoption
18637,Return to Owner
18638,Adoption
18639,Euthanasia
18640,Euthanasia
18641,Adoption
18642,Transfer
18643,Adoption
18644,Transfer
18645,Euthanasia
18646,Adoption
18647,Return to Owner
18648,Adoption
18649,Died
18650,Adoption
18651,Adoption
18652,Adoption
18653,Transfer
18654,Transfer
18655,Transfer
18656,Transfer
18657,Transfer
18658,Transfer
18659,Adoption
18660,Transfer
18661,Adoption
18662,Died
18663,Adoption
18664,Transfer
18665,Adoption
18666,Transfer
18667,Return to Owner
18668,Transfer
18669,Died
18670,Died
18671,Died
18672,Transfer
18673,Transfer
18674,Transfer
18675,Died
18676,Return to Owner
18677,Adoption
18678,Died
18679,Adoption
18680,Died
18681,Transfer
18682,Adoption
18683,Transfer
18684,Adoption
18685,Adoption
18686,Transfer
18687,Adoption
18688,Adoption
18689,Transfer
18690,Adoption
18691,Adoption
18692,Transfer
18693,Adoption
18694,Transfer
18695,Adoption
18696,Died
18697,Transfer
18698,Adoption
18699,Died
18700,Transfer
18701,Adoption
18702,Transfer
18703,Adoption
18704,Adoption
18705,Adoption
18706,Adoption
18707,Transfer
18708,Died
18709,Adoption
18710,Transfer
18711,Died
18712,Adoption
18713,Euthanasia
18714,Adoption
18715,Died
18716,Transfer
18717,Died
18718,Adoption
18719,Transfer
18720,Transfer
18721,Adoption
18722,Died
18723,Transfer
18724,Euthanasia
18725,Died
18726,Adoption
18727,Transfer
18728,Adoption
18729,Adoption
18730,Transfer
18731,Adoption
18732,Adoption
18733,Adoption
18734,Return to Owner
18735,Adoption
18736,Transfer
18737,Adoption
18738,Return to Owner
18739,Adoption
18740,Adoption
18741,Transfer
18742,Adoption
18743,Transfer
18744,Adoption
18745,Adoption
18746,Adoption
18747,Adoption
18748,Adoption
18749,Adoption
18750,Died
18751,Died
18752,Transfer
18753,Adoption
18754,Transfer
18755,Died
18756,Died
18757,Adoption
18758,Transfer
18759,Adoption
18760,Died
18761,Died
18762,Transfer
18763,Adoption
18764,Transfer
18765,Adoption
18766,Transfer
18767,Adoption
18768,Died
18769,Adoption
18770,Died
18771,Adoption
18772,Died
18773,Transfer
18774,Adoption
18775,Euthanasia
18776,Return to Owner
18777,Transfer
18778,Transfer
18779,Adoption
18780,Adoption
18781,Transfer
18782,Transfer
18783,Adoption
18784,Died
18785,Transfer
18786,Transfer
18787,Return to Owner
18788,Adoption
18789,Transfer
18790,Transfer
18791,Died
18792,Died
18793,Adoption
18794,Transfer
18795,Died
18796,Adoption
18797,Return to Owner
18798,Transfer
18799,Died
18800,Adoption
18801,Transfer
18802,Died
18803,Adoption
18804,Adoption
18805,Adoption
18806,Euthanasia
18807,Transfer
18808,Transfer
18809,Euthanasia
18810,Return to Owner
18811,Transfer
18812,Died
18813,Transfer
18814,Euthanasia
18815,Return to Owner
18816,Adoption
18817,Transfer
18818,Transfer
18819,Euthanasia
18820,Transfer
18821,Adoption
18822,Adoption
18823,Adoption
18824,Transfer
18825,Died
18826,Adoption
18827,Adoption
18828,Adoption
18829,Adoption
18830,Adoption
18831,Transfer
18832,Transfer
18833,Transfer
18834,Died
18835,Adoption
18836,Return to Owner
18837,Adoption
18838,Transfer
18839,Died
18840,Died
18841,Transfer
18842,Adoption
18843,Died
18844,Died
18845,Died
18846,Adoption
18847,Adoption
18848,Adoption
18849,Transfer
18850,Transfer
18851,Transfer
18852,Transfer
18853,Died
18854,Transfer
18855,Adoption
18856,Adoption
18857,Transfer
18858,Died
18859,Euthanasia
18860,Adoption
18861,Return to Owner
18862,Transfer
18863,Adoption
18864,Adoption
18865,Adoption
18866,Transfer
18867,Adoption
18868,Adoption
18869,Adoption
18870,Adoption
18871,Died
18872,Died
18873,Transfer
18874,Transfer
18875,Died
18876,Transfer
18877,Adoption
18878,Died
18879,Died
18880,Adoption
18881,Transfer
18882,Adoption
18883,Euthanasia
18884,Died
18885,Adoption
18886,Transfer
18887,Adoption
18888,Return to Owner
18889,Transfer
18890,Transfer
18891,Adoption
18892,Transfer
18893,Transfer
18894,Died
18895,Died
18896,Adoption
18897,Adoption
18898,Adoption
18899,Transfer
18900,Died
18901,Return to Owner
18902,Transfer
18903,Died
18904,Transfer
18905,Adoption
18906,Adoption
18907,Transfer
18908,Adoption
18909,Adoption
18910,Died
18911,Adoption
18912,Died
18913,Transfer
18914,Adoption
18915,Transfer
18916,Transfer
18917,Adoption
18918,Transfer
18919,Euthanasia
18920,Transfer
18921,Transfer
18922,Transfer
18923,Return to Owner
18924,Euthanasia
18925,Transfer
18926,Died
18927,Died
18928,Died
18929,Adoption
18930,Adoption
18931,Euthanasia
18932,Transfer
18933,Died
18934,Adoption
18935,Adoption
18936,Died
18937,Adoption
18938,Adoption
18939,Adoption
18940,Adoption
18941,Transfer
18942,Adoption
18943,Transfer
18944,Adoption
18945,Transfer
18946,Transfer
18947,Transfer
18948,Adoption
18949,Adoption
18950,Transfer
18951,Died
18952,Adoption
18953,Adoption
18954,Transfer
18955,Adoption
18956,Adoption
18957,Adoption
18958,Died
18959,Transfer
18960,Transfer
18961,Died
18962,Transfer
18963,Euthanasia
18964,Return to Owner
18965,Return to Owner
18966,Adoption
18967,Died
18968,Died
18969,Transfer
18970,Adoption
18971,Adoption
18972,Transfer
18973,Died
18974,Adoption
18975,Transfer
18976,Transfer
18977,Adoption
18978,Transfer
18979,Adoption
18980,Adoption
18981,Adoption
18982,Died
18983,Return to Owner
18984,Transfer
18985,Transfer
18986,Died
18987,Return to Owner
18988,Transfer
18989,Adoption
18990,Transfer
18991,Adoption
18992,Transfer
18993,Died
18994,Adoption
18995,Transfer
18996,Adoption
18997,Transfer
18998,Died
18999,Transfer
19000,Return to Owner
19001,Euthanasia
19002,Adoption
19003,Transfer
19004,Died
19005,Died
19006,Euthanasia
19007,Transfer
19008,Died
19009,Transfer
19010,Transfer
19011,Transfer
19012,Adoption
19013,Died
19014,Transfer
19015,Transfer
19016,Adoption
19017,Died
19018,Transfer
19019,Return to Owner
19020,Adoption
19021,Transfer
19022,Euthanasia
19023,Transfer
19024,Died
19025,Died
19026,Return to Owner
19027,Transfer
19028,Return to Owner
19029,Adoption
19030,Transfer
19031,Adoption
19032,Transfer
19033,Adoption
19034,Adoption
19035,Adoption
19036,Transfer
19037,Adoption
19038,Transfer
19039,Died
19040,Transfer
19041,Transfer
19042,Died
19043,Adoption
19044,Died
19045,Transfer
19046,Died
19047,Transfer
19048,Transfer
19049,Transfer
19050,Adoption
19051,Adoption
19052,Transfer
19053,Transfer
19054,Adoption
19055,Adoption
19056,Adoption
19057,Transfer
19058,Adoption
19059,Euthanasia
19060,Died
19061,Return to Owner
19062,Transfer
19063,Transfer
19064,Died
19065,Return to Owner
19066,Adoption
19067,Died
19068,Adoption
19069,Adoption
19070,Adoption
19071,Adoption
19072,Adoption
19073,Adoption
19074,Transfer
19075,Adoption
19076,Adoption
19077,Adoption
19078,Adoption
19079,Transfer
19080,Adoption
19081,Adoption
19082,Transfer
19083,Transfer
19084,Adoption
19085,Died
19086,Adoption
19087,Transfer
19088,Adoption
19089,Transfer
19090,Adoption
19091,Transfer
19092,Transfer
19093,Adoption
19094,Euthanasia
19095,Euthanasia
19096,Return to Owner
19097,Died
19098,Euthanasia
19099,Euthanasia
19100,Adoption
19101,Return to Owner
19102,Died
19103,Died
19104,Died
19105,Adoption
19106,Euthanasia
19107,Return to Owner
19108,Transfer
19109,Adoption
19110,Transfer
19111,Adoption
19112,Died
19113,Transfer
19114,Transfer
19115,Adoption
19116,Euthanasia
19117,Adoption
19118,Adoption
19119,Died
19120,Transfer
19121,Transfer
19122,Adoption
19123,Died
19124,Adoption
19125,Adoption
19126,Euthanasia
19127,Adoption
19128,Adoption
19129,Died
19130,Died
19131,Died
19132,Adoption
19133,Died
19134,Died
19135,Euthanasia
19136,Died
19137,Adoption
19138,Transfer
19139,Adoption
19140,Adoption
19141,Died
19142,Transfer
19143,Transfer
19144,Died
19145,Euthanasia
19146,Adoption
19147,Adoption
19148,Adoption
19149,Died
19150,Transfer
19151,Died
19152,Return to Owner
19153,Died
19154,Adoption
19155,Transfer
19156,Transfer
19157,Return to Owner
19158,Transfer
19159,Died
19160,Adoption
19161,Died
19162,Transfer
19163,Transfer
19164,Transfer
19165,Died
19166,Transfer
19167,Euthanasia
19168,Transfer
19169,Died
19170,Adoption
19171,Adoption
19172,Euthanasia
19173,Return to Owner
19174,Adoption
19175,Adoption
19176,Euthanasia
19177,Died
19178,Adoption
19179,Adoption
19180,Died
19181,Transfer
19182,Transfer
19183,Return to Owner
19184,Died
19185,Adoption
19186,Adoption
19187,Adoption
19188,Transfer
19189,Transfer
19190,Transfer
19191,Died
19192,Return to Owner
19193,Transfer
19194,Transfer
19195,Euthanasia
19196,Adoption
19197,Died
19198,Adoption
19199,Adoption
19200,Adoption
19201,Adoption
19202,Adoption
19203,Adoption
19204,Transfer
19205,Adoption
19206,Transfer
19207,Transfer
19208,Transfer
19209,Transfer
19210,Died
19211,Adoption
19212,Died
19213,Died
19214,Adoption
19215,Return to Owner
19216,Adoption
19217,Died
19218,Adoption
19219,Return to Owner
19220,Adoption
19221,Transfer
19222,Transfer
19223,Adoption
19224,Adoption
19225,Adoption
19226,Transfer
19227,Adoption
19228,Died
19229,Return to Owner
19230,Transfer
19231,Adoption
19232,Died
19233,Adoption
19234,Transfer
19235,Adoption
19236,Adoption
19237,Transfer
19238,Adoption
19239,Died
19240,Adoption
19241,Died
19242,Adoption
19243,Transfer
19244,Adoption
19245,Return to Owner
19246,Euthanasia
19247,Adoption
19248,Transfer
19249,Adoption
19250,Transfer
19251,Adoption
19252,Transfer
19253,Adoption
19254,Adoption
19255,Transfer
19256,Died
19257,Died
19258,Adoption
19259,Transfer
19260,Transfer
19261,Transfer
19262,Transfer
19263,Transfer
19264,Euthanasia
19265,Adoption
19266,Adoption
19267,Transfer
19268,Adoption
19269,Died
19270,Died
19271,Died
19272,Return to Owner
19273,Transfer
19274,Adoption
19275,Died
19276,Transfer
19277,Return to Owner
19278,Transfer
19279,Died
19280,Died
19281,Adoption
19282,Transfer
19283,Transfer
19284,Adoption
19285,Adoption
19286,Transfer
19287,Euthanasia
19288,Transfer
19289,Transfer
19290,Died
19291,Adoption
19292,Adoption
19293,Transfer
19294,Adoption
19295,Transfer
19296,Transfer
19297,Died
19298,Transfer
19299,Died
19300,Adoption
19301,Adoption
19302,Died
19303,Adoption
19304,Return to Owner
19305,Adoption
19306,Adoption
19307,Died
19308,Adoption
19309,Died
19310,Return to Owner
19311,Adoption
19312,Euthanasia
19313,Adoption
19314,Died
19315,Euthanasia
19316,Died
19317,Adoption
19318,Adoption
19319,Adoption
19320,Died
19321,Transfer
19322,Transfer
19323,Adoption
19324,Adoption
19325,Died
19326,Adoption
19327,Died
19328,Adoption
19329,Euthanasia
19330,Transfer
19331,Died
19332,Transfer
19333,Transfer
19334,Transfer
19335,Adoption
19336,Return to Owner
19337,Adoption
19338,Adoption
19339,Transfer
19340,Died
19341,Adoption
19342,Adoption
19343,Adoption
19344,Adoption
19345,Adoption
19346,Died
19347,Adoption
19348,Transfer
19349,Adoption
19350,Euthanasia
19351,Adoption
19352,Transfer
19353,Transfer
19354,Adoption
19355,Adoption
19356,Return to Owner
19357,Adoption
19358,Adoption
19359,Transfer
19360,Adoption
19361,Transfer
19362,Adoption
19363,Transfer
19364,Died
19365,Adoption
19366,Adoption
19367,Died
19368,Transfer
19369,Transfer
19370,Adoption
19371,Adoption
19372,Transfer
19373,Return to Owner
19374,Adoption
19375,Died
19376,Adoption
19377,Died
19378,Adoption
19379,Transfer
19380,Adoption
19381,Transfer
19382,Adoption
19383,Transfer
19384,Died
19385,Transfer
19386,Euthanasia
19387,Transfer
19388,Died
19389,Died
19390,Died
19391,Transfer
19392,Adoption
19393,Adoption
19394,Adoption
19395,Adoption
19396,Died
19397,Died
19398,Adoption
19399,Adoption
19400,Transfer
19401,Died
19402,Adoption
19403,Euthanasia
19404,Adoption
19405,Adoption
19406,Return to Owner
19407,Adoption
19408,Transfer
19409,Died
19410,Transfer
19411,Adoption
19412,Transfer
19413,Adoption
19414,Died
19415,Died
19416,Transfer
19417,Died
19418,Adoption
19419,Adoption
19420,Return to Owner
19421,Died
19422,Transfer
19423,Adoption
19424,Return to Owner
19425,Adoption
19426,Transfer
19427,Died
19428,Died
19429,Adoption
19430,Adoption
19431,Transfer
19432,Adoption
19433,Adoption
19434,Adoption
19435,Adoption
19436,Adoption
19437,Transfer
19438,Transfer
19439,Adoption
19440,Adoption
19441,Transfer
19442,Died
19443,Euthanasia
19444,Died
19445,Died
19446,Transfer
19447,Died
19448,Transfer
19449,Transfer
19450,Adoption
19451,Adoption
19452,Transfer
19453,Adoption
19454,Transfer
19455,Transfer
19456,Return to Owner
19457,Adoption
19458,Adoption
19459,Transfer
19460,Transfer
19461,Died
19462,Adoption
19463,Adoption
19464,Adoption
19465,Transfer
19466,Transfer
19467,Adoption
19468,Died
19469,Died
19470,Died
19471,Adoption
19472,Adoption
19473,Adoption
19474,Died
19475,Adoption
19476,Died
19477,Transfer
19478,Adoption
19479,Transfer
19480,Adoption
19481,Adoption
19482,Transfer
19483,Died
19484,Transfer
19485,Transfer
19486,Transfer
19487,Adoption
19488,Died
19489,Transfer
19490,Adoption
19491,Adoption
19492,Adoption
19493,Adoption
19494,Transfer
19495,Transfer
19496,Transfer
19497,Transfer
19498,Adoption
19499,Transfer
19500,Died
19501,Transfer
19502,Adoption
19503,Died
19504,Died
19505,Adoption
19506,Transfer
19507,Transfer
19508,Transfer
19509,Return to Owner
19510,Adoption
19511,Adoption
19512,Adoption
19513,Died
19514,Died
19515,Transfer
19516,Adoption
19517,Died
19518,Adoption
19519,Transfer
19520,Died
19521,Died
19522,Transfer
19523,Adoption
19524,Adoption
19525,Adoption
19526,Adoption
19527,Transfer
19528,Transfer
19529,Adoption
19530,Transfer
19531,Adoption
19532,Adoption
19533,Adoption
19534,Died
19535,Died
19536,Died
19537,Died
19538,Transfer
19539,Adoption
19540,Transfer
19541,Adoption
19542,Died
19543,Return to Owner
19544,Transfer
19545,Transfer
19546,Died
19547,Adoption
19548,Adoption
19549,Died
19550,Adoption
19551,Died
19552,Adoption
19553,Transfer
19554,Adoption
19555,Transfer
19556,Transfer
19557,Adoption
19558,Died
19559,Adoption
19560,Transfer
19561,Adoption
19562,Transfer
19563,Euthanasia
19564,Adoption
19565,Euthanasia
19566,Adoption
19567,Return to Owner
19568,Adoption
19569,Transfer
19570,Return to Owner
19571,Adoption
19572,Transfer
19573,Transfer
19574,Transfer
19575,Adoption
19576,Euthanasia
19577,Transfer
19578,Adoption
19579,Died
19580,Transfer
19581,Died
19582,Adoption
19583,Adoption
19584,Adoption
19585,Transfer
19586,Adoption
19587,Died
19588,Adoption
19589,Died
19590,Adoption
19591,Transfer
19592,Adoption
19593,Transfer
19594,Adoption
19595,Adoption
19596,Died
19597,Died
19598,Transfer
19599,Transfer
19600,Adoption
19601,Euthanasia
19602,Adoption
19603,Adoption
19604,Adoption
19605,Transfer
19606,Adoption
19607,Transfer
19608,Adoption
19609,Adoption
19610,Adoption
19611,Transfer
19612,Adoption
19613,Died
19614,Transfer
19615,Adoption
19616,Adoption
19617,Transfer
19618,Transfer
19619,Adoption
19620,Transfer
19621,Transfer
19622,Adoption
19623,Transfer
19624,Adoption
19625,Transfer
19626,Transfer
19627,Adoption
19628,Return to Owner
19629,Died
19630,Died
19631,Adoption
19632,Transfer
19633,Adoption
19634,Transfer
19635,Adoption
19636,Transfer
19637,Adoption
19638,Adoption
19639,Transfer
19640,Adoption
19641,Adoption
19642,Transfer
19643,Transfer
19644,Died
19645,Died
19646,Transfer
19647,Transfer
19648,Died
19649,Transfer
19650,Return to Owner
19651,Died
19652,Adoption
19653,Adoption
19654,Died
19655,Adoption
19656,Adoption
19657,Adoption
19658,Adoption
19659,Adoption
19660,Died
19661,Adoption
19662,Euthanasia
19663,Adoption
19664,Adoption
19665,Return to Owner
19666,Died
19667,Adoption
19668,Euthanasia
19669,Died
19670,Adoption
19671,Transfer
19672,Adoption
19673,Adoption
19674,Euthanasia
19675,Transfer
19676,Died
19677,Adoption
19678,Adoption
19679,Adoption
19680,Transfer
19681,Adoption
19682,Adoption
19683,Transfer
19684,Adoption
19685,Transfer
19686,Adoption
19687,Adoption
19688,Adoption
19689,Transfer
19690,Died
19691,Transfer
19692,Transfer
19693,Died
19694,Transfer
19695,Died
19696,Transfer
19697,Transfer
19698,Died
19699,Adoption
19700,Adoption
19701,Adoption
19702,Return to Owner
19703,Died
19704,Transfer
19705,Died
19706,Adoption
19707,Adoption
19708,Adoption
19709,Transfer
19710,Adoption
19711,Transfer
19712,Adoption
19713,Transfer
19714,Adoption
19715,Adoption
19716,Adoption
19717,Died
19718,Adoption
19719,Transfer
19720,Adoption
19721,Died
19722,Adoption
19723,Transfer
19724,Adoption
19725,Return to Owner
19726,Transfer
19727,Return to Owner
19728,Died
19729,Adoption
19730,Died
19731,Adoption
19732,Transfer
19733,Died
19734,Transfer
19735,Died
19736,Died
19737,Return to Owner
19738,Adoption
19739,Transfer
19740,Adoption
19741,Adoption
19742,Euthanasia
19743,Died
19744,Transfer
19745,Transfer
19746,Adoption
19747,Adoption
19748,Adoption
19749,Adoption
19750,Transfer
19751,Died
19752,Return to Owner
19753,Adoption
19754,Adoption
19755,Died
19756,Adoption
19757,Transfer
19758,Transfer
19759,Transfer
19760,Return to Owner
19761,Transfer
19762,Adoption
19763,Adoption
19764,Transfer
19765,Adoption
19766,Adoption
19767,Transfer
19768,Adoption
19769,Transfer
19770,Adoption
19771,Return to Owner
19772,Died
19773,Died
19774,Transfer
19775,Died
19776,Adoption
19777,Adoption
19778,Transfer
19779,Transfer
19780,Adoption
19781,Transfer
19782,Adoption
19783,Died
19784,Transfer
19785,Transfer
19786,Died
19787,Died
19788,Adoption
19789,Adoption
19790,Euthanasia
19791,Adoption
19792,Transfer
19793,Transfer
19794,Transfer
19795,Transfer
19796,Adoption
19797,Return to Owner
19798,Adoption
19799,Transfer
19800,Euthanasia
19801,Transfer
19802,Died
19803,Adoption
19804,Adoption
19805,Adoption
19806,Transfer
19807,Died
19808,Adoption
19809,Transfer
19810,Adoption
19811,Adoption
19812,Adoption
19813,Adoption
19814,Died
19815,Euthanasia
19816,Adoption
19817,Adoption
19818,Died
19819,Adoption
19820,Died
19821,Transfer
19822,Died
19823,Transfer
19824,Transfer
19825,Return to Owner
19826,Transfer
19827,Adoption
19828,Transfer
19829,Died
19830,Adoption
19831,Adoption
19832,Adoption
19833,Died
19834,Transfer
19835,Died
19836,Died
19837,Adoption
19838,Died
19839,Adoption
19840,Euthanasia
19841,Adoption
19842,Adoption
19843,Adoption
19844,Transfer
19845,Transfer
19846,Transfer
19847,Adoption
19848,Transfer
19849,Transfer
19850,Adoption
19851,Adoption
19852,Transfer
19853,Adoption
19854,Transfer
19855,Died
19856,Died
19857,Adoption
19858,Transfer
19859,Adoption
19860,Transfer
19861,Euthanasia
19862,Adoption
19863,Adoption
19864,Adoption
19865,Transfer
19866,Transfer
19867,Transfer
19868,Transfer
19869,Adoption
19870,Adoption
19871,Transfer
19872,Adoption
19873,Transfer
19874,Euthanasia
19875,Transfer
19876,Died
19877,Transfer
19878,Transfer
19879,Transfer
19880,Adoption
19881,Transfer
19882,Adoption
19883,Adoption
19884,Transfer
19885,Transfer
19886,Transfer
19887,Adoption
19888,Died
19889,Died
19890,Adoption
19891,Adoption
19892,Died
19893,Died
19894,Transfer
19895,Adoption
19896,Died
19897,Transfer
19898,Died
19899,Adoption
19900,Transfer
19901,Died
19902,Adoption
19903,Adoption
19904,Transfer
19905,Transfer
19906,Died
19907,Transfer
19908,Euthanasia
19909,Adoption
19910,Adoption
19911,Transfer
19912,Transfer
19913,Transfer
19914,Transfer
19915,Transfer
19916,Adoption
19917,Adoption
19918,Transfer
19919,Died
19920,Transfer
19921,Transfer
19922,Adoption
19923,Transfer
19924,Transfer
19925,Died
19926,Adoption
19927,Adoption
19928,Transfer
19929,Transfer
19930,Euthanasia
19931,Died
19932,Adoption
19933,Died
19934,Transfer
19935,Adoption
19936,Transfer
19937,Euthanasia
19938,Transfer
19939,Transfer
19940,Transfer
19941,Transfer
19942,Died
19943,Died
19944,Adoption
19945,Transfer
19946,Adoption
19947,Euthanasia
19948,Adoption
19949,Adoption
19950,Adoption
19951,Euthanasia
19952,Died
19953,Return to Owner
19954,Transfer
19955,Adoption
19956,Died
19957,Euthanasia
19958,Adoption
19959,Adoption
19960,Adoption
19961,Adoption
19962,Return to Owner
19963,Transfer
19964,Died
19965,Died
19966,Euthanasia
19967,Transfer
19968,Adoption
19969,Died
19970,Adoption
19971,Transfer
19972,Transfer
19973,Transfer
19974,Transfer
19975,Adoption
19976,Adoption
19977,Adoption
19978,Died
19979,Died
19980,Transfer
19981,Euthanasia
19982,Died
19983,Died
19984,Transfer
19985,Died
19986,Adoption
19987,Adoption
19988,Adoption
19989,Return to Owner
19990,Adoption
19991,Euthanasia
19992,Adoption
19993,Transfer
19994,Transfer
19995,Adoption
19996,Euthanasia
19997,Euthanasia
19998,Transfer
19999,Adoption
20000,Adoption
20001,Adoption
20002,Adoption
20003,Died
20004,Died
20005,Transfer
20006,Transfer
20007,Transfer
20008,Adoption
20009,Died
20010,Transfer
20011,Died
20012,Died
20013,Died
20014,Died
20015,Adoption
20016,Transfer
20017,Died
20018,Transfer
20019,Transfer
20020,Transfer
20021,Adoption
20022,Adoption
20023,Transfer
20024,Adoption
20025,Adoption
20026,Transfer
20027,Transfer
20028,Adoption
20029,Died
20030,Euthanasia
20031,Transfer
20032,Transfer
20033,Transfer
20034,Died
20035,Adoption
20036,Transfer
20037,Transfer
20038,Adoption
20039,Transfer
20040,Adoption
20041,Adoption
20042,Transfer
20043,Adoption
20044,Adoption
20045,Return to Owner
20046,Adoption
20047,Adoption
20048,Adoption
20049,Adoption
20050,Transfer
20051,Adoption
20052,Transfer
20053,Adoption
20054,Adoption
20055,Adoption
20056,Transfer
20057,Transfer
20058,Transfer
20059,Adoption
20060,Died
20061,Transfer
20062,Adoption
20063,Transfer
20064,Return to Owner
20065,Adoption
20066,Euthanasia
20067,Adoption
20068,Adoption
20069,Transfer
20070,Died
20071,Transfer
20072,Transfer
20073,Adoption
20074,Adoption
20075,Transfer
20076,Transfer
20077,Adoption
20078,Transfer
20079,Adoption
20080,Transfer
20081,Transfer
20082,Transfer
20083,Adoption
20084,Transfer
20085,Died
20086,Transfer
20087,Adoption
20088,Transfer
20089,Died
20090,Adoption
20091,Adoption
20092,Adoption
20093,Adoption
20094,Adoption
20095,Adoption
20096,Adoption
20097,Transfer
20098,Transfer
20099,Adoption
20100,Transfer
20101,Adoption
20102,Adoption
20103,Adoption
20104,Adoption
20105,Died
20106,Adoption
20107,Transfer
20108,Adoption
20109,Adoption
20110,Transfer
20111,Adoption
20112,Adoption
20113,Euthanasia
20114,Transfer
20115,Transfer
20116,Transfer
20117,Adoption
20118,Adoption
20119,Adoption
20120,Died
20121,Transfer
20122,Adoption
20123,Adoption
20124,Adoption
20125,Transfer
20126,Adoption
20127,Adoption
20128,Transfer
20129,Adoption
20130,Died
20131,Adoption
20132,Transfer
20133,Adoption
20134,Transfer
20135,Transfer
20136,Euthanasia
20137,Died
20138,Transfer
20139,Adoption
20140,Transfer
20141,Transfer
20142,Transfer
20143,Adoption
20144,Adoption
20145,Adoption
20146,Died
20147,Died
20148,Adoption
20149,Adoption
20150,Transfer
20151,Died
20152,Adoption
20153,Euthanasia
20154,Transfer
20155,Died
20156,Adoption
20157,Adoption
20158,Transfer
20159,Transfer
20160,Adoption
20161,Adoption
20162,Adoption
20163,Euthanasia
20164,Died
20165,Transfer
20166,Transfer
20167,Transfer
20168,Adoption
20169,Adoption
20170,Adoption
20171,Died
20172,Transfer
20173,Died
20174,Adoption
20175,Transfer
20176,Transfer
20177,Died
20178,Died
20179,Died
20180,Adoption
20181,Adoption
20182,Adoption
20183,Died
20184,Transfer
20185,Adoption
20186,Adoption
20187,Adoption
20188,Transfer
20189,Adoption
20190,Adoption
20191,Transfer
20192,Adoption
20193,Transfer
20194,Return to Owner
20195,Return to Owner
20196,Transfer
20197,Died
20198,Transfer
20199,Adoption
20200,Adoption
20201,Died
20202,Transfer
20203,Adoption
20204,Died
20205,Adoption
20206,Transfer
20207,Died
20208,Adoption
20209,Adoption
20210,Adoption
20211,Adoption
20212,Adoption
20213,Adoption
20214,Transfer
20215,Adoption
20216,Adoption
20217,Transfer
20218,Died
20219,Euthanasia
20220,Adoption
20221,Adoption
20222,Transfer
20223,Adoption
20224,Died
20225,Died
20226,Died
20227,Transfer
20228,Adoption
20229,Adoption
20230,Euthanasia
20231,Transfer
20232,Adoption
20233,Transfer
20234,Transfer
20235,Transfer
20236,Died
20237,Return to Owner
20238,Return to Owner
20239,Died
20240,Transfer
20241,Died
20242,Adoption
20243,Transfer
20244,Died
20245,Return to Owner
20246,Transfer
20247,Transfer
20248,Transfer
20249,Died
20250,Return to Owner
20251,Died
20252,Transfer
20253,Died
20254,Died
20255,Died
20256,Transfer
20257,Died
20258,Adoption
20259,Died
20260,Died
20261,Adoption
20262,Transfer
20263,Adoption
20264,Transfer
20265,Return to Owner
20266,Transfer
20267,Transfer
20268,Adoption
20269,Transfer
20270,Adoption
20271,Transfer
20272,Adoption
20273,Adoption
20274,Adoption
20275,Died
20276,Transfer
20277,Adoption
20278,Transfer
20279,Transfer
20280,Adoption
20281,Transfer
20282,Transfer
20283,Return to Owner
20284,Transfer
20285,Adoption
20286,Transfer
20287,Transfer
20288,Euthanasia
20289,Adoption
20290,Return to Owner
20291,Transfer
20292,Adoption
20293,Transfer
20294,Transfer
20295,Transfer
20296,Died
20297,Transfer
20298,Transfer
20299,Adoption
20300,Transfer
20301,Adoption
20302,Adoption
20303,Transfer
20304,Died
20305,Died
20306,Died
20307,Transfer
20308,Transfer
20309,Adoption
20310,Transfer
20311,Adoption
20312,Transfer
20313,Transfer
20314,Died
20315,Euthanasia
20316,Adoption
20317,Died
20318,Adoption
20319,Adoption
20320,Transfer
20321,Died
20322,Adoption
20323,Adoption
20324,Adoption
20325,Transfer
20326,Adoption
20327,Return to Owner
20328,Adoption
20329,Adoption
20330,Adoption
20331,Adoption
20332,Adoption
20333,Died
20334,Transfer
20335,Transfer
20336,Died
20337,Transfer
20338,Adoption
20339,Adoption
20340,Transfer
20341,Transfer
20342,Adoption
20343,Transfer
20344,Transfer
20345,Adoption
20346,Transfer
20347,Transfer
20348,Adoption
20349,Transfer
20350,Adoption
20351,Adoption
20352,Euthanasia
20353,Died
20354,Died
20355,Adoption
20356,Died
20357,Transfer
20358,Transfer
20359,Died
20360,Adoption
20361,Transfer
20362,Transfer
20363,Died
20364,Adoption
20365,Euthanasia
20366,Died
20367,Transfer
20368,Adoption
20369,Transfer
20370,Transfer
20371,Transfer
20372,Transfer
20373,Died
20374,Transfer
20375,Died
20376,Transfer
20377,Adoption
20378,Adoption
20379,Adoption
20380,Transfer
20381,Died
20382,Adoption
20383,Adoption
20384,Transfer
20385,Transfer
20386,Adoption
20387,Transfer
20388,Adoption
20389,Transfer
20390,Transfer
20391,Transfer
20392,Adoption
20393,Transfer
20394,Return to Owner
20395,Died
20396,Died
20397,Adoption
20398,Died
20399,Died
20400,Adoption
20401,Transfer
20402,Adoption
20403,Transfer
20404,Adoption
20405,Transfer
20406,Adoption
20407,Died
20408,Adoption
20409,Transfer
20410,Adoption
20411,Adoption
20412,Adoption
20413,Adoption
20414,Transfer
20415,Adoption
20416,Transfer
20417,Adoption
20418,Transfer
20419,Adoption
20420,Transfer
20421,Died
20422,Adoption
20423,Transfer
20424,Died
20425,Transfer
20426,Died
20427,Transfer
20428,Adoption
20429,Euthanasia
20430,Adoption
20431,Transfer
20432,Adoption
20433,Adoption
20434,Adoption
20435,Transfer
20436,Adoption
20437,Died
20438,Adoption
20439,Return to Owner
20440,Adoption
20441,Adoption
20442,Transfer
20443,Died
20444,Adoption
20445,Adoption
20446,Transfer
20447,Transfer
20448,Transfer
20449,Adoption
20450,Transfer
20451,Died
20452,Transfer
20453,Died
20454,Died
20455,Adoption
20456,Adoption
20457,Adoption
20458,Died
20459,Transfer
20460,Died
20461,Died
20462,Died
20463,Died
20464,Transfer
20465,Died
20466,Adoption
20467,Died
20468,Euthanasia
20469,Transfer
20470,Return to Owner
20471,Adoption
20472,Died
20473,Adoption
20474,Died
20475,Transfer
20476,Died
20477,Return to Owner
20478,Died
20479,Transfer
20480,Transfer
20481,Adoption
20482,Adoption
20483,Adoption
20484,Adoption
20485,Adoption
20486,Died
20487,Transfer
20488,Transfer
20489,Adoption
20490,Transfer
20491,Adoption
20492,Euthanasia
20493,Adoption
20494,Euthanasia
20495,Transfer
20496,Died
20497,Transfer
20498,Died
20499,Adoption
20500,Transfer
20501,Adoption
20502,Adoption
20503,Adoption
20504,Transfer
20505,Adoption
20506,Transfer
20507,Transfer
20508,Adoption
20509,Transfer
20510,Transfer
20511,Transfer
20512,Adoption
20513,Transfer
20514,Adoption
20515,Transfer
20516,Adoption
20517,Adoption
20518,Died
20519,Adoption
20520,Adoption
20521,Transfer
20522,Died
20523,Transfer
20524,Transfer
20525,Transfer
20526,Transfer
20527,Adoption
20528,Adoption
20529,Transfer
20530,Return to Owner
20531,Transfer
20532,Transfer
20533,Transfer
20534,Transfer
20535,Adoption
20536,Adoption
20537,Transfer
20538,Adoption
20539,Adoption
20540,Euthanasia
20541,Adoption
20542,Died
20543,Adoption
20544,Adoption
20545,Died
20546,Adoption
20547,Euthanasia
20548,Died
20549,Adoption
20550,Transfer
20551,Adoption
20552,Adoption
20553,Transfer
20554,Transfer
20555,Return to Owner
20556,Adoption
20557,Return to Owner
20558,Transfer
20559,Return to Owner
20560,Transfer
20561,Return to Owner
20562,Adoption
20563,Adoption
20564,Adoption
20565,Transfer
20566,Died
20567,Adoption
20568,Transfer
20569,Transfer
20570,Adoption
20571,Died
20572,Adoption
20573,Transfer
20574,Adoption
20575,Adoption
20576,Adoption
20577,Died
20578,Adoption
20579,Transfer
20580,Return to Owner
20581,Adoption
20582,Adoption
20583,Adoption
20584,Transfer
20585,Died
20586,Transfer
20587,Transfer
20588,Adoption
20589,Adoption
20590,Transfer
20591,Adoption
20592,Died
20593,Transfer
20594,Euthanasia
20595,Adoption
20596,Transfer
20597,Adoption
20598,Adoption
20599,Adoption
20600,Return to Owner
20601,Adoption
20602,Adoption
20603,Adoption
20604,Euthanasia
20605,Adoption
20606,Adoption
20607,Transfer
20608,Died
20609,Transfer
20610,Transfer
20611,Died
20612,Adoption
20613,Adoption
20614,Transfer
20615,Died
20616,Euthanasia
20617,Adoption
20618,Return to Owner
20619,Euthanasia
20620,Died
20621,Adoption
20622,Transfer
20623,Adoption
20624,Died
20625,Transfer
20626,Died
20627,Adoption
20628,Transfer
20629,Adoption
20630,Transfer
20631,Return to Owner
20632,Died
20633,Adoption
20634,Adoption
20635,Died
20636,Euthanasia
20637,Transfer
20638,Transfer
20639,Adoption
20640,Adoption
20641,Adoption
20642,Died
20643,Adoption
20644,Return to Owner
20645,Return to Owner
20646,Transfer
20647,Adoption
20648,Transfer
20649,Transfer
20650,Euthanasia
20651,Transfer
20652,Adoption
20653,Adoption
20654,Transfer
20655,Died
20656,Adoption
20657,Died
20658,Transfer
20659,Transfer
20660,Adoption
20661,Died
20662,Transfer
20663,Adoption
20664,Adoption
20665,Adoption
20666,Adoption
20667,Adoption
20668,Transfer
20669,Died
20670,Euthanasia
20671,Adoption
20672,Transfer
20673,Transfer
20674,Adoption
20675,Adoption
20676,Died
20677,Transfer
20678,Adoption
20679,Adoption
20680,Transfer
20681,Adoption
20682,Transfer
20683,Adoption
20684,Transfer
20685,Transfer
20686,Adoption
20687,Euthanasia
20688,Transfer
20689,Adoption
20690,Transfer
20691,Transfer
20692,Adoption
20693,Died
20694,Transfer
20695,Transfer
20696,Adoption
20697,Adoption
20698,Adoption
20699,Adoption
20700,Transfer
20701,Died
20702,Transfer
20703,Adoption
20704,Euthanasia
20705,Adoption
20706,Transfer
20707,Euthanasia
20708,Transfer
20709,Transfer
20710,Return to Owner
20711,Transfer
20712,Died
20713,Euthanasia
20714,Transfer
20715,Adoption
20716,Transfer
20717,Transfer
20718,Adoption
20719,Adoption
20720,Adoption
20721,Adoption
20722,Transfer
20723,Transfer
20724,Transfer
20725,Died
20726,Transfer
20727,Transfer
20728,Died
20729,Adoption
20730,Died
20731,Adoption
20732,Adoption
20733,Transfer
20734,Adoption
20735,Transfer
20736,Adoption
20737,Died
20738,Died
20739,Return to Owner
20740,Transfer
20741,Adoption
20742,Transfer
20743,Died
20744,Adoption
20745,Adoption
20746,Adoption
20747,Euthanasia
20748,Adoption
20749,Adoption
20750,Transfer
20751,Died
20752,Adoption
20753,Transfer
20754,Transfer
20755,Adoption
20756,Died
20757,Adoption
20758,Adoption
20759,Died
20760,Adoption
20761,Transfer
20762,Adoption
20763,Euthanasia
20764,Died
20765,Adoption
20766,Transfer
20767,Adoption
20768,Transfer
20769,Adoption
20770,Adoption
20771,Euthanasia
20772,Transfer
20773,Adoption
20774,Transfer
20775,Adoption
20776,Transfer
20777,Died
20778,Adoption
20779,Adoption
20780,Adoption
20781,Adoption
20782,Adoption
20783,Adoption
20784,Transfer
20785,Transfer
20786,Died
20787,Died
20788,Transfer
20789,Adoption
20790,Adoption
20791,Died
20792,Died
20793,Adoption
20794,Return to Owner
20795,Adoption
20796,Transfer
20797,Died
20798,Died
20799,Transfer
20800,Adoption
20801,Transfer
20802,Adoption
20803,Died
20804,Return to Owner
20805,Died
20806,Died
20807,Transfer
20808,Adoption
20809,Adoption
20810,Adoption
20811,Adoption
20812,Adoption
20813,Adoption
20814,Return to Owner
20815,Transfer
20816,Adoption
20817,Euthanasia
20818,Transfer
20819,Adoption
20820,Transfer
20821,Transfer
20822,Transfer
20823,Adoption
20824,Adoption
20825,Euthanasia
20826,Adoption
20827,Adoption
20828,Adoption
20829,Transfer
20830,Transfer
20831,Adoption
20832,Died
20833,Transfer
20834,Adoption
20835,Transfer
20836,Adoption
20837,Adoption
20838,Transfer
20839,Died
20840,Adoption
20841,Euthanasia
20842,Died
20843,Transfer
20844,Euthanasia
20845,Adoption
20846,Transfer
20847,Transfer
20848,Transfer
20849,Adoption
20850,Transfer
20851,Adoption
20852,Adoption
20853,Died
20854,Adoption
20855,Died
20856,Transfer
20857,Adoption
20858,Died
20859,Adoption
20860,Adoption
20861,Adoption
20862,Transfer
20863,Adoption
20864,Died
20865,Adoption
20866,Adoption
20867,Euthanasia
20868,Transfer
20869,Adoption
20870,Transfer
20871,Transfer
20872,Transfer
20873,Adoption
20874,Died
20875,Died
20876,Died
20877,Died
20878,Transfer
20879,Adoption
20880,Adoption
20881,Adoption
20882,Transfer
20883,Transfer
20884,Transfer
20885,Transfer
20886,Transfer
20887,Transfer
20888,Adoption
20889,Transfer
20890,Adoption
20891,Died
20892,Adoption
20893,Transfer
20894,Return to Owner
20895,Adoption
20896,Transfer
20897,Adoption
20898,Died
20899,Adoption
20900,Adoption
20901,Adoption
20902,Adoption
20903,Adoption
20904,Died
20905,Transfer
20906,Adoption
20907,Adoption
20908,Transfer
20909,Adoption
20910,Adoption
20911,Transfer
20912,Adoption
20913,Transfer
20914,Adoption
20915,Transfer
20916,Transfer
20917,Adoption
20918,Died
20919,Adoption
20920,Died
20921,Transfer
20922,Died
20923,Died
20924,Transfer
20925,Transfer
20926,Adoption
20927,Transfer
20928,Transfer
20929,Died
20930,Transfer
20931,Transfer
20932,Adoption
20933,Adoption
20934,Adoption
20935,Adoption
20936,Died
20937,Adoption
20938,Adoption
20939,Transfer
20940,Transfer
20941,Adoption
20942,Euthanasia
20943,Euthanasia
20944,Transfer
20945,Transfer
20946,Died
20947,Euthanasia
20948,Transfer
20949,Adoption
20950,Adoption
20951,Adoption
20952,Adoption
20953,Transfer
20954,Transfer
20955,Adoption
20956,Died
20957,Transfer
20958,Transfer
20959,Died
20960,Adoption
20961,Adoption
20962,Died
20963,Adoption
20964,Died
20965,Adoption
20966,Euthanasia
20967,Adoption
20968,Died
20969,Transfer
20970,Adoption
20971,Return to Owner
20972,Transfer
20973,Transfer
20974,Transfer
20975,Died
20976,Transfer
20977,Adoption
20978,Adoption
20979,Adoption
20980,Died
20981,Adoption
20982,Transfer
20983,Transfer
20984,Adoption
20985,Transfer
20986,Euthanasia
20987,Transfer
20988,Transfer
20989,Died
20990,Euthanasia
20991,Euthanasia
20992,Adoption
20993,Died
20994,Died
20995,Transfer
20996,Transfer
20997,Died
20998,Adoption
20999,Adoption
21000,Died
21001,Adoption
21002,Adoption
21003,Transfer
21004,Adoption
21005,Transfer
21006,Died
21007,Adoption
21008,Transfer
21009,Adoption
21010,Died
21011,Died
21012,Transfer
21013,Transfer
21014,Adoption
21015,Died
21016,Adoption
21017,Transfer
21018,Transfer
21019,Adoption
21020,Transfer
21021,Transfer
21022,Transfer
21023,Adoption
21024,Return to Owner
21025,Euthanasia
21026,Adoption
21027,Adoption
21028,Transfer
21029,Died
21030,Adoption
21031,Died
21032,Euthanasia
21033,Died
21034,Transfer
21035,Died
21036,Adoption
21037,Euthanasia
21038,Euthanasia
21039,Transfer
21040,Adoption
21041,Adoption
21042,Died
21043,Died
21044,Euthanasia
21045,Died
21046,Transfer
21047,Transfer
21048,Died
21049,Transfer
21050,Died
21051,Transfer
21052,Return to Owner
21053,Died
21054,Adoption
21055,Transfer
21056,Adoption
21057,Transfer
21058,Adoption
21059,Transfer
21060,Adoption
21061,Transfer
21062,Adoption
21063,Adoption
21064,Adoption
21065,Transfer
21066,Adoption
21067,Adoption
21068,Adoption
21069,Transfer
21070,Died
21071,Return to Owner
21072,Adoption
21073,Transfer
21074,Transfer
21075,Adoption
21076,Adoption
21077,Transfer
21078,Transfer
21079,Adoption
21080,Transfer
21081,Adoption
21082,Adoption
21083,Transfer
21084,Adoption
21085,Adoption
21086,Adoption
21087,Adoption
21088,Died
21089,Adoption
21090,Transfer
21091,Transfer
21092,Transfer
21093,Died
21094,Return to Owner
21095,Died
21096,Adoption
21097,Adoption
21098,Adoption
21099,Died
21100,Adoption
21101,Transfer
21102,Adoption
21103,Adoption
21104,Transfer
21105,Transfer
21106,Adoption
21107,Adoption
21108,Transfer
21109,Died
21110,Transfer
21111,Transfer
21112,Adoption
21113,Adoption
21114,Transfer
21115,Adoption
21116,Adoption
21117,Transfer
21118,Adoption
21119,Adoption
21120,Adoption
21121,Transfer
21122,Adoption
21123,Adoption
21124,Transfer
21125,Died
21126,Died
21127,Transfer
21128,Adoption
21129,Transfer
21130,Died
21131,Died
21132,Adoption
21133,Adoption
21134,Transfer
21135,Adoption
21136,Adoption
21137,Died
21138,Adoption
21139,Transfer
21140,Died
21141,Transfer
21142,Transfer
21143,Adoption
21144,Transfer
21145,Adoption
21146,Died
21147,Adoption
21148,Transfer
21149,Transfer
21150,Adoption
21151,Adoption
21152,Adoption
21153,Adoption
21154,Adoption
21155,Adoption
21156,Adoption
21157,Adoption
21158,Adoption
21159,Adoption
21160,Transfer
21161,Transfer
21162,Adoption
21163,Adoption
21164,Adoption
21165,Transfer
21166,Adoption
21167,Died
21168,Adoption
21169,Euthanasia
21170,Transfer
21171,Transfer
21172,Adoption
21173,Transfer
21174,Adoption
21175,Transfer
21176,Adoption
21177,Adoption
21178,Died
21179,Transfer
21180,Transfer
21181,Adoption
21182,Transfer
21183,Adoption
21184,Adoption
21185,Transfer
21186,Died
21187,Transfer
21188,Adoption
21189,Transfer
21190,Transfer
21191,Transfer
21192,Transfer
21193,Adoption
21194,Adoption
21195,Adoption
21196,Adoption
21197,Adoption
21198,Died
21199,Transfer
21200,Adoption
21201,Transfer
21202,Adoption
21203,Adoption
21204,Adoption
21205,Return to Owner
21206,Died
21207,Transfer
21208,Adoption
21209,Died
21210,Adoption
21211,Return to Owner
21212,Transfer
21213,Transfer
21214,Return to Owner
21215,Return to Owner
21216,Euthanasia
21217,Adoption
21218,Return to Owner
21219,Transfer
21220,Euthanasia
21221,Adoption
21222,Died
21223,Transfer
21224,Died
21225,Transfer
21226,Adoption
21227,Adoption
21228,Transfer
21229,Transfer
21230,Transfer
21231,Adoption
21232,Adoption
21233,Adoption
21234,Euthanasia
21235,Transfer
21236,Transfer
21237,Transfer
21238,Adoption
21239,Died
21240,Adoption
21241,Transfer
21242,Transfer
21243,Transfer
21244,Transfer
21245,Transfer
21246,Transfer
21247,Transfer
21248,Transfer
21249,Transfer
21250,Transfer
21251,Transfer
21252,Transfer
21253,Died
21254,Adoption
21255,Transfer
21256,Died
21257,Died
21258,Adoption
21259,Euthanasia
21260,Transfer
21261,Adoption
21262,Transfer
21263,Adoption
21264,Adoption
21265,Adoption
21266,Died
21267,Transfer
21268,Adoption
21269,Adoption
21270,Transfer
21271,Return to Owner
21272,Died
21273,Transfer
21274,Adoption
21275,Died
21276,Adoption
21277,Transfer
21278,Adoption
21279,Euthanasia
21280,Transfer
21281,Adoption
21282,Adoption
21283,Adoption
21284,Died
21285,Transfer
21286,Adoption
21287,Transfer
21288,Transfer
21289,Died
21290,Adoption
21291,Transfer
21292,Transfer
21293,Adoption
21294,Adoption
21295,Died
21296,Adoption
21297,Adoption
21298,Adoption
21299,Transfer
21300,Transfer
21301,Died
21302,Transfer
21303,Died
21304,Transfer
21305,Transfer
21306,Adoption
21307,Adoption
21308,Transfer
21309,Adoption
21310,Transfer
21311,Return to Owner
21312,Transfer
21313,Died
21314,Adoption
21315,Transfer
21316,Return to Owner
21317,Died
21318,Adoption
21319,Died
21320,Transfer
21321,Adoption
21322,Adoption
21323,Adoption
21324,Adoption
21325,Died
21326,Adoption
21327,Died
21328,Adoption
21329,Adoption
21330,Transfer
21331,Died
21332,Adoption
21333,Died
21334,Transfer
21335,Transfer
21336,Died
21337,Adoption
21338,Transfer
21339,Adoption
21340,Adoption
21341,Adoption
21342,Transfer
21343,Adoption
21344,Adoption
21345,Transfer
21346,Adoption
21347,Transfer
21348,Died
21349,Transfer
21350,Euthanasia
21351,Adoption
21352,Euthanasia
21353,Died
21354,Transfer
21355,Adoption
21356,Adoption
21357,Adoption
21358,Died
21359,Adoption
21360,Adoption
21361,Adoption
21362,Transfer
21363,Adoption
21364,Transfer
21365,Transfer
21366,Transfer
21367,Transfer
21368,Adoption
21369,Died
21370,Died
21371,Adoption
21372,Transfer
21373,Adoption
21374,Return to Owner
21375,Adoption
21376,Adoption
21377,Transfer
21378,Transfer
21379,Transfer
21380,Adoption
21381,Transfer
21382,Adoption
21383,Adoption
21384,Died
21385,Died
21386,Died
21387,Euthanasia
21388,Transfer
21389,Euthanasia
21390,Adoption
21391,Adoption
21392,Adoption
21393,Adoption
21394,Transfer
21395,Transfer
21396,Adoption
21397,Adoption
21398,Transfer
21399,Adoption
21400,Died
21401,Euthanasia
21402,Transfer
21403,Transfer
21404,Transfer
21405,Adoption
21406,Transfer
21407,Transfer
21408,Adoption
21409,Transfer
21410,Adoption
21411,Transfer
21412,Transfer
21413,Adoption
21414,Transfer
21415,Died
21416,Died
21417,Adoption
21418,Adoption
21419,Adoption
21420,Adoption
21421,Transfer
21422,Euthanasia
21423,Transfer
21424,Died
21425,Died
21426,Euthanasia
21427,Transfer
21428,Adoption
21429,Adoption
21430,Died
21431,Adoption
21432,Transfer
21433,Transfer
21434,Transfer
21435,Transfer
21436,Adoption
21437,Euthanasia
21438,Euthanasia
21439,Transfer
21440,Died
21441,Adoption
21442,Return to Owner
21443,Adoption
21444,Adoption
21445,Transfer
21446,Adoption
21447,Transfer
21448,Adoption
21449,Transfer
21450,Adoption
21451,Adoption
21452,Return to Owner
21453,Adoption
21454,Died
21455,Transfer
21456,Died
21457,Return to Owner
21458,Transfer
21459,Transfer
21460,Adoption
21461,Adoption
21462,Return to Owner
21463,Adoption
21464,Died
21465,Euthanasia
21466,Died
21467,Died
21468,Transfer
21469,Adoption
21470,Adoption
21471,Adoption
21472,Transfer
21473,Transfer
21474,Adoption
21475,Transfer
21476,Transfer
21477,Adoption
21478,Died
21479,Euthanasia
21480,Adoption
21481,Adoption
21482,Transfer
21483,Transfer
21484,Transfer
21485,Transfer
21486,Adoption
21487,Adoption
21488,Adoption
21489,Adoption
21490,Euthanasia
21491,Adoption
21492,Died
21493,Return to Owner
21494,Died
21495,Transfer
21496,Return to Owner
21497,Died
21498,Died
21499,Transfer
21500,Adoption
21501,Died
21502,Transfer
21503,Adoption
21504,Return to Owner
21505,Adoption
21506,Died
21507,Adoption
21508,Transfer
21509,Adoption
21510,Adoption
21511,Return to Owner
21512,Transfer
21513,Euthanasia
21514,Transfer
21515,Transfer
21516,Transfer
21517,Transfer
21518,Adoption
21519,Transfer
21520,Adoption
21521,Transfer
21522,Adoption
21523,Adoption
21524,Transfer
21525,Died
21526,Adoption
21527,Transfer
21528,Transfer
21529,Adoption
21530,Adoption
21531,Transfer
21532,Adoption
21533,Adoption
21534,Transfer
21535,Adoption
21536,Adoption
21537,Transfer
21538,Transfer
21539,Adoption
21540,Died
21541,Adoption
21542,Return to Owner
21543,Euthanasia
21544,Euthanasia
21545,Adoption
21546,Transfer
21547,Transfer
21548,Adoption
21549,Adoption
21550,Transfer
21551,Transfer
21552,Transfer
21553,Adoption
21554,Return to Owner
21555,Transfer
21556,Transfer
21557,Died
21558,Return to Owner
21559,Transfer
21560,Adoption
21561,Return to Owner
21562,Transfer
21563,Transfer
21564,Transfer
21565,Transfer
21566,Adoption
21567,Adoption
21568,Adoption
21569,Transfer
21570,Died
21571,Adoption
21572,Adoption
21573,Transfer
21574,Adoption
21575,Transfer
21576,Transfer
21577,Died
21578,Adoption
21579,Euthanasia
21580,Transfer
21581,Transfer
21582,Transfer
21583,Adoption
21584,Adoption
21585,Return to Owner
21586,Adoption
21587,Adoption
21588,Adoption
21589,Transfer
21590,Transfer
21591,Transfer
21592,Return to Owner
21593,Transfer
21594,Died
21595,Adoption
21596,Transfer
21597,Transfer
21598,Return to Owner
21599,Adoption
21600,Adoption
21601,Died
21602,Adoption
21603,Transfer
21604,Adoption
21605,Died
21606,Died
21607,Euthanasia
21608,Died
21609,Transfer
21610,Return to Owner
21611,Transfer
21612,Adoption
21613,Transfer
21614,Adoption
21615,Transfer
21616,Transfer
21617,Transfer
21618,Transfer
21619,Transfer
21620,Transfer
21621,Transfer
21622,Died
21623,Euthanasia
21624,Transfer
21625,Died
21626,Transfer
21627,Transfer
21628,Transfer
21629,Adoption
21630,Transfer
21631,Transfer
21632,Transfer
21633,Adoption
21634,Transfer
21635,Died
21636,Euthanasia
21637,Died
21638,Transfer
21639,Transfer
21640,Transfer
21641,Adoption
21642,Adoption
21643,Adoption
21644,Adoption
21645,Died
21646,Died
21647,Adoption
21648,Transfer
21649,Transfer
21650,Died
21651,Died
21652,Adoption
21653,Died
21654,Died
21655,Adoption
21656,Adoption
21657,Died
21658,Adoption
21659,Transfer
21660,Euthanasia
21661,Adoption
21662,Transfer
21663,Died
21664,Died
21665,Adoption
21666,Euthanasia
21667,Adoption
21668,Adoption
21669,Transfer
21670,Died
21671,Died
21672,Transfer
21673,Adoption
21674,Euthanasia
21675,Died
21676,Adoption
21677,Transfer
21678,Adoption
21679,Adoption
21680,Died
21681,Transfer
21682,Adoption
21683,Died
21684,Adoption
21685,Euthanasia
21686,Adoption
21687,Adoption
21688,Adoption
21689,Adoption
21690,Adoption
21691,Died
21692,Adoption
21693,Died
21694,Transfer
21695,Adoption
21696,Died
21697,Adoption
21698,Died
21699,Adoption
21700,Died
21701,Adoption
21702,Transfer
21703,Transfer
21704,Transfer
21705,Transfer
21706,Died
21707,Adoption
21708,Transfer
21709,Adoption
21710,Adoption
21711,Adoption
21712,Transfer
21713,Transfer
21714,Died
21715,Adoption
21716,Died
21717,Return to Owner
21718,Adoption
21719,Adoption
21720,Adoption
21721,Adoption
21722,Transfer
21723,Transfer
21724,Adoption
21725,Euthanasia
21726,Died
21727,Transfer
21728,Died
21729,Transfer
21730,Died
21731,Died
21732,Adoption
21733,Transfer
21734,Adoption
21735,Adoption
21736,Died
21737,Adoption
21738,Transfer
21739,Return to Owner
21740,Died
21741,Transfer
21742,Transfer
21743,Adoption
21744,Transfer
21745,Died
21746,Adoption
21747,Died
21748,Died
21749,Died
21750,Return to Owner
21751,Adoption
21752,Transfer
21753,Adoption
21754,Euthanasia
21755,Adoption
21756,Adoption
21757,Adoption
21758,Transfer
21759,Transfer
21760,Adoption
21761,Adoption
21762,Died
21763,Transfer
21764,Died
21765,Adoption
21766,Transfer
21767,Euthanasia
21768,Adoption
21769,Transfer
21770,Adoption
21771,Adoption
21772,Died
21773,Transfer
21774,Transfer
21775,Adoption
21776,Return to Owner
21777,Transfer
21778,Transfer
21779,Adoption
21780,Died
21781,Adoption
21782,Return to Owner
21783,Adoption
21784,Euthanasia
21785,Transfer
21786,Adoption
21787,Adoption
21788,Adoption
21789,Transfer
21790,Transfer
21791,Adoption
21792,Transfer
21793,Adoption
21794,Transfer
21795,Adoption
21796,Euthanasia
21797,Adoption
21798,Died
21799,Adoption
21800,Adoption
21801,Transfer
21802,Return to Owner
21803,Died
21804,Euthanasia
21805,Adoption
21806,Euthanasia
21807,Transfer
21808,Adoption
21809,Transfer
21810,Adoption
21811,Adoption
21812,Transfer
21813,Died
21814,Transfer
21815,Adoption
21816,Return to Owner
21817,Transfer
21818,Euthanasia
21819,Adoption
21820,Transfer
21821,Died
21822,Transfer
21823,Transfer
21824,Died
21825,Adoption
21826,Died
21827,Adoption
21828,Died
21829,Adoption
21830,Adoption
21831,Adoption
21832,Adoption
21833,Adoption
21834,Died
21835,Adoption
21836,Adoption
21837,Transfer
21838,Died
21839,Adoption
21840,Return to Owner
21841,Adoption
21842,Transfer
21843,Adoption
21844,Transfer
21845,Transfer
21846,Euthanasia
21847,Adoption
21848,Died
21849,Euthanasia
21850,Died
21851,Adoption
21852,Adoption
21853,Adoption
21854,Transfer
21855,Adoption
21856,Adoption
21857,Adoption
21858,Adoption
21859,Died
21860,Transfer
21861,Died
21862,Transfer
21863,Adoption
21864,Euthanasia
21865,Transfer
21866,Transfer
21867,Adoption
21868,Transfer
21869,Died
21870,Died
21871,Euthanasia
21872,Adoption
21873,Adoption
21874,Transfer
21875,Return to Owner
21876,Adoption
21877,Adoption
21878,Transfer
21879,Died
21880,Euthanasia
21881,Adoption
21882,Euthanasia
21883,Adoption
21884,Transfer
21885,Transfer
21886,Adoption
21887,Adoption
21888,Transfer
21889,Transfer
21890,Adoption
21891,Adoption
21892,Adoption
21893,Adoption
21894,Euthanasia
21895,Transfer
21896,Transfer
21897,Died
21898,Transfer
21899,Adoption
21900,Adoption
21901,Died
21902,Euthanasia
21903,Adoption
21904,Adoption
21905,Died
21906,Died
21907,Transfer
21908,Adoption
21909,Transfer
21910,Transfer
21911,Adoption
21912,Euthanasia
21913,Adoption
21914,Died
21915,Adoption
21916,Died
21917,Adoption
21918,Transfer
21919,Transfer
21920,Adoption
21921,Return to Owner
21922,Transfer
21923,Adoption
21924,Transfer
21925,Died
21926,Transfer
21927,Transfer
21928,Adoption
21929,Adoption
21930,Euthanasia
21931,Transfer
21932,Transfer
21933,Adoption
21934,Died
21935,Died
21936,Adoption
21937,Died
21938,Adoption
21939,Adoption
21940,Adoption
21941,Adoption
21942,Transfer
21943,Transfer
21944,Died
21945,Transfer
21946,Transfer
21947,Adoption
21948,Adoption
21949,Adoption
21950,Adoption
21951,Transfer
21952,Adoption
21953,Adoption
21954,Adoption
21955,Adoption
21956,Adoption
21957,Adoption
21958,Transfer
21959,Died
21960,Adoption
21961,Died
21962,Transfer
21963,Adoption
21964,Euthanasia
21965,Died
21966,Adoption
21967,Adoption
21968,Adoption
21969,Euthanasia
21970,Adoption
21971,Transfer
21972,Adoption
21973,Adoption
21974,Adoption
21975,Transfer
21976,Transfer
21977,Adoption
21978,Transfer
21979,Transfer
21980,Adoption
21981,Died
21982,Adoption
21983,Adoption
21984,Adoption
21985,Transfer
21986,Died
21987,Adoption
21988,Adoption
21989,Transfer
21990,Died
21991,Adoption
21992,Died
21993,Adoption
21994,Transfer
21995,Died
21996,Adoption
21997,Transfer
21998,Transfer
21999,Return to Owner
22000,Transfer
22001,Transfer
22002,Euthanasia
22003,Adoption
22004,Transfer
22005,Adoption
22006,Transfer
22007,Died
22008,Adoption
22009,Adoption
22010,Return to Owner
22011,Adoption
22012,Transfer
22013,Return to Owner
22014,Adoption
22015,Transfer
22016,Adoption
22017,Transfer
22018,Adoption
22019,Transfer
22020,Transfer
22021,Adoption
22022,Transfer
22023,Died
22024,Died
22025,Adoption
22026,Adoption
22027,Transfer
22028,Adoption
22029,Transfer
22030,Transfer
22031,Transfer
22032,Died
22033,Adoption
22034,Died
22035,Transfer
22036,Adoption
22037,Transfer
22038,Adoption
22039,Adoption
22040,Adoption
22041,Adoption
22042,Transfer
22043,Adoption
22044,Adoption
22045,Adoption
22046,Adoption
22047,Transfer
22048,Adoption
22049,Adoption
22050,Transfer
22051,Transfer
22052,Adoption
22053,Adoption
22054,Transfer
22055,Transfer
22056,Transfer
22057,Transfer
22058,Adoption
22059,Transfer
22060,Died
22061,Transfer
22062,Adoption
22063,Transfer
22064,Transfer
22065,Died
22066,Transfer
22067,Adoption
22068,Adoption
22069,Died
22070,Adoption
22071,Adoption
22072,Transfer
22073,Adoption
22074,Died
22075,Transfer
22076,Transfer
22077,Adoption
22078,Adoption
22079,Adoption
22080,Adoption
22081,Died
22082,Transfer
22083,Euthanasia
22084,Adoption
22085,Transfer
22086,Died
22087,Adoption
22088,Transfer
22089,Adoption
22090,Died
22091,Adoption
22092,Died
22093,Adoption
22094,Adoption
22095,Died
22096,Adoption
22097,Euthanasia
22098,Euthanasia
22099,Died
22100,Return to Owner
22101,Adoption
22102,Adoption
22103,Adoption
22104,Transfer
22105,Adoption
22106,Died
22107,Transfer
22108,Adoption
22109,Died
22110,Died
22111,Died
22112,Adoption
22113,Adoption
22114,Adoption
22115,Died
22116,Adoption
22117,Transfer
22118,Adoption
22119,Died
22120,Adoption
22121,Adoption
22122,Adoption
22123,Transfer
22124,Adoption
22125,Transfer
22126,Transfer
22127,Transfer
22128,Transfer
22129,Transfer
22130,Transfer
22131,Died
22132,Adoption
22133,Adoption
22134,Transfer
22135,Transfer
22136,Adoption
22137,Transfer
22138,Adoption
22139,Died
22140,Died
22141,Transfer
22142,Adoption
22143,Transfer
22144,Adoption
22145,Euthanasia
22146,Transfer
22147,Transfer
22148,Adoption
22149,Transfer
22150,Adoption
22151,Transfer
22152,Died
22153,Adoption
22154,Adoption
22155,Adoption
22156,Transfer
22157,Transfer
22158,Died
22159,Adoption
22160,Adoption
22161,Transfer
22162,Transfer
22163,Transfer
22164,Transfer
22165,Transfer
22166,Return to Owner
22167,Adoption
22168,Died
22169,Died
22170,Transfer
22171,Adoption
22172,Adoption
22173,Transfer
22174,Died
22175,Adoption
22176,Adoption
22177,Adoption
22178,Died
22179,Adoption
22180,Died
22181,Transfer
22182,Adoption
22183,Adoption
22184,Transfer
22185,Adoption
22186,Transfer
22187,Adoption
22188,Return to Owner
22189,Died
22190,Died
22191,Adoption
22192,Adoption
22193,Transfer
22194,Transfer
22195,Transfer
22196,Adoption
22197,Euthanasia
22198,Died
22199,Transfer
22200,Adoption
22201,Adoption
22202,Transfer
22203,Adoption
22204,Adoption
22205,Transfer
22206,Transfer
22207,Adoption
22208,Adoption
22209,Transfer
22210,Adoption
22211,Transfer
22212,Adoption
22213,Transfer
22214,Adoption
22215,Transfer
22216,Adoption
22217,Adoption
22218,Died
22219,Euthanasia
22220,Transfer
22221,Adoption
22222,Adoption
22223,Transfer
22224,Adoption
22225,Euthanasia
22226,Adoption
22227,Transfer
22228,Transfer
22229,Return to Owner
22230,Adoption
22231,Adoption
22232,Transfer
22233,Died
22234,Adoption
22235,Transfer
22236,Transfer
22237,Transfer
22238,Euthanasia
22239,Adoption
22240,Adoption
22241,Adoption
22242,Died
22243,Adoption
22244,Transfer
22245,Transfer
22246,Adoption
22247,Transfer
22248,Transfer
22249,Transfer
22250,Return to Owner
22251,Died
22252,Transfer
22253,Adoption
22254,Adoption
22255,Adoption
22256,Adoption
22257,Adoption
22258,Transfer
22259,Transfer
22260,Return to Owner
22261,Adoption
22262,Adoption
22263,Died
22264,Adoption
22265,Transfer
22266,Died
22267,Adoption
22268,Adoption
22269,Died
22270,Return to Owner
22271,Adoption
22272,Adoption
22273,Adoption
22274,Transfer
22275,Adoption
22276,Transfer
22277,Adoption
22278,Adoption
22279,Transfer
22280,Euthanasia
22281,Died
22282,Transfer
22283,Died
22284,Adoption
22285,Adoption
22286,Died
22287,Transfer
22288,Euthanasia
22289,Died
22290,Died
22291,Died
22292,Adoption
22293,Adoption
22294,Adoption
22295,Adoption
22296,Adoption
22297,Adoption
22298,Adoption
22299,Euthanasia
22300,Died
22301,Transfer
22302,Transfer
22303,Return to Owner
22304,Transfer
22305,Transfer
22306,Adoption
22307,Transfer
22308,Died
22309,Adoption
22310,Transfer
22311,Adoption
22312,Adoption
22313,Adoption
22314,Transfer
22315,Transfer
22316,Adoption
22317,Adoption
22318,Return to Owner
22319,Adoption
22320,Died
22321,Transfer
22322,Transfer
22323,Adoption
22324,Transfer
22325,Adoption
22326,Died
22327,Adoption
22328,Adoption
22329,Died
22330,Adoption
22331,Died
22332,Adoption
22333,Adoption
22334,Adoption
22335,Adoption
22336,Adoption
22337,Euthanasia
22338,Adoption
22339,Transfer
22340,Adoption
22341,Transfer
22342,Transfer
22343,Died
22344,Died
22345,Died
22346,Died
22347,Adoption
22348,Adoption
22349,Transfer
22350,Adoption
22351,Transfer
22352,Transfer
22353,Transfer
22354,Transfer
22355,Died
22356,Adoption
22357,Adoption
22358,Transfer
22359,Transfer
22360,Adoption
22361,Transfer
22362,Died
22363,Euthanasia
22364,Died
22365,Transfer
22366,Died
22367,Transfer
22368,Transfer
22369,Adoption
22370,Transfer
22371,Transfer
22372,Transfer
22373,Adoption
22374,Died
22375,Adoption
22376,Adoption
22377,Euthanasia
22378,Died
22379,Died
22380,Died
22381,Died
22382,Euthanasia
22383,Transfer
22384,Adoption
22385,Transfer
22386,Transfer
22387,Transfer
22388,Transfer
22389,Adoption
22390,Adoption
22391,Adoption
22392,Adoption
22393,Adoption
22394,Adoption
22395,Transfer
22396,Died
22397,Adoption
22398,Transfer
22399,Transfer
22400,Died
22401,Transfer
22402,Adoption
22403,Adoption
22404,Died
22405,Transfer
22406,Died
22407,Adoption
22408,Adoption
22409,Adoption
22410,Adoption
22411,Transfer
22412,Transfer
22413,Adoption
22414,Adoption
22415,Transfer
22416,Died
22417,Transfer
22418,Adoption
22419,Transfer
22420,Transfer
22421,Transfer
22422,Transfer
22423,Died
22424,Adoption
22425,Transfer
22426,Adoption
22427,Euthanasia
22428,Died
22429,Transfer
22430,Transfer
22431,Adoption
22432,Transfer
22433,Transfer
22434,Adoption
22435,Transfer
22436,Died
22437,Return to Owner
22438,Transfer
22439,Transfer
22440,Transfer
22441,Euthanasia
22442,Adoption
22443,Transfer
22444,Transfer
22445,Died
22446,Died
22447,Transfer
22448,Adoption
22449,Transfer
22450,Adoption
22451,Adoption
22452,Return to Owner
22453,Died
22454,Transfer
22455,Return to Owner
22456,Adoption
22457,Euthanasia
22458,Transfer
22459,Adoption
22460,Transfer
22461,Adoption
22462,Died
22463,Adoption
22464,Adoption
22465,Adoption
22466,Adoption
22467,Transfer
22468,Euthanasia
22469,Transfer
22470,Transfer
22471,Adoption
22472,Died
22473,Adoption
22474,Died
22475,Adoption
22476,Adoption
22477,Transfer
22478,Transfer
22479,Adoption
22480,Transfer
22481,Adoption
22482,Adoption
22483,Adoption
22484,Return to Owner
22485,Adoption
22486,Transfer
22487,Died
22488,Died
22489,Adoption
22490,Died
22491,Transfer
22492,Transfer
22493,Died
22494,Adoption
22495,Adoption
22496,Transfer
22497,Adoption
22498,Transfer
22499,Adoption
22500,Adoption
22501,Adoption
22502,Return to Owner
22503,Euthanasia
22504,Adoption
22505,Adoption
22506,Adoption
22507,Transfer
22508,Died
22509,Adoption
22510,Adoption
22511,Euthanasia
22512,Adoption
22513,Adoption
22514,Adoption
22515,Adoption
22516,Transfer
22517,Adoption
22518,Transfer
22519,Adoption
22520,Died
22521,Adoption
22522,Adoption
22523,Transfer
22524,Transfer
22525,Adoption
22526,Adoption
22527,Adoption
22528,Euthanasia
22529,Died
22530,Adoption
22531,Euthanasia
22532,Adoption
22533,Adoption
22534,Transfer
22535,Adoption
22536,Adoption
22537,Adoption
22538,Transfer
22539,Transfer
22540,Adoption
22541,Adoption
22542,Transfer
22543,Transfer
22544,Died
22545,Transfer
22546,Adoption
22547,Transfer
22548,Transfer
22549,Transfer
22550,Transfer
22551,Adoption
22552,Adoption
22553,Adoption
22554,Adoption
22555,Adoption
22556,Adoption
22557,Died
22558,Transfer
22559,Adoption
22560,Transfer
22561,Adoption
22562,Transfer
22563,Return to Owner
22564,Transfer
22565,Adoption
22566,Died
22567,Adoption
22568,Adoption
22569,Transfer
22570,Adoption
22571,Adoption
22572,Died
22573,Transfer
22574,Adoption
22575,Adoption
22576,Transfer
22577,Adoption
22578,Died
22579,Transfer
22580,Transfer
22581,Transfer
22582,Adoption
22583,Adoption
22584,Adoption
22585,Euthanasia
22586,Adoption
22587,Transfer
22588,Transfer
22589,Transfer
22590,Transfer
22591,Transfer
22592,Transfer
22593,Transfer
22594,Adoption
22595,Adoption
22596,Transfer
22597,Adoption
22598,Adoption
22599,Transfer
22600,Died
22601,Died
22602,Died
22603,Adoption
22604,Transfer
22605,Died
22606,Adoption
22607,Died
22608,Adoption
22609,Return to Owner
22610,Adoption
22611,Transfer
22612,Transfer
22613,Died
22614,Return to Owner
22615,Adoption
22616,Adoption
22617,Adoption
22618,Transfer
22619,Transfer
22620,Adoption
22621,Return to Owner
22622,Adoption
22623,Euthanasia
22624,Euthanasia
22625,Transfer
22626,Adoption
22627,Died
22628,Transfer
22629,Adoption
22630,Died
22631,Transfer
22632,Transfer
22633,Adoption
22634,Adoption
22635,Adoption
22636,Adoption
22637,Transfer
22638,Adoption
22639,Adoption
22640,Adoption
22641,Transfer
22642,Transfer
22643,Adoption
22644,Transfer
22645,Died
22646,Transfer
22647,Adoption
22648,Adoption
22649,Transfer
22650,Adoption
22651,Adoption
22652,Adoption
22653,Euthanasia
22654,Adoption
22655,Died
22656,Died
22657,Return to Owner
22658,Adoption
22659,Died
22660,Adoption
22661,Adoption
22662,Transfer
22663,Transfer
22664,Died
22665,Adoption
22666,Transfer
22667,Adoption
22668,Transfer
22669,Died
22670,Died
22671,Died
22672,Adoption
22673,Transfer
22674,Died
22675,Adoption
22676,Adoption
22677,Transfer
22678,Adoption
22679,Euthanasia
22680,Transfer
22681,Died
22682,Adoption
22683,Died
22684,Adoption
22685,Adoption
22686,Adoption
22687,Return to Owner
22688,Adoption
22689,Adoption
22690,Adoption
22691,Adoption
22692,Died
22693,Transfer
22694,Transfer
22695,Transfer
22696,Adoption
22697,Transfer
22698,Adoption
22699,Transfer
22700,Transfer
22701,Transfer
22702,Adoption
22703,Died
22704,Died
22705,Return to Owner
22706,Died
22707,Transfer
22708,Died
22709,Transfer
22710,Transfer
22711,Adoption
22712,Adoption
22713,Died
22714,Transfer
22715,Return to Owner
22716,Transfer
22717,Transfer
22718,Return to Owner
22719,Adoption
22720,Adoption
22721,Adoption
22722,Transfer
22723,Died
22724,Return to Owner
22725,Euthanasia
22726,Transfer
22727,Adoption
22728,Euthanasia
22729,Adoption
22730,Euthanasia
22731,Adoption
22732,Euthanasia
22733,Transfer
22734,Adoption
22735,Transfer
22736,Died
22737,Adoption
22738,Adoption
22739,Adoption
22740,Died
22741,Transfer
22742,Adoption
22743,Adoption
22744,Adoption
22745,Adoption
22746,Died
22747,Transfer
22748,Transfer
22749,Adoption
22750,Transfer
22751,Adoption
22752,Adoption
22753,Transfer
22754,Transfer
22755,Return to Owner
22756,Adoption
22757,Return to Owner
22758,Transfer
22759,Transfer
22760,Return to Owner
22761,Adoption
22762,Adoption
22763,Return to Owner
22764,Adoption
22765,Died
22766,Adoption
22767,Died
22768,Transfer
22769,Adoption
22770,Adoption
22771,Adoption
22772,Transfer
22773,Transfer
22774,Transfer
22775,Adoption
22776,Transfer
22777,Transfer
22778,Adoption
22779,Adoption
22780,Transfer
22781,Adoption
22782,Transfer
22783,Adoption
22784,Adoption
22785,Adoption
22786,Transfer
22787,Euthanasia
22788,Adoption
22789,Adoption
22790,Adoption
22791,Adoption
22792,Transfer
22793,Adoption
22794,Adoption
22795,Adoption
22796,Died
22797,Euthanasia
22798,Adoption
22799,Adoption
22800,Died
22801,Euthanasia
22802,Adoption
22803,Adoption
22804,Transfer
22805,Died
22806,Died
22807,Transfer
22808,Adoption
22809,Transfer
22810,Return to Owner
22811,Transfer
22812,Adoption
22813,Adoption
22814,Transfer
22815,Died
22816,Transfer
22817,Adoption
22818,Adoption
22819,Adoption
22820,Adoption
22821,Died
22822,Adoption
22823,Transfer
22824,Adoption
22825,Adoption
22826,Transfer
22827,Adoption
22828,Adoption
22829,Transfer
22830,Transfer
22831,Transfer
22832,Transfer
22833,Died
22834,Died
22835,Adoption
22836,Adoption
22837,Adoption
22838,Adoption
22839,Adoption
22840,Adoption
22841,Transfer
22842,Died
22843,Euthanasia
22844,Transfer
22845,Adoption
22846,Transfer
22847,Transfer
22848,Adoption
22849,Transfer
22850,Adoption
22851,Adoption
22852,Transfer
22853,Euthanasia
22854,Transfer
22855,Adoption
22856,Transfer
22857,Transfer
22858,Adoption
22859,Adoption
22860,Transfer
22861,Euthanasia
22862,Euthanasia
22863,Died
22864,Euthanasia
22865,Transfer
22866,Transfer
22867,Transfer
22868,Adoption
22869,Adoption
22870,Adoption
22871,Adoption
22872,Died
22873,Adoption
22874,Adoption
22875,Adoption
22876,Transfer
22877,Transfer
22878,Died
22879,Transfer
22880,Died
22881,Adoption
22882,Died
22883,Transfer
22884,Transfer
22885,Adoption
22886,Transfer
22887,Transfer
22888,Euthanasia
22889,Euthanasia
22890,Adoption
22891,Transfer
22892,Died
22893,Adoption
22894,Transfer
22895,Died
22896,Adoption
22897,Adoption
22898,Adoption
22899,Adoption
22900,Transfer
22901,Transfer
22902,Euthanasia
22903,Euthanasia
22904,Euthanasia
22905,Adoption
22906,Adoption
22907,Transfer
22908,Transfer
22909,Died
22910,Transfer
22911,Transfer
22912,Transfer
22913,Transfer
22914,Transfer
22915,Transfer
22916,Transfer
22917,Adoption
22918,Return to Owner
22919,Euthanasia
22920,Euthanasia
22921,Adoption
22922,Died
22923,Adoption
22924,Adoption
22925,Died
22926,Euthanasia
22927,Adoption
22928,Adoption
22929,Adoption
22930,Died
22931,Died
22932,Died
22933,Adoption
22934,Adoption
22935,Transfer
22936,Transfer
22937,Adoption
22938,Adoption
22939,Adoption
22940,Transfer
22941,Adoption
22942,Adoption
22943,Adoption
22944,Adoption
22945,Adoption
22946,Transfer
22947,Transfer
22948,Return to Owner
22949,Adoption
22950,Transfer
22951,Adoption
22952,Transfer
22953,Transfer
22954,Euthanasia
22955,Adoption
22956,Adoption
22957,Adoption
22958,Died
22959,Died
22960,Transfer
22961,Transfer
22962,Transfer
22963,Euthanasia
22964,Died
22965,Return to Owner
22966,Died
22967,Transfer
22968,Adoption
22969,Adoption
22970,Adoption
22971,Adoption
22972,Transfer
22973,Died
22974,Transfer
22975,Transfer
22976,Transfer
22977,Adoption
22978,Adoption
22979,Transfer
22980,Transfer
22981,Died
22982,Died
22983,Adoption
22984,Transfer
22985,Adoption
22986,Transfer
22987,Transfer
22988,Adoption
22989,Transfer
22990,Transfer
22991,Adoption
22992,Transfer
22993,Transfer
22994,Adoption
22995,Adoption
22996,Adoption
22997,Adoption
22998,Adoption
22999,Transfer
23000,Adoption
23001,Transfer
23002,Transfer
23003,Transfer
23004,Transfer
23005,Adoption
23006,Died
23007,Adoption
23008,Adoption
23009,Adoption
23010,Return to Owner
23011,Adoption
23012,Adoption
23013,Adoption
23014,Adoption
23015,Adoption
23016,Adoption
23017,Transfer
23018,Died
23019,Return to Owner
23020,Adoption
23021,Transfer
23022,Adoption
23023,Transfer
23024,Transfer
23025,Transfer
23026,Transfer
23027,Transfer
23028,Transfer
23029,Return to Owner
23030,Died
23031,Transfer
23032,Adoption
23033,Adoption
23034,Transfer
23035,Euthanasia
23036,Adoption
23037,Return to Owner
23038,Died
23039,Adoption
23040,Adoption
23041,Transfer
23042,Euthanasia
23043,Adoption
23044,Transfer
23045,Return to Owner
23046,Transfer
23047,Adoption
23048,Transfer
23049,Return to Owner
23050,Adoption
23051,Transfer
23052,Adoption
23053,Adoption
23054,Transfer
23055,Transfer
23056,Adoption
23057,Died
23058,Return to Owner
23059,Died
23060,Died
23061,Died
23062,Died
23063,Adoption
23064,Return to Owner
23065,Adoption
23066,Transfer
23067,Transfer
23068,Adoption
23069,Adoption
23070,Adoption
23071,Adoption
23072,Euthanasia
23073,Transfer
23074,Adoption
23075,Adoption
23076,Adoption
23077,Adoption
23078,Adoption
23079,Died
23080,Adoption
23081,Adoption
23082,Adoption
23083,Died
23084,Adoption
23085,Adoption
23086,Euthanasia
23087,Adoption
23088,Adoption
23089,Adoption
23090,Transfer
23091,Transfer
23092,Return to Owner
23093,Transfer
23094,Transfer
23095,Transfer
23096,Transfer
23097,Adoption
23098,Died
23099,Adoption
23100,Euthanasia
23101,Died
23102,Return to Owner
23103,Adoption
23104,Adoption
23105,Adoption
23106,Euthanasia
23107,Euthanasia
23108,Adoption
23109,Adoption
23110,Died
23111,Adoption
23112,Transfer
23113,Euthanasia
23114,Died
23115,Return to Owner
23116,Adoption
23117,Euthanasia
23118,Died
23119,Adoption
23120,Adoption
23121,Transfer
23122,Adoption
23123,Died
23124,Died
23125,Adoption
23126,Adoption
23127,Died
23128,Transfer
23129,Adoption
23130,Adoption
23131,Return to Owner
23132,Adoption
23133,Adoption
23134,Transfer
23135,Transfer
23136,Adoption
23137,Adoption
23138,Adoption
23139,Transfer
23140,Adoption
23141,Transfer
23142,Transfer
23143,Transfer
23144,Adoption
23145,Euthanasia
23146,Adoption
23147,Adoption
23148,Adoption
23149,Transfer
23150,Died
23151,Transfer
23152,Died
23153,Died
23154,Adoption
23155,Transfer
23156,Adoption
23157,Transfer
23158,Transfer
23159,Adoption
23160,Transfer
23161,Died
23162,Adoption
23163,Adoption
23164,Died
23165,Adoption
23166,Adoption
23167,Adoption
23168,Transfer
23169,Died
23170,Transfer
23171,Return to Owner
23172,Died
23173,Adoption
23174,Transfer
23175,Died
23176,Transfer
23177,Died
23178,Died
23179,Euthanasia
23180,Adoption
23181,Euthanasia
23182,Died
23183,Transfer
23184,Adoption
23185,Adoption
23186,Adoption
23187,Transfer
23188,Adoption
23189,Return to Owner
23190,Adoption
23191,Adoption
23192,Died
23193,Adoption
23194,Adoption
23195,Adoption
23196,Adoption
23197,Adoption
23198,Adoption
23199,Return to Owner
23200,Adoption
23201,Adoption
23202,Died
23203,Adoption
23204,Return to Owner
23205,Transfer
23206,Return to Owner
23207,Adoption
23208,Adoption
23209,Return to Owner
23210,Transfer
23211,Transfer
23212,Died
23213,Transfer
23214,Died
23215,Died
23216,Return to Owner
23217,Transfer
23218,Adoption
23219,Euthanasia
23220,Adoption
23221,Adoption
23222,Died
23223,Transfer
23224,Euthanasia
23225,Died
23226,Died
23227,Died
23228,Euthanasia
23229,Euthanasia
23230,Died
23231,Transfer
23232,Transfer
23233,Adoption
23234,Transfer
23235,Died
23236,Adoption
23237,Return to Owner
23238,Transfer
23239,Died
23240,Adoption
23241,Transfer
23242,Adoption
23243,Transfer
23244,Transfer
23245,Transfer
23246,Transfer
23247,Adoption
23248,Transfer
23249,Adoption
23250,Adoption
23251,Adoption
23252,Transfer
23253,Transfer
23254,Return to Owner
23255,Adoption
23256,Died
23257,Adoption
23258,Adoption
23259,Adoption
23260,Transfer
23261,Adoption
23262,Died
23263,Died
23264,Transfer
23265,Died
23266,Transfer
23267,Adoption
23268,Adoption
23269,Adoption
23270,Died
23271,Transfer
23272,Died
23273,Died
23274,Adoption
23275,Adoption
23276,Adoption
23277,Adoption
23278,Died
23279,Euthanasia
23280,Adoption
23281,Died
23282,Adoption
23283,Transfer
23284,Died
23285,Died
23286,Adoption
23287,Transfer
23288,Adoption
23289,Died
23290,Transfer
23291,Died
23292,Adoption
23293,Transfer
23294,Adoption
23295,Transfer
23296,Adoption
23297,Adoption
23298,Transfer
23299,Adoption
23300,Died
23301,Adoption
23302,Adoption
23303,Euthanasia
23304,Transfer
23305,Euthanasia
23306,Died
23307,Adoption
23308,Adoption
23309,Adoption
23310,Adoption
23311,Adoption
23312,Adoption
23313,Died
23314,Euthanasia
23315,Transfer
23316,Adoption
23317,Euthanasia
23318,Adoption
23319,Transfer
23320,Adoption
23321,Died
23322,Euthanasia
23323,Adoption
23324,Transfer
23325,Transfer
23326,Transfer
23327,Transfer
23328,Adoption
23329,Died
23330,Transfer
23331,Adoption
23332,Transfer
23333,Adoption
23334,Transfer
23335,Transfer
23336,Adoption
23337,Adoption
23338,Adoption
23339,Transfer
23340,Adoption
23341,Adoption
23342,Transfer
23343,Adoption
23344,Transfer
23345,Transfer
23346,Transfer
23347,Died
23348,Died
23349,Transfer
23350,Adoption
23351,Transfer
23352,Adoption
23353,Transfer
23354,Transfer
23355,Adoption
23356,Transfer
23357,Return to Owner
23358,Transfer
23359,Adoption
23360,Died
23361,Died
23362,Transfer
23363,Transfer
23364,Transfer
23365,Transfer
23366,Adoption
23367,Died
23368,Died
23369,Transfer
23370,Adoption
23371,Adoption
23372,Died
23373,Adoption
23374,Adoption
23375,Adoption
23376,Died
23377,Transfer
23378,Transfer
23379,Adoption
23380,Adoption
23381,Died
23382,Adoption
23383,Transfer
23384,Adoption
23385,Adoption
23386,Adoption
23387,Transfer
23388,Return to Owner
23389,Adoption
23390,Adoption
23391,Adoption
23392,Adoption
23393,Transfer
23394,Adoption
23395,Adoption
23396,Return to Owner
23397,Adoption
23398,Transfer
23399,Transfer
23400,Transfer
23401,Return to Owner
23402,Adoption
23403,Died
23404,Adoption
23405,Died
23406,Return to Owner
23407,Died
23408,Transfer
23409,Transfer
23410,Return to Owner
23411,Transfer
23412,Adoption
23413,Died
23414,Adoption
23415,Died
23416,Transfer
23417,Transfer
23418,Transfer
23419,Adoption
23420,Adoption
23421,Adoption
23422,Transfer
23423,Transfer
23424,Adoption
23425,Died
23426,Adoption
23427,Adoption
23428,Adoption
23429,Adoption
23430,Adoption
23431,Transfer
23432,Transfer
23433,Adoption
23434,Transfer
23435,Died
23436,Euthanasia
23437,Transfer
23438,Adoption
23439,Transfer
23440,Transfer
23441,Transfer
23442,Transfer
23443,Euthanasia
23444,Died
23445,Died
23446,Adoption
23447,Transfer
23448,Adoption
23449,Died
23450,Died
23451,Adoption
23452,Adoption
23453,Adoption
23454,Adoption
23455,Adoption
23456,Adoption
23457,Adoption
23458,Transfer
23459,Died
23460,Transfer
23461,Transfer
23462,Adoption
23463,Adoption
23464,Adoption
23465,Transfer
23466,Died
23467,Transfer
23468,Transfer
23469,Adoption
23470,Adoption
23471,Adoption
23472,Adoption
23473,Return to Owner
23474,Adoption
23475,Transfer
23476,Adoption
23477,Adoption
23478,Adoption
23479,Transfer
23480,Adoption
23481,Adoption
23482,Adoption
23483,Adoption
23484,Euthanasia
23485,Euthanasia
23486,Died
23487,Transfer
23488,Transfer
23489,Transfer
23490,Died
23491,Adoption
23492,Died
23493,Died
23494,Died
23495,Return to Owner
23496,Died
23497,Died
23498,Transfer
23499,Transfer
23500,Adoption
23501,Adoption
23502,Transfer
23503,Transfer
23504,Died
23505,Return to Owner
23506,Adoption
23507,Died
23508,Died
23509,Transfer
23510,Adoption
23511,Died
23512,Adoption
23513,Died
23514,Died
23515,Adoption
23516,Transfer
23517,Died
23518,Transfer
23519,Euthanasia
23520,Transfer
23521,Died
23522,Transfer
23523,Adoption
23524,Euthanasia
23525,Adoption
23526,Transfer
23527,Euthanasia
23528,Adoption
23529,Adoption
23530,Died
23531,Transfer
23532,Transfer
23533,Adoption
23534,Return to Owner
23535,Died
23536,Transfer
23537,Died
23538,Died
23539,Adoption
23540,Adoption
23541,Transfer
23542,Adoption
23543,Transfer
23544,Transfer
23545,Adoption
23546,Transfer
23547,Transfer
23548,Adoption
23549,Transfer
23550,Transfer
23551,Adoption
23552,Euthanasia
23553,Adoption
23554,Died
23555,Transfer
23556,Adoption
23557,Adoption
23558,Transfer
23559,Transfer
23560,Return to Owner
23561,Euthanasia
23562,Adoption
23563,Return to Owner
23564,Transfer
23565,Transfer
23566,Died
23567,Transfer
23568,Adoption
23569,Adoption
23570,Adoption
23571,Transfer
23572,Transfer
23573,Transfer
23574,Died
23575,Adoption
23576,Transfer
23577,Adoption
23578,Transfer
23579,Adoption
23580,Adoption
23581,Transfer
23582,Transfer
23583,Transfer
23584,Adoption
23585,Return to Owner
23586,Adoption
23587,Adoption
23588,Adoption
23589,Died
23590,Adoption
23591,Adoption
23592,Died
23593,Adoption
23594,Adoption
23595,Died
23596,Died
23597,Euthanasia
23598,Adoption
23599,Adoption
23600,Died
23601,Adoption
23602,Adoption
23603,Transfer
23604,Transfer
23605,Died
23606,Transfer
23607,Died
23608,Transfer
23609,Adoption
23610,Return to Owner
23611,Transfer
23612,Transfer
23613,Transfer
23614,Adoption
23615,Adoption
23616,Adoption
23617,Adoption
23618,Adoption
23619,Adoption
23620,Adoption
23621,Transfer
23622,Transfer
23623,Adoption
23624,Adoption
23625,Adoption
23626,Adoption
23627,Euthanasia
23628,Died
23629,Transfer
23630,Transfer
23631,Transfer
23632,Adoption
23633,Transfer
23634,Died
23635,Transfer
23636,Adoption
23637,Died
23638,Adoption
23639,Adoption
23640,Adoption
23641,Died
23642,Died
23643,Adoption
23644,Adoption
23645,Adoption
23646,Adoption
23647,Transfer
23648,Died
23649,Adoption
23650,Died
23651,Transfer
23652,Return to Owner
23653,Adoption
23654,Transfer
23655,Adoption
23656,Adoption
23657,Transfer
23658,Died
23659,Died
23660,Adoption
23661,Died
23662,Transfer
23663,Died
23664,Adoption
23665,Euthanasia
23666,Euthanasia
23667,Return to Owner
23668,Adoption
23669,Died
23670,Adoption
23671,Adoption
23672,Transfer
23673,Adoption
23674,Transfer
23675,Transfer
23676,Adoption
23677,Return to Owner
23678,Transfer
23679,Adoption
23680,Adoption
23681,Transfer
23682,Adoption
23683,Transfer
23684,Adoption
23685,Transfer
23686,Adoption
23687,Transfer
23688,Transfer
23689,Transfer
23690,Transfer
23691,Adoption
23692,Transfer
23693,Transfer
23694,Died
23695,Adoption
23696,Adoption
23697,Adoption
23698,Adoption
23699,Return to Owner
23700,Transfer
23701,Adoption
23702,Euthanasia
23703,Euthanasia
23704,Adoption
23705,Adoption
23706,Adoption
23707,Died
23708,Adoption
23709,Return to Owner
23710,Transfer
23711,Transfer
23712,Adoption
23713,Adoption
23714,Died
23715,Adoption
23716,Euthanasia
23717,Adoption
23718,Transfer
23719,Adoption
23720,Return to Owner
23721,Adoption
23722,Adoption
23723,Return to Owner
23724,Adoption
23725,Transfer
23726,Adoption
23727,Transfer
23728,Adoption
23729,Died
23730,Transfer
23731,Adoption
23732,Adoption
23733,Adoption
23734,Transfer
23735,Transfer
23736,Transfer
23737,Transfer
23738,Adoption
23739,Transfer
23740,Return to Owner
23741,Died
23742,Adoption
23743,Adoption
23744,Return to Owner
23745,Transfer
23746,Adoption
23747,Adoption
23748,Transfer
23749,Adoption
23750,Adoption
23751,Died
23752,Adoption
23753,Died
23754,Return to Owner
23755,Adoption
23756,Transfer
23757,Died
23758,Adoption
23759,Died
23760,Died
23761,Died
23762,Transfer
23763,Adoption
23764,Died
23765,Adoption
23766,Transfer
23767,Adoption
23768,Transfer
23769,Adoption
23770,Transfer
23771,Euthanasia
23772,Adoption
23773,Transfer
23774,Transfer
23775,Died
23776,Euthanasia
23777,Transfer
23778,Died
23779,Transfer
23780,Adoption
23781,Transfer
23782,Euthanasia
23783,Adoption
23784,Transfer
23785,Adoption
23786,Transfer
23787,Transfer
23788,Transfer
23789,Adoption
23790,Transfer
23791,Died
23792,Transfer
23793,Died
23794,Adoption
23795,Transfer
23796,Died
23797,Adoption
23798,Adoption
23799,Transfer
23800,Adoption
23801,Euthanasia
23802,Transfer
23803,Transfer
23804,Transfer
23805,Adoption
23806,Euthanasia
23807,Adoption
23808,Transfer
23809,Adoption
23810,Transfer
23811,Transfer
23812,Adoption
23813,Transfer
23814,Adoption
23815,Transfer
23816,Adoption
23817,Died
23818,Euthanasia
23819,Adoption
23820,Died
23821,Transfer
23822,Euthanasia
23823,Adoption
23824,Transfer
23825,Died
23826,Adoption
23827,Transfer
23828,Adoption
23829,Died
23830,Died
23831,Adoption
23832,Adoption
23833,Adoption
23834,Adoption
23835,Transfer
23836,Adoption
23837,Adoption
23838,Transfer
23839,Adoption
23840,Adoption
23841,Transfer
23842,Adoption
23843,Adoption
23844,Died
23845,Transfer
23846,Adoption
23847,Adoption
23848,Transfer
23849,Transfer
23850,Adoption
23851,Euthanasia
23852,Transfer
23853,Died
23854,Euthanasia
23855,Transfer
23856,Adoption
23857,Died
23858,Adoption
23859,Adoption
23860,Transfer
23861,Transfer
23862,Adoption
23863,Transfer
23864,Adoption
23865,Transfer
23866,Transfer
23867,Adoption
23868,Died
23869,Adoption
23870,Adoption
23871,Adoption
23872,Died
23873,Adoption
23874,Died
23875,Transfer
23876,Adoption
23877,Adoption
23878,Died
23879,Euthanasia
23880,Transfer
23881,Adoption
23882,Died
23883,Transfer
23884,Adoption
23885,Transfer
23886,Transfer
23887,Transfer
23888,Euthanasia
23889,Transfer
23890,Adoption
23891,Transfer
23892,Transfer
23893,Transfer
23894,Adoption
23895,Transfer
23896,Transfer
23897,Transfer
23898,Adoption
23899,Transfer
23900,Transfer
23901,Adoption
23902,Return to Owner
23903,Transfer
23904,Died
23905,Adoption
23906,Died
23907,Adoption
23908,Adoption
23909,Adoption
23910,Transfer
23911,Adoption
23912,Adoption
23913,Euthanasia
23914,Adoption
23915,Adoption
23916,Adoption
23917,Transfer
23918,Died
23919,Adoption
23920,Transfer
23921,Adoption
23922,Adoption
23923,Transfer
23924,Transfer
23925,Adoption
23926,Adoption
23927,Adoption
23928,Adoption
23929,Transfer
23930,Died
23931,Died
23932,Died
23933,Adoption
23934,Died
23935,Died
23936,Adoption
23937,Transfer
23938,Transfer
23939,Transfer
23940,Transfer
23941,Euthanasia
23942,Adoption
23943,Adoption
23944,Adoption
23945,Adoption
23946,Died
23947,Died
23948,Adoption
23949,Adoption
23950,Adoption
23951,Euthanasia
23952,Transfer
23953,Adoption
23954,Died
23955,Adoption
23956,Adoption
23957,Adoption
23958,Adoption
23959,Adoption
23960,Transfer
23961,Transfer
23962,Adoption
23963,Died
23964,Transfer
23965,Transfer
23966,Adoption
23967,Adoption
23968,Died
23969,Euthanasia
23970,Euthanasia
23971,Transfer
23972,Died
23973,Adoption
23974,Adoption
23975,Transfer
23976,Adoption
23977,Died
23978,Transfer
23979,Adoption
23980,Adoption
23981,Transfer
23982,Transfer
23983,Adoption
23984,Adoption
23985,Transfer
23986,Adoption
23987,Transfer
23988,Transfer
23989,Transfer
23990,Transfer
23991,Transfer
23992,Adoption
23993,Adoption
23994,Died
23995,Transfer
23996,Adoption
23997,Transfer
23998,Adoption
23999,Return to Owner
24000,Adoption
24001,Died
24002,Euthanasia
24003,Died
24004,Died
24005,Transfer
24006,Adoption
24007,Adoption
24008,Adoption
24009,Adoption
24010,Transfer
24011,Transfer
24012,Died
24013,Adoption
24014,Euthanasia
24015,Transfer
24016,Died
24017,Transfer
24018,Transfer
24019,Transfer
24020,Transfer
24021,Transfer
24022,Adoption
24023,Transfer
24024,Transfer
24025,Adoption
24026,Return to Owner
24027,Euthanasia
24028,Transfer
24029,Transfer
24030,Adoption
24031,Transfer
24032,Transfer
24033,Transfer
24034,Transfer
24035,Adoption
24036,Adoption
24037,Transfer
24038,Transfer
24039,Transfer
24040,Adoption
24041,Died
24042,Adoption
24043,Transfer
24044,Adoption
24045,Died
24046,Adoption
24047,Euthanasia
24048,Adoption
24049,Transfer
24050,Transfer
24051,Adoption
24052,Adoption
24053,Transfer
24054,Adoption
24055,Transfer
24056,Adoption
24057,Adoption
24058,Transfer
24059,Transfer
24060,Adoption
24061,Adoption
24062,Died
24063,Died
24064,Transfer
24065,Died
24066,Transfer
24067,Transfer
24068,Adoption
24069,Died
24070,Died
24071,Adoption
24072,Adoption
24073,Transfer
24074,Transfer
24075,Adoption
24076,Adoption
24077,Transfer
24078,Adoption
24079,Adoption
24080,Transfer
24081,Transfer
24082,Adoption
24083,Adoption
24084,Died
24085,Transfer
24086,Adoption
24087,Transfer
24088,Return to Owner
24089,Died
24090,Adoption
24091,Transfer
24092,Adoption
24093,Transfer
24094,Adoption
24095,Adoption
24096,Euthanasia
24097,Died
24098,Transfer
24099,Died
24100,Died
24101,Died
24102,Transfer
24103,Transfer
24104,Transfer
24105,Euthanasia
24106,Transfer
24107,Transfer
24108,Transfer
24109,Adoption
24110,Adoption
24111,Transfer
24112,Adoption
24113,Died
24114,Euthanasia
24115,Adoption
24116,Adoption
24117,Adoption
24118,Adoption
24119,Adoption
24120,Transfer
24121,Died
24122,Adoption
24123,Euthanasia
24124,Adoption
24125,Adoption
24126,Transfer
24127,Return to Owner
24128,Died
24129,Adoption
24130,Died
24131,Died
24132,Adoption
24133,Died
24134,Transfer
24135,Adoption
24136,Adoption
24137,Adoption
24138,Adoption
24139,Adoption
24140,Transfer
24141,Died
24142,Adoption
24143,Adoption
24144,Adoption
24145,Adoption
24146,Adoption
24147,Died
24148,Euthanasia
24149,Died
24150,Died
24151,Died
24152,Transfer
24153,Transfer
24154,Died
24155,Transfer
24156,Transfer
24157,Adoption
24158,Adoption
24159,Adoption
24160,Died
24161,Died
24162,Adoption
24163,Adoption
24164,Adoption
24165,Euthanasia
24166,Transfer
24167,Adoption
24168,Adoption
24169,Adoption
24170,Transfer
24171,Adoption
24172,Adoption
24173,Adoption
24174,Adoption
24175,Adoption
24176,Adoption
24177,Adoption
24178,Adoption
24179,Transfer
24180,Transfer
24181,Adoption
24182,Adoption
24183,Adoption
24184,Adoption
24185,Transfer
24186,Adoption
24187,Died
24188,Adoption
24189,Died
24190,Transfer
24191,Adoption
24192,Transfer
24193,Adoption
24194,Transfer
24195,Transfer
24196,Transfer
24197,Adoption
24198,Adoption
24199,Transfer
24200,Transfer
24201,Adoption
24202,Return to Owner
24203,Transfer
24204,Died
24205,Transfer
24206,Adoption
24207,Died
24208,Adoption
24209,Died
24210,Transfer
24211,Died
24212,Adoption
24213,Died
24214,Transfer
24215,Died
24216,Adoption
24217,Adoption
24218,Euthanasia
24219,Transfer
24220,Adoption
24221,Adoption
24222,Euthanasia
24223,Adoption
24224,Transfer
24225,Adoption
24226,Adoption
24227,Transfer
24228,Adoption
24229,Transfer
24230,Transfer
24231,Adoption
24232,Transfer
24233,Adoption
24234,Died
24235,Euthanasia
24236,Transfer
24237,Transfer
24238,Adoption
24239,Transfer
24240,Adoption
24241,Transfer
24242,Adoption
24243,Adoption
24244,Transfer
24245,Adoption
24246,Died
24247,Adoption
24248,Return to Owner
24249,Return to Owner
24250,Adoption
24251,Return to Owner
24252,Adoption
24253,Adoption
24254,Adoption
24255,Adoption
24256,Transfer
24257,Adoption
24258,Adoption
24259,Transfer
24260,Transfer
24261,Transfer
24262,Transfer
24263,Transfer
24264,Transfer
24265,Euthanasia
24266,Died
24267,Adoption
24268,Adoption
24269,Euthanasia
24270,Return to Owner
24271,Adoption
24272,Died
24273,Transfer
24274,Transfer
24275,Died
24276,Died
24277,Died
24278,Died
24279,Adoption
24280,Adoption
24281,Transfer
24282,Adoption
24283,Transfer
24284,Died
24285,Return to Owner
24286,Died
24287,Transfer
24288,Adoption
24289,Died
24290,Transfer
24291,Transfer
24292,Died
24293,Died
24294,Died
24295,Adoption
24296,Transfer
24297,Transfer
24298,Adoption
24299,Adoption
24300,Adoption
24301,Adoption
24302,Adoption
24303,Adoption
24304,Adoption
24305,Transfer
24306,Euthanasia
24307,Transfer
24308,Adoption
24309,Adoption
24310,Adoption
24311,Adoption
24312,Died
24313,Adoption
24314,Died
24315,Adoption
24316,Transfer
24317,Adoption
24318,Transfer
24319,Adoption
24320,Adoption
24321,Transfer
24322,Transfer
24323,Adoption
24324,Adoption
24325,Adoption
24326,Transfer
24327,Adoption
24328,Died
24329,Transfer
24330,Died
24331,Transfer
24332,Transfer
24333,Adoption
24334,Adoption
24335,Adoption
24336,Transfer
24337,Euthanasia
24338,Adoption
24339,Adoption
24340,Adoption
24341,Adoption
24342,Adoption
24343,Adoption
24344,Adoption
24345,Adoption
24346,Adoption
24347,Adoption
24348,Transfer
24349,Transfer
24350,Euthanasia
24351,Adoption
24352,Transfer
24353,Transfer
24354,Adoption
24355,Transfer
24356,Adoption
24357,Died
24358,Adoption
24359,Adoption
24360,Euthanasia
24361,Transfer
24362,Adoption
24363,Adoption
24364,Return to Owner
24365,Transfer
24366,Return to Owner
24367,Transfer
24368,Transfer
24369,Transfer
24370,Transfer
24371,Adoption
24372,Adoption
24373,Adoption
24374,Adoption
24375,Adoption
24376,Transfer
24377,Transfer
24378,Transfer
24379,Transfer
24380,Died
24381,Euthanasia
24382,Adoption
24383,Adoption
24384,Transfer
24385,Adoption
24386,Return to Owner
24387,Adoption
24388,Adoption
24389,Adoption
24390,Transfer
24391,Died
24392,Adoption
24393,Transfer
24394,Transfer
24395,Transfer
24396,Died
24397,Died
24398,Adoption
24399,Adoption
24400,Transfer
24401,Adoption
24402,Adoption
24403,Adoption
24404,Transfer
24405,Return to Owner
24406,Transfer
24407,Transfer
24408,Adoption
24409,Transfer
24410,Euthanasia
24411,Died
24412,Died
24413,Transfer
24414,Adoption
24415,Transfer
24416,Adoption
24417,Return to Owner
24418,Transfer
24419,Adoption
24420,Died
24421,Transfer
24422,Transfer
24423,Adoption
24424,Adoption
24425,Adoption
24426,Adoption
24427,Transfer
24428,Euthanasia
24429,Adoption
24430,Euthanasia
24431,Transfer
24432,Adoption
24433,Died
24434,Adoption
24435,Adoption
24436,Died
24437,Transfer
24438,Transfer
24439,Adoption
24440,Died
24441,Transfer
24442,Transfer
24443,Adoption
24444,Return to Owner
24445,Adoption
24446,Adoption
24447,Transfer
24448,Died
24449,Transfer
24450,Transfer
24451,Transfer
24452,Return to Owner
24453,Euthanasia
24454,Died
24455,Euthanasia
24456,Transfer
24457,Transfer
24458,Adoption
24459,Adoption
24460,Adoption
24461,Adoption
24462,Adoption
24463,Died
24464,Euthanasia
24465,Adoption
24466,Died
24467,Return to Owner
24468,Transfer
24469,Died
24470,Adoption
24471,Adoption
24472,Transfer
24473,Transfer
24474,Adoption
24475,Return to Owner
24476,Adoption
24477,Transfer
24478,Transfer
24479,Died
24480,Transfer
24481,Transfer
24482,Euthanasia
24483,Transfer
24484,Adoption
24485,Euthanasia
24486,Transfer
24487,Euthanasia
24488,Transfer
24489,Died
24490,Adoption
24491,Transfer
24492,Return to Owner
24493,Adoption
24494,Transfer
24495,Adoption
24496,Adoption
24497,Died
24498,Died
24499,Transfer
24500,Adoption
24501,Adoption
24502,Died
24503,Transfer
24504,Return to Owner
24505,Adoption
24506,Transfer
24507,Died
24508,Transfer
24509,Euthanasia
24510,Adoption
24511,Transfer
24512,Transfer
24513,Adoption
24514,Adoption
24515,Died
24516,Died
24517,Adoption
24518,Transfer
24519,Adoption
24520,Adoption
24521,Adoption
24522,Died
24523,Died
24524,Adoption
24525,Euthanasia
24526,Adoption
24527,Transfer
24528,Adoption
24529,Adoption
24530,Transfer
24531,Adoption
24532,Adoption
24533,Died
24534,Transfer
24535,Adoption
24536,Adoption
24537,Transfer
24538,Adoption
24539,Transfer
24540,Transfer
24541,Transfer
24542,Adoption
24543,Died
24544,Adoption
24545,Transfer
24546,Adoption
24547,Transfer
24548,Died
24549,Transfer
24550,Died
24551,Adoption
24552,Transfer
24553,Transfer
24554,Euthanasia
24555,Adoption
24556,Euthanasia
24557,Transfer
24558,Euthanasia
24559,Adoption
24560,Transfer
24561,Died
24562,Adoption
24563,Euthanasia
24564,Adoption
24565,Died
24566,Transfer
24567,Return to Owner
24568,Adoption
24569,Died
24570,Adoption
24571,Adoption
24572,Return to Owner
24573,Adoption
24574,Adoption
24575,Died
24576,Transfer
24577,Transfer
24578,Transfer
24579,Adoption
24580,Transfer
24581,Euthanasia
24582,Transfer
24583,Transfer
24584,Died
24585,Transfer
24586,Adoption
24587,Transfer
24588,Adoption
24589,Adoption
24590,Transfer
24591,Adoption
24592,Adoption
24593,Return to Owner
24594,Died
24595,Adoption
24596,Adoption
24597,Adoption
24598,Transfer
24599,Adoption
24600,Adoption
24601,Died
24602,Adoption
24603,Died
24604,Transfer
24605,Died
24606,Euthanasia
24607,Died
24608,Transfer
24609,Adoption
24610,Adoption
24611,Transfer
24612,Transfer
24613,Adoption
24614,Adoption
24615,Adoption
24616,Adoption
24617,Transfer
24618,Adoption
24619,Died
24620,Adoption
24621,Transfer
24622,Adoption
24623,Adoption
24624,Return to Owner
24625,Return to Owner
24626,Died
24627,Transfer
24628,Transfer
24629,Transfer
24630,Died
24631,Transfer
24632,Transfer
24633,Adoption
24634,Adoption
24635,Transfer
24636,Adoption
24637,Died
24638,Euthanasia
24639,Transfer
24640,Transfer
24641,Transfer
24642,Died
24643,Adoption
24644,Adoption
24645,Euthanasia
24646,Transfer
24647,Adoption
24648,Transfer
24649,Died
24650,Died
24651,Adoption
24652,Adoption
24653,Transfer
24654,Adoption
24655,Adoption
24656,Adoption
24657,Adoption
24658,Died
24659,Adoption
24660,Transfer
24661,Transfer
24662,Adoption
24663,Transfer
24664,Transfer
24665,Adoption
24666,Adoption
24667,Euthanasia
24668,Adoption
24669,Euthanasia
24670,Died
24671,Adoption
24672,Died
24673,Transfer
24674,Adoption
24675,Adoption
24676,Transfer
24677,Transfer
24678,Adoption
24679,Adoption
24680,Adoption
24681,Died
24682,Adoption
24683,Transfer
24684,Transfer
24685,Euthanasia
24686,Died
24687,Died
24688,Adoption
24689,Adoption
24690,Died
24691,Died
24692,Transfer
24693,Adoption
24694,Adoption
24695,Adoption
24696,Adoption
24697,Adoption
24698,Adoption
24699,Return to Owner
24700,Transfer
24701,Euthanasia
24702,Transfer
24703,Adoption
24704,Died
24705,Adoption
24706,Transfer
24707,Adoption
24708,Adoption
24709,Adoption
24710,Transfer
24711,Adoption
24712,Adoption
24713,Transfer
24714,Transfer
24715,Adoption
24716,Adoption
24717,Transfer
24718,Transfer
24719,Transfer
24720,Adoption
24721,Died
24722,Transfer
24723,Adoption
24724,Adoption
24725,Died
24726,Died
24727,Euthanasia
24728,Adoption
24729,Died
24730,Euthanasia
24731,Died
24732,Adoption
24733,Transfer
24734,Adoption
24735,Transfer
24736,Died
24737,Adoption
24738,Transfer
24739,Adoption
24740,Transfer
24741,Adoption
24742,Adoption
24743,Adoption
24744,Adoption
24745,Adoption
24746,Died
24747,Adoption
24748,Transfer
24749,Adoption
24750,Adoption
24751,Adoption
24752,Died
24753,Adoption
24754,Return to Owner
24755,Died
24756,Adoption
24757,Died
24758,Adoption
24759,Euthanasia
24760,Transfer
24761,Adoption
24762,Euthanasia
24763,Transfer
24764,Died
24765,Adoption
24766,Transfer
24767,Died
24768,Adoption
24769,Return to Owner
24770,Transfer
24771,Died
24772,Transfer
24773,Adoption
24774,Transfer
24775,Adoption
24776,Died
24777,Adoption
24778,Adoption
24779,Transfer
24780,Transfer
24781,Transfer
24782,Adoption
24783,Transfer
24784,Died
24785,Transfer
24786,Return to Owner
24787,Transfer
24788,Adoption
24789,Transfer
24790,Transfer
24791,Died
24792,Transfer
24793,Adoption
24794,Died
24795,Transfer
24796,Adoption
24797,Transfer
24798,Adoption
24799,Transfer
24800,Transfer
24801,Adoption
24802,Euthanasia
24803,Adoption
24804,Transfer
24805,Died
24806,Transfer
24807,Transfer
24808,Adoption
24809,Euthanasia
24810,Transfer
24811,Transfer
24812,Died
24813,Died
24814,Adoption
24815,Died
24816,Adoption
24817,Transfer
24818,Adoption
24819,Transfer
24820,Euthanasia
24821,Adoption
24822,Transfer
24823,Transfer
24824,Transfer
24825,Died
24826,Euthanasia
24827,Adoption
24828,Died
24829,Adoption
24830,Died
24831,Died
24832,Transfer
24833,Adoption
24834,Adoption
24835,Adoption
24836,Died
24837,Adoption
24838,Transfer
24839,Transfer
24840,Transfer
24841,Adoption
24842,Adoption
24843,Transfer
24844,Adoption
24845,Adoption
24846,Transfer
24847,Transfer
24848,Transfer
24849,Adoption
24850,Adoption
24851,Adoption
24852,Transfer
24853,Died
24854,Transfer
24855,Transfer
24856,Transfer
24857,Adoption
24858,Transfer
24859,Died
24860,Transfer
24861,Transfer
24862,Euthanasia
24863,Transfer
24864,Return to Owner
24865,Died
24866,Euthanasia
24867,Adoption
24868,Adoption
24869,Transfer
24870,Transfer
24871,Adoption
24872,Adoption
24873,Adoption
24874,Adoption
24875,Adoption
24876,Euthanasia
24877,Adoption
24878,Transfer
24879,Transfer
24880,Died
24881,Adoption
24882,Transfer
24883,Adoption
24884,Transfer
24885,Adoption
24886,Adoption
24887,Died
24888,Died
24889,Transfer
24890,Adoption
24891,Adoption
24892,Adoption
24893,Transfer
24894,Adoption
24895,Transfer
24896,Adoption
24897,Transfer
24898,Transfer
24899,Died
24900,Adoption
24901,Died
24902,Transfer
24903,Adoption
24904,Transfer
24905,Transfer
24906,Adoption
24907,Adoption
24908,Adoption
24909,Transfer
24910,Transfer
24911,Died
24912,Adoption
24913,Transfer
24914,Adoption
24915,Adoption
24916,Transfer
24917,Died
24918,Adoption
24919,Adoption
24920,Transfer
24921,Euthanasia
24922,Transfer
24923,Died
24924,Adoption
24925,Transfer
24926,Adoption
24927,Transfer
24928,Adoption
24929,Died
24930,Died
24931,Transfer
24932,Died
24933,Died
24934,Euthanasia
24935,Euthanasia
24936,Return to Owner
24937,Adoption
24938,Adoption
24939,Adoption
24940,Transfer
24941,Adoption
24942,Transfer
24943,Adoption
24944,Died
24945,Transfer
24946,Adoption
24947,Adoption
24948,Adoption
24949,Adoption
24950,Adoption
24951,Transfer
24952,Adoption
24953,Transfer
24954,Transfer
24955,Transfer
24956,Adoption
24957,Adoption
24958,Died
24959,Adoption
24960,Adoption
24961,Adoption
24962,Died
24963,Euthanasia
24964,Transfer
24965,Adoption
24966,Euthanasia
24967,Died
24968,Transfer
24969,Died
24970,Adoption
24971,Died
24972,Euthanasia
24973,Transfer
24974,Adoption
24975,Transfer
24976,Died
24977,Transfer
24978,Transfer
24979,Adoption
24980,Adoption
24981,Transfer
24982,Died
24983,Adoption
24984,Adoption
24985,Adoption
24986,Transfer
24987,Adoption
24988,Died
24989,Adoption
24990,Died
24991,Died
24992,Transfer
24993,Adoption
24994,Euthanasia
24995,Transfer
24996,Adoption
24997,Died
24998,Adoption
24999,Adoption
25000,Transfer
25001,Transfer
25002,Adoption
25003,Transfer
25004,Transfer
25005,Adoption
25006,Died
25007,Adoption
25008,Adoption
25009,Transfer
25010,Adoption
25011,Adoption
25012,Transfer
25013,Adoption
25014,Adoption
25015,Transfer
25016,Transfer
25017,Transfer
25018,Adoption
25019,Transfer
25020,Adoption
25021,Died
25022,Transfer
25023,Transfer
25024,Transfer
25025,Transfer
25026,Transfer
25027,Euthanasia
25028,Transfer
25029,Died
25030,Died
25031,Adoption
25032,Transfer
25033,Transfer
25034,Transfer
25035,Died
25036,Adoption
25037,Adoption
25038,Euthanasia
25039,Adoption
25040,Adoption
25041,Died
25042,Transfer
25043,Adoption
25044,Transfer
25045,Transfer
25046,Adoption
25047,Transfer
25048,Died
25049,Adoption
25050,Transfer
25051,Adoption
25052,Adoption
25053,Adoption
25054,Adoption
25055,Return to Owner
25056,Transfer
25057,Transfer
25058,Adoption
25059,Transfer
25060,Died
25061,Transfer
25062,Adoption
25063,Transfer
25064,Transfer
25065,Transfer
25066,Adoption
25067,Died
25068,Return to Owner
25069,Adoption
25070,Adoption
25071,Transfer
25072,Transfer
25073,Transfer
25074,Adoption
25075,Died
25076,Died
25077,Adoption
25078,Adoption
25079,Adoption
25080,Adoption
25081,Adoption
25082,Adoption
25083,Transfer
25084,Transfer
25085,Transfer
25086,Return to Owner
25087,Died
25088,Died
25089,Adoption
25090,Euthanasia
25091,Died
25092,Transfer
25093,Transfer
25094,Transfer
25095,Adoption
25096,Adoption
25097,Transfer
25098,Died
25099,Transfer
25100,Transfer
25101,Adoption
25102,Adoption
25103,Adoption
25104,Adoption
25105,Transfer
25106,Euthanasia
25107,Euthanasia
25108,Died
25109,Adoption
25110,Return to Owner
25111,Adoption
25112,Transfer
25113,Adoption
25114,Adoption
25115,Transfer
25116,Died
25117,Adoption
25118,Died
25119,Adoption
25120,Adoption
25121,Euthanasia
25122,Adoption
25123,Transfer
25124,Died
25125,Adoption
25126,Adoption
25127,Transfer
25128,Transfer
25129,Died
25130,Transfer
25131,Adoption
25132,Adoption
25133,Transfer
25134,Adoption
25135,Transfer
25136,Adoption
25137,Transfer
25138,Adoption
25139,Transfer
25140,Adoption
25141,Adoption
25142,Adoption
25143,Adoption
25144,Transfer
25145,Transfer
25146,Transfer
25147,Transfer
25148,Adoption
25149,Transfer
25150,Adoption
25151,Transfer
25152,Adoption
25153,Transfer
25154,Transfer
25155,Adoption
25156,Transfer
25157,Adoption
25158,Adoption
25159,Died
25160,Transfer
25161,Adoption
25162,Transfer
25163,Transfer
25164,Adoption
25165,Transfer
25166,Transfer
25167,Adoption
25168,Adoption
25169,Died
25170,Return to Owner
25171,Died
25172,Died
25173,Adoption
25174,Transfer
25175,Transfer
25176,Transfer
25177,Transfer
25178,Transfer
25179,Adoption
25180,Adoption
25181,Adoption
25182,Return to Owner
25183,Died
25184,Died
25185,Adoption
25186,Euthanasia
25187,Transfer
25188,Return to Owner
25189,Died
25190,Adoption
25191,Transfer
25192,Adoption
25193,Transfer
25194,Adoption
25195,Died
25196,Adoption
25197,Adoption
25198,Adoption
25199,Transfer
25200,Adoption
25201,Died
25202,Transfer
25203,Died
25204,Return to Owner
25205,Died
25206,Transfer
25207,Adoption
25208,Died
25209,Adoption
25210,Adoption
25211,Return to Owner
25212,Transfer
25213,Adoption
25214,Adoption
25215,Transfer
25216,Died
25217,Died
25218,Transfer
25219,Transfer
25220,Euthanasia
25221,Transfer
25222,Transfer
25223,Died
25224,Adoption
25225,Died
25226,Adoption
25227,Died
25228,Died
25229,Adoption
25230,Adoption
25231,Transfer
25232,Adoption
25233,Return to Owner
25234,Transfer
25235,Adoption
25236,Transfer
25237,Transfer
25238,Adoption
25239,Died
25240,Transfer
25241,Transfer
25242,Adoption
25243,Died
25244,Transfer
25245,Adoption
25246,Transfer
25247,Adoption
25248,Transfer
25249,Died
25250,Adoption
25251,Died
25252,Transfer
25253,Transfer
25254,Adoption
25255,Adoption
25256,Transfer
25257,Transfer
25258,Transfer
25259,Transfer
25260,Adoption
25261,Euthanasia
25262,Adoption
25263,Transfer
25264,Adoption
25265,Transfer
25266,Transfer
25267,Transfer
25268,Transfer
25269,Transfer
25270,Transfer
25271,Adoption
25272,Died
25273,Adoption
25274,Adoption
25275,Adoption
25276,Transfer
25277,Adoption
25278,Adoption
25279,Adoption
25280,Euthanasia
25281,Transfer
25282,Transfer
25283,Adoption
25284,Euthanasia
25285,Return to Owner
25286,Died
25287,Adoption
25288,Died
25289,Died
25290,Transfer
25291,Adoption
25292,Transfer
25293,Adoption
25294,Transfer
25295,Adoption
25296,Adoption
25297,Adoption
25298,Adoption
25299,Died
25300,Adoption
25301,Died
25302,Transfer
25303,Adoption
25304,Adoption
25305,Died
25306,Adoption
25307,Adoption
25308,Transfer
25309,Adoption
25310,Adoption
25311,Died
25312,Transfer
25313,Transfer
25314,Adoption
25315,Return to Owner
25316,Died
25317,Adoption
25318,Adoption
25319,Adoption
25320,Adoption
25321,Adoption
25322,Transfer
25323,Died
25324,Died
25325,Adoption
25326,Transfer
25327,Adoption
25328,Adoption
25329,Adoption
25330,Adoption
25331,Died
25332,Transfer
25333,Transfer
25334,Died
25335,Adoption
25336,Transfer
25337,Adoption
25338,Died
25339,Transfer
25340,Transfer
25341,Adoption
25342,Adoption
25343,Transfer
25344,Adoption
25345,Adoption
25346,Died
25347,Transfer
25348,Adoption
25349,Adoption
25350,Adoption
25351,Transfer
25352,Adoption
25353,Adoption
25354,Adoption
25355,Transfer
25356,Adoption
25357,Adoption
25358,Adoption
25359,Died
25360,Died
25361,Return to Owner
25362,Return to Owner
25363,Transfer
25364,Adoption
25365,Transfer
25366,Adoption
25367,Transfer
25368,Adoption
25369,Adoption
25370,Euthanasia
25371,Died
25372,Euthanasia
25373,Transfer
25374,Adoption
25375,Adoption
25376,Adoption
25377,Euthanasia
25378,Died
25379,Adoption
25380,Adoption
25381,Transfer
25382,Adoption
25383,Adoption
25384,Adoption
25385,Adoption
25386,Transfer
25387,Adoption
25388,Died
25389,Adoption
25390,Adoption
25391,Died
25392,Died
25393,Died
25394,Adoption
25395,Adoption
25396,Adoption
25397,Transfer
25398,Adoption
25399,Died
25400,Transfer
25401,Return to Owner
25402,Died
25403,Adoption
25404,Adoption
25405,Adoption
25406,Adoption
25407,Adoption
25408,Died
25409,Died
25410,Transfer
25411,Died
25412,Return to Owner
25413,Adoption
25414,Transfer
25415,Adoption
25416,Transfer
25417,Adoption
25418,Transfer
25419,Adoption
25420,Died
25421,Adoption
25422,Adoption
25423,Transfer
25424,Died
25425,Died
25426,Transfer
25427,Adoption
25428,Adoption
25429,Adoption
25430,Adoption
25431,Adoption
25432,Transfer
25433,Died
25434,Transfer
25435,Transfer
25436,Adoption
25437,Euthanasia
25438,Adoption
25439,Adoption
25440,Adoption
25441,Died
25442,Transfer
25443,Adoption
25444,Transfer
25445,Adoption
25446,Transfer
25447,Adoption
25448,Adoption
25449,Adoption
25450,Died
25451,Transfer
25452,Adoption
25453,Euthanasia
25454,Transfer
25455,Died
25456,Adoption
25457,Adoption
25458,Adoption
25459,Adoption
25460,Adoption
25461,Transfer
25462,Died
25463,Transfer
25464,Died
25465,Euthanasia
25466,Euthanasia
25467,Adoption
25468,Transfer
25469,Adoption
25470,Euthanasia
25471,Died
25472,Adoption
25473,Adoption
25474,Died
25475,Euthanasia
25476,Transfer
25477,Died
25478,Transfer
25479,Died
25480,Adoption
25481,Adoption
25482,Euthanasia
25483,Transfer
25484,Adoption
25485,Adoption
25486,Transfer
25487,Transfer
25488,Transfer
25489,Euthanasia
25490,Adoption
25491,Adoption
25492,Transfer
25493,Euthanasia
25494,Adoption
25495,Transfer
25496,Transfer
25497,Adoption
25498,Transfer
25499,Adoption
25500,Died
25501,Adoption
25502,Return to Owner
25503,Transfer
25504,Died
25505,Adoption
25506,Euthanasia
25507,Died
25508,Adoption
25509,Died
25510,Adoption
25511,Adoption
25512,Adoption
25513,Adoption
25514,Transfer
25515,Transfer
25516,Died
25517,Adoption
25518,Adoption
25519,Return to Owner
25520,Died
25521,Transfer
25522,Adoption
25523,Adoption
25524,Adoption
25525,Died
25526,Transfer
25527,Died
25528,Died
25529,Adoption
25530,Adoption
25531,Died
25532,Transfer
25533,Transfer
25534,Died
25535,Died
25536,Transfer
25537,Adoption
25538,Transfer
25539,Died
25540,Transfer
25541,Adoption
25542,Adoption
25543,Transfer
25544,Adoption
25545,Died
25546,Adoption
25547,Euthanasia
25548,Died
25549,Adoption
25550,Adoption
25551,Euthanasia
25552,Transfer
25553,Died
25554,Died
25555,Died
25556,Adoption
25557,Transfer
25558,Transfer
25559,Adoption
25560,Return to Owner
25561,Died
25562,Euthanasia
25563,Transfer
25564,Adoption
25565,Transfer
25566,Died
25567,Transfer
25568,Died
25569,Adoption
25570,Adoption
25571,Transfer
25572,Died
25573,Adoption
25574,Adoption
25575,Transfer
25576,Euthanasia
25577,Adoption
25578,Adoption
25579,Transfer
25580,Transfer
25581,Adoption
25582,Transfer
25583,Died
25584,Transfer
25585,Return to Owner
25586,Transfer
25587,Adoption
25588,Adoption
25589,Return to Owner
25590,Died
25591,Euthanasia
25592,Adoption
25593,Transfer
25594,Adoption
25595,Adoption
25596,Adoption
25597,Died
25598,Died
25599,Transfer
25600,Euthanasia
25601,Adoption
25602,Adoption
25603,Transfer
25604,Adoption
25605,Died
25606,Adoption
25607,Adoption
25608,Transfer
25609,Adoption
25610,Adoption
25611,Adoption
25612,Adoption
25613,Return to Owner
25614,Euthanasia
25615,Adoption
25616,Died
25617,Transfer
25618,Adoption
25619,Adoption
25620,Transfer
25621,Died
25622,Adoption
25623,Adoption
25624,Died
25625,Adoption
25626,Adoption
25627,Transfer
25628,Died
25629,Transfer
25630,Transfer
25631,Adoption
25632,Adoption
25633,Transfer
25634,Transfer
25635,Died
25636,Died
25637,Transfer
25638,Adoption
25639,Adoption
25640,Adoption
25641,Adoption
25642,Euthanasia
25643,Adoption
25644,Transfer
25645,Transfer
25646,Return to Owner
25647,Adoption
25648,Died
25649,Adoption
25650,Adoption
25651,Adoption
25652,Adoption
25653,Transfer
25654,Transfer
25655,Transfer
25656,Transfer
25657,Adoption
25658,Transfer
25659,Died
25660,Died
25661,Transfer
25662,Transfer
25663,Adoption
25664,Died
25665,Adoption
25666,Adoption
25667,Transfer
25668,Adoption
25669,Return to Owner
25670,Adoption
25671,Died
25672,Adoption
25673,Adoption
25674,Adoption
25675,Adoption
25676,Died
25677,Adoption
25678,Transfer
25679,Transfer
25680,Died
25681,Euthanasia
25682,Transfer
25683,Transfer
25684,Transfer
25685,Died
25686,Euthanasia
25687,Died
25688,Transfer
25689,Return to Owner
25690,Adoption
25691,Euthanasia
25692,Transfer
25693,Transfer
25694,Adoption
25695,Adoption
25696,Adoption
25697,Transfer
25698,Transfer
25699,Adoption
25700,Died
25701,Adoption
25702,Died
25703,Euthanasia
25704,Euthanasia
25705,Died
25706,Transfer
25707,Died
25708,Adoption
25709,Transfer
25710,Adoption
25711,Died
25712,Died
25713,Adoption
25714,Transfer
25715,Transfer
25716,Adoption
25717,Transfer
25718,Adoption
25719,Transfer
25720,Died
25721,Died
25722,Euthanasia
25723,Transfer
25724,Died
25725,Transfer
25726,Adoption
25727,Transfer
25728,Transfer
25729,Transfer
25730,Adoption
25731,Died
25732,Transfer
25733,Transfer
25734,Transfer
25735,Died
25736,Died
25737,Adoption
25738,Adoption
25739,Adoption
25740,Transfer
25741,Died
25742,Transfer
25743,Adoption
25744,Adoption
25745,Transfer
25746,Transfer
25747,Died
25748,Died
25749,Transfer
25750,Adoption
25751,Died
25752,Died
25753,Transfer
25754,Transfer
25755,Adoption
25756,Adoption
25757,Transfer
25758,Euthanasia
25759,Transfer
25760,Died
25761,Adoption
25762,Return to Owner
25763,Adoption
25764,Adoption
25765,Adoption
25766,Adoption
25767,Return to Owner
25768,Transfer
25769,Died
25770,Adoption
25771,Transfer
25772,Transfer
25773,Died
25774,Return to Owner
25775,Transfer
25776,Transfer
25777,Transfer
25778,Transfer
25779,Adoption
25780,Transfer
25781,Adoption
25782,Transfer
25783,Adoption
25784,Died
25785,Died
25786,Died
25787,Adoption
25788,Euthanasia
25789,Adoption
25790,Adoption
25791,Died
25792,Adoption
25793,Died
25794,Transfer
25795,Died
25796,Died
25797,Transfer
25798,Adoption
25799,Died
25800,Transfer
25801,Adoption
25802,Adoption
25803,Adoption
25804,Euthanasia
25805,Euthanasia
25806,Died
25807,Adoption
25808,Transfer
25809,Euthanasia
25810,Adoption
25811,Died
25812,Adoption
25813,Adoption
25814,Transfer
25815,Adoption
25816,Died
25817,Transfer
25818,Adoption
25819,Transfer
25820,Euthanasia
25821,Adoption
25822,Died
25823,Transfer
25824,Transfer
25825,Died
25826,Transfer
25827,Transfer
25828,Transfer
25829,Died
25830,Transfer
25831,Adoption
25832,Euthanasia
25833,Died
25834,Euthanasia
25835,Adoption
25836,Adoption
25837,Adoption
25838,Died
25839,Adoption
25840,Adoption
25841,Adoption
25842,Died
25843,Adoption
25844,Adoption
25845,Transfer
25846,Transfer
25847,Transfer
25848,Transfer
25849,Died
25850,Transfer
25851,Adoption
25852,Euthanasia
25853,Adoption
25854,Adoption
25855,Adoption
25856,Adoption
25857,Transfer
25858,Adoption
25859,Transfer
25860,Adoption
25861,Transfer
25862,Transfer
25863,Transfer
25864,Adoption
25865,Return to Owner
25866,Euthanasia
25867,Transfer
25868,Died
25869,Died
25870,Euthanasia
25871,Transfer
25872,Return to Owner
25873,Died
25874,Died
25875,Transfer
25876,Adoption
25877,Transfer
25878,Adoption
25879,Died
25880,Adoption
25881,Died
25882,Transfer
25883,Adoption
25884,Transfer
25885,Transfer
25886,Transfer
25887,Euthanasia
25888,Adoption
25889,Transfer
25890,Adoption
25891,Died
25892,Adoption
25893,Adoption
25894,Transfer
25895,Transfer
25896,Adoption
25897,Euthanasia
25898,Adoption
25899,Adoption
25900,Adoption
25901,Adoption
25902,Adoption
25903,Adoption
25904,Transfer
25905,Adoption
25906,Transfer
25907,Adoption
25908,Transfer
25909,Died
25910,Transfer
25911,Died
25912,Euthanasia
25913,Transfer
25914,Adoption
25915,Adoption
25916,Adoption
25917,Adoption
25918,Adoption
25919,Transfer
25920,Transfer
25921,Transfer
25922,Euthanasia
25923,Return to Owner
25924,Transfer
25925,Return to Owner
25926,Died
25927,Adoption
25928,Adoption
25929,Transfer
25930,Transfer
25931,Adoption
25932,Transfer
25933,Adoption
25934,Return to Owner
25935,Return to Owner
25936,Adoption
25937,Adoption
25938,Died
25939,Adoption
25940,Transfer
25941,Adoption
25942,Adoption
25943,Adoption
25944,Adoption
25945,Adoption
25946,Died
25947,Transfer
25948,Adoption
25949,Adoption
25950,Adoption
25951,Died
25952,Transfer
25953,Transfer
25954,Died
25955,Transfer
25956,Adoption
25957,Transfer
25958,Transfer
25959,Transfer
25960,Adoption
25961,Return to Owner
25962,Adoption
25963,Adoption
25964,Died
25965,Adoption
25966,Died
25967,Adoption
25968,Adoption
25969,Adoption
25970,Died
25971,Adoption
25972,Died
25973,Adoption
25974,Euthanasia
25975,Adoption
25976,Return to Owner
25977,Transfer
25978,Adoption
25979,Transfer
25980,Transfer
25981,Adoption
25982,Adoption
25983,Transfer
25984,Transfer
25985,Adoption
25986,Died
25987,Adoption
25988,Transfer
25989,Adoption
25990,Died
25991,Adoption
25992,Adoption
25993,Adoption
25994,Transfer
25995,Transfer
25996,Transfer
25997,Transfer
25998,Adoption
25999,Adoption
26000,Adoption
26001,Adoption
26002,Transfer
26003,Adoption
26004,Adoption
26005,Transfer
26006,Euthanasia
26007,Adoption
26008,Transfer
26009,Transfer
26010,Transfer
26011,Transfer
26012,Adoption
26013,Died
26014,Transfer
26015,Adoption
26016,Euthanasia
26017,Transfer
26018,Transfer
26019,Adoption
26020,Adoption
26021,Adoption
26022,Euthanasia
26023,Adoption
26024,Adoption
26025,Return to Owner
26026,Transfer
26027,Adoption
26028,Adoption
26029,Adoption
26030,Transfer
26031,Died
26032,Transfer
26033,Adoption
26034,Transfer
26035,Died
26036,Adoption
26037,Adoption
26038,Died
26039,Adoption
26040,Adoption
26041,Adoption
26042,Transfer
26043,Adoption
26044,Transfer
26045,Adoption
26046,Transfer
26047,Return to Owner
26048,Died
26049,Transfer
26050,Died
26051,Died
26052,Transfer
26053,Adoption
26054,Transfer
26055,Adoption
26056,Died
26057,Died
26058,Transfer
26059,Transfer
26060,Adoption
26061,Adoption
26062,Died
26063,Adoption
26064,Transfer
26065,Transfer
26066,Euthanasia
26067,Adoption
26068,Adoption
26069,Return to Owner
26070,Adoption
26071,Transfer
26072,Transfer
26073,Adoption
26074,Transfer
26075,Euthanasia
26076,Died
26077,Adoption
26078,Adoption
26079,Transfer
26080,Died
26081,Adoption
26082,Adoption
26083,Died
26084,Died
26085,Died
26086,Adoption
26087,Died
26088,Adoption
26089,Transfer
26090,Adoption
26091,Transfer
26092,Died
26093,Adoption
26094,Euthanasia
26095,Adoption
26096,Adoption
26097,Adoption
26098,Adoption
26099,Adoption
26100,Transfer
26101,Adoption
26102,Euthanasia
26103,Died
26104,Transfer
26105,Return to Owner
26106,Adoption
26107,Transfer
26108,Adoption
26109,Adoption
26110,Adoption
26111,Died
26112,Adoption
26113,Adoption
26114,Transfer
26115,Adoption
26116,Adoption
26117,Adoption
26118,Adoption
26119,Died
26120,Adoption
26121,Adoption
26122,Adoption
26123,Return to Owner
26124,Adoption
26125,Adoption
26126,Adoption
26127,Died
26128,Adoption
26129,Died
26130,Died
26131,Adoption
26132,Transfer
26133,Adoption
26134,Adoption
26135,Adoption
26136,Adoption
26137,Transfer
26138,Adoption
26139,Adoption
26140,Adoption
26141,Adoption
26142,Transfer
26143,Transfer
26144,Died
26145,Adoption
26146,Adoption
26147,Died
26148,Died
26149,Adoption
26150,Transfer
26151,Adoption
26152,Transfer
26153,Transfer
26154,Transfer
26155,Adoption
26156,Adoption
26157,Transfer
26158,Transfer
26159,Adoption
26160,Euthanasia
26161,Died
26162,Adoption
26163,Died
26164,Died
26165,Died
26166,Adoption
26167,Adoption
26168,Died
26169,Died
26170,Adoption
26171,Return to Owner
26172,Adoption
26173,Died
26174,Adoption
26175,Transfer
26176,Transfer
26177,Adoption
26178,Adoption
26179,Transfer
26180,Adoption
26181,Transfer
26182,Transfer
26183,Died
26184,Adoption
26185,Died
26186,Transfer
26187,Transfer
26188,Transfer
26189,Euthanasia
26190,Adoption
26191,Adoption
26192,Adoption
26193,Return to Owner
26194,Transfer
26195,Transfer
26196,Adoption
26197,Transfer
26198,Euthanasia
26199,Transfer
26200,Euthanasia
26201,Died
26202,Adoption
26203,Euthanasia
26204,Died
26205,Adoption
26206,Died
26207,Adoption
26208,Adoption
26209,Adoption
26210,Return to Owner
26211,Transfer
26212,Adoption
26213,Adoption
26214,Transfer
26215,Adoption
26216,Euthanasia
26217,Transfer
26218,Adoption
26219,Adoption
26220,Transfer
26221,Died
26222,Adoption
26223,Died
26224,Died
26225,Transfer
26226,Transfer
26227,Transfer
26228,Transfer
26229,Adoption
26230,Euthanasia
26231,Adoption
26232,Adoption
26233,Died
26234,Adoption
26235,Died
26236,Transfer
26237,Adoption
26238,Adoption
26239,Adoption
26240,Return to Owner
26241,Adoption
26242,Adoption
26243,Adoption
26244,Adoption
26245,Transfer
26246,Return to Owner
26247,Transfer
26248,Adoption
26249,Adoption
26250,Adoption
26251,Adoption
26252,Died
26253,Died
26254,Died
26255,Adoption
26256,Adoption
26257,Died
26258,Adoption
26259,Adoption
26260,Adoption
26261,Died
26262,Died
26263,Adoption
26264,Adoption
26265,Transfer
26266,Transfer
26267,Adoption
26268,Adoption
26269,Transfer
26270,Transfer
26271,Adoption
26272,Adoption
26273,Died
26274,Transfer
26275,Adoption
26276,Adoption
26277,Adoption
26278,Transfer
26279,Adoption
26280,Transfer
26281,Died
26282,Euthanasia
26283,Euthanasia
26284,Transfer
26285,Died
26286,Transfer
26287,Transfer
26288,Transfer
26289,Adoption
26290,Transfer
26291,Transfer
26292,Adoption
26293,Adoption
26294,Died
26295,Adoption
26296,Died
26297,Adoption
26298,Adoption
26299,Transfer
26300,Transfer
26301,Transfer
26302,Adoption
26303,Transfer
26304,Euthanasia
26305,Died
26306,Adoption
26307,Adoption
26308,Transfer
26309,Adoption
26310,Died
26311,Adoption
26312,Adoption
26313,Adoption
26314,Transfer
26315,Adoption
26316,Transfer
26317,Transfer
26318,Died
26319,Adoption
26320,Adoption
26321,Transfer
26322,Died
26323,Transfer
26324,Died
26325,Transfer
26326,Adoption
26327,Died
26328,Transfer
26329,Adoption
26330,Adoption
26331,Transfer
26332,Adoption
26333,Adoption
26334,Adoption
26335,Return to Owner
26336,Transfer
26337,Return to Owner
26338,Euthanasia
26339,Return to Owner
26340,Transfer
26341,Adoption
26342,Transfer
26343,Return to Owner
26344,Transfer
26345,Transfer
26346,Died
26347,Transfer
26348,Transfer
26349,Return to Owner
26350,Died
26351,Transfer
26352,Died
26353,Adoption
26354,Adoption
26355,Transfer
26356,Transfer
26357,Adoption
26358,Adoption
26359,Transfer
26360,Adoption
26361,Return to Owner
26362,Adoption
26363,Transfer
26364,Adoption
26365,Return to Owner
26366,Transfer
26367,Adoption
26368,Adoption
26369,Adoption
26370,Died
26371,Adoption
26372,Euthanasia
26373,Died
26374,Return to Owner
26375,Euthanasia
26376,Adoption
26377,Died
26378,Transfer
26379,Adoption
26380,Died
26381,Adoption
26382,Adoption
26383,Adoption
26384,Died
26385,Return to Owner
26386,Adoption
26387,Died
26388,Transfer
26389,Transfer
26390,Transfer
26391,Transfer
26392,Transfer
26393,Adoption
26394,Transfer
26395,Transfer
26396,Adoption
26397,Adoption
26398,Died
26399,Transfer
26400,Died
26401,Adoption
26402,Transfer
26403,Euthanasia
26404,Transfer
26405,Transfer
26406,Transfer
26407,Died
26408,Transfer
26409,Adoption
26410,Transfer
26411,Transfer
26412,Transfer
26413,Transfer
26414,Adoption
26415,Transfer
26416,Adoption
26417,Died
26418,Transfer
26419,Died
26420,Transfer
26421,Euthanasia
26422,Adoption
26423,Euthanasia
26424,Adoption
26425,Transfer
26426,Transfer
26427,Died
26428,Euthanasia
26429,Adoption
26430,Transfer
26431,Adoption
26432,Transfer
26433,Adoption
26434,Transfer
26435,Adoption
26436,Transfer
26437,Adoption
26438,Adoption
26439,Died
26440,Transfer
26441,Died
26442,Transfer
26443,Adoption
26444,Adoption
26445,Transfer
26446,Transfer
26447,Adoption
26448,Died
26449,Transfer
26450,Transfer
26451,Adoption
26452,Died
26453,Adoption
26454,Adoption
26455,Died
26456,Transfer
26457,Return to Owner
26458,Transfer
26459,Died
26460,Adoption
26461,Transfer
26462,Transfer
26463,Adoption
26464,Died
26465,Adoption
26466,Adoption
26467,Adoption
26468,Died
26469,Adoption
26470,Adoption
26471,Transfer
26472,Return to Owner
26473,Adoption
26474,Adoption
26475,Transfer
26476,Died
26477,Died
26478,Transfer
26479,Adoption
26480,Euthanasia
26481,Adoption
26482,Died
26483,Adoption
26484,Return to Owner
26485,Transfer
26486,Transfer
26487,Transfer
26488,Adoption
26489,Transfer
26490,Return to Owner
26491,Return to Owner
26492,Transfer
26493,Transfer
26494,Died
26495,Died
26496,Transfer
26497,Return to Owner
26498,Return to Owner
26499,Adoption
26500,Transfer
26501,Adoption
26502,Died
26503,Transfer
26504,Adoption
26505,Adoption
26506,Adoption
26507,Died
26508,Adoption
26509,Died
26510,Euthanasia
26511,Adoption
26512,Transfer
26513,Return to Owner
26514,Adoption
26515,Adoption
26516,Transfer
26517,Adoption
26518,Transfer
26519,Died
26520,Adoption
26521,Died
26522,Adoption
26523,Adoption
26524,Transfer
26525,Died
26526,Transfer
26527,Transfer
26528,Adoption
26529,Transfer
26530,Adoption
26531,Died
26532,Died
26533,Euthanasia
26534,Adoption
26535,Died
26536,Adoption
26537,Adoption
26538,Adoption
26539,Euthanasia
26540,Transfer
26541,Transfer
26542,Adoption
26543,Adoption
26544,Transfer
26545,Adoption
26546,Died
26547,Transfer
26548,Adoption
26549,Adoption
26550,Transfer
26551,Died
26552,Adoption
26553,Transfer
26554,Died
26555,Euthanasia
26556,Return to Owner
26557,Return to Owner
26558,Adoption
26559,Died
26560,Died
26561,Transfer
26562,Transfer
26563,Adoption
26564,Return to Owner
26565,Transfer
26566,Adoption
26567,Transfer
26568,Adoption
26569,Adoption
26570,Adoption
26571,Euthanasia
26572,Transfer
26573,Died
26574,Adoption
26575,Died
26576,Transfer
26577,Transfer
26578,Transfer
26579,Adoption
26580,Transfer
26581,Transfer
26582,Adoption
26583,Adoption
26584,Died
26585,Transfer
26586,Euthanasia
26587,Adoption
26588,Adoption
26589,Euthanasia
26590,Adoption
26591,Adoption
26592,Died
26593,Transfer
26594,Transfer
26595,Transfer
26596,Adoption
26597,Return to Owner
26598,Euthanasia
26599,Return to Owner
26600,Adoption
26601,Died
26602,Return to Owner
26603,Adoption
26604,Transfer
26605,Adoption
26606,Adoption
26607,Adoption
26608,Adoption
26609,Adoption
26610,Adoption
26611,Died
26612,Transfer
26613,Adoption
26614,Transfer
26615,Adoption
26616,Adoption
26617,Adoption
26618,Transfer
26619,Transfer
26620,Return to Owner
26621,Adoption
26622,Died
26623,Adoption
26624,Transfer
26625,Died
26626,Adoption
26627,Died
26628,Died
26629,Transfer
26630,Transfer
26631,Died
26632,Adoption
26633,Adoption
26634,Transfer
26635,Transfer
26636,Transfer
26637,Died
26638,Transfer
26639,Euthanasia
26640,Adoption
26641,Died
26642,Euthanasia
26643,Euthanasia
26644,Adoption
26645,Died
26646,Died
26647,Adoption
26648,Adoption
26649,Adoption
26650,Adoption
26651,Adoption
26652,Transfer
26653,Adoption
26654,Adoption
26655,Transfer
26656,Transfer
26657,Adoption
26658,Euthanasia
26659,Died
26660,Adoption
26661,Transfer
26662,Adoption
26663,Transfer
26664,Return to Owner
26665,Died
26666,Adoption
26667,Adoption
26668,Transfer
26669,Adoption
26670,Transfer
26671,Died
26672,Adoption
26673,Died
26674,Died
26675,Transfer
26676,Euthanasia
26677,Adoption
26678,Transfer
26679,Adoption
26680,Transfer
26681,Adoption
26682,Transfer
26683,Adoption
26684,Adoption
26685,Adoption
26686,Adoption
26687,Transfer
26688,Adoption
26689,Adoption
26690,Transfer
26691,Transfer
26692,Adoption
26693,Adoption
26694,Transfer
26695,Died
26696,Transfer
26697,Adoption
26698,Transfer
26699,Adoption
26700,Adoption
26701,Transfer
26702,Adoption
26703,Adoption
26704,Transfer
26705,Died
26706,Adoption
26707,Adoption
26708,Adoption
26709,Adoption
26710,Died
26711,Died
26712,Died
26713,Died
26714,Adoption
26715,Died
26716,Return to Owner
26717,Transfer
26718,Euthanasia
26719,Died
26720,Died
26721,Return to Owner
26722,Transfer
26723,Died
26724,Died
26725,Transfer
26726,Transfer
26727,Died
26728,Died
26729,Transfer
26730,Adoption
26731,Died
26732,Transfer
26733,Died
26734,Transfer
26735,Transfer
26736,Adoption
26737,Adoption
26738,Transfer
26739,Died
26740,Adoption
26741,Adoption
26742,Adoption
26743,Adoption
26744,Transfer
26745,Died
26746,Adoption
26747,Return to Owner
26748,Died
26749,Transfer
26750,Died
26751,Transfer
26752,Transfer
26753,Adoption
26754,Adoption
26755,Adoption
26756,Transfer
26757,Transfer
26758,Adoption
26759,Adoption
26760,Adoption
26761,Adoption
26762,Transfer
26763,Adoption
26764,Died
26765,Transfer
26766,Transfer
26767,Adoption
26768,Transfer
26769,Transfer
26770,Adoption
26771,Adoption
26772,Adoption
26773,Died
26774,Died
26775,Transfer
26776,Euthanasia
26777,Return to Owner
26778,Died
26779,Died
26780,Adoption
26781,Died
26782,Transfer
26783,Adoption
26784,Adoption
26785,Adoption
26786,Transfer
26787,Adoption
26788,Adoption
26789,Adoption
26790,Euthanasia
26791,Transfer
26792,Transfer
26793,Died
26794,Transfer
26795,Transfer
26796,Transfer
26797,Transfer
26798,Died
26799,Transfer
26800,Adoption
26801,Died
26802,Adoption
26803,Adoption
26804,Adoption
26805,Died
26806,Transfer
26807,Died
26808,Adoption
26809,Adoption
26810,Adoption
26811,Adoption
26812,Adoption
26813,Adoption
26814,Adoption
26815,Died
26816,Adoption
26817,Adoption
26818,Adoption
26819,Died
26820,Adoption
26821,Died
26822,Adoption
26823,Died
26824,Euthanasia
26825,Adoption
26826,Adoption
26827,Transfer
26828,Adoption
26829,Euthanasia
26830,Died
26831,Return to Owner
26832,Adoption
26833,Adoption
26834,Transfer
26835,Euthanasia
26836,Died
26837,Transfer
26838,Euthanasia
26839,Transfer
26840,Euthanasia
26841,Adoption
26842,Adoption
26843,Transfer
26844,Adoption
26845,Adoption
26846,Died
26847,Died
26848,Adoption
26849,Transfer
26850,Adoption
26851,Adoption
26852,Adoption
26853,Transfer
26854,Adoption
26855,Euthanasia
26856,Adoption
26857,Died
26858,Transfer
26859,Return to Owner
26860,Adoption
26861,Transfer
26862,Transfer
26863,Died
26864,Transfer
26865,Died
26866,Transfer
26867,Adoption
26868,Transfer
26869,Transfer
26870,Died
26871,Transfer
26872,Died
26873,Died
26874,Adoption
26875,Transfer
26876,Adoption
26877,Transfer
26878,Transfer
26879,Adoption
26880,Adoption
26881,Transfer
26882,Died
26883,Adoption
26884,Transfer
26885,Adoption
26886,Adoption
26887,Died
26888,Adoption
26889,Died
26890,Transfer
26891,Transfer
26892,Died
26893,Transfer
26894,Adoption
26895,Died
26896,Adoption
26897,Adoption
26898,Transfer
26899,Adoption
26900,Died
26901,Died
26902,Transfer
26903,Transfer
26904,Transfer
26905,Transfer
26906,Adoption
26907,Adoption
26908,Died
26909,Euthanasia
26910,Transfer
26911,Adoption
26912,Transfer
26913,Transfer
26914,Adoption
26915,Adoption
26916,Adoption
26917,Transfer
26918,Died
26919,Adoption
26920,Transfer
26921,Adoption
26922,Transfer
26923,Adoption
26924,Adoption
26925,Adoption
26926,Died
26927,Adoption
26928,Adoption
26929,Transfer
26930,Died
26931,Adoption
26932,Adoption
26933,Transfer
26934,Transfer
26935,Died
26936,Transfer
26937,Adoption
26938,Transfer
26939,Adoption
26940,Died
26941,Died
26942,Transfer
26943,Adoption
26944,Transfer
26945,Died
26946,Transfer
26947,Euthanasia
26948,Transfer
26949,Transfer
26950,Died
26951,Adoption
26952,Euthanasia
26953,Return to Owner
26954,Transfer
26955,Transfer
26956,Transfer
26957,Transfer
26958,Adoption
26959,Transfer
26960,Adoption
26961,Transfer
26962,Died
26963,Transfer
26964,Adoption
26965,Adoption
26966,Adoption
26967,Transfer
26968,Transfer
26969,Adoption
26970,Transfer
26971,Adoption
26972,Adoption
26973,Euthanasia
26974,Adoption
26975,Transfer
26976,Transfer
26977,Adoption
26978,Transfer
26979,Transfer
26980,Transfer
26981,Transfer
26982,Adoption
26983,Adoption
26984,Adoption
26985,Adoption
26986,Died
26987,Died
26988,Died
26989,Adoption
26990,Died
26991,Adoption
26992,Adoption
26993,Died
26994,Adoption
26995,Transfer
26996,Transfer
26997,Adoption
26998,Transfer
26999,Transfer
27000,Adoption
27001,Adoption
27002,Transfer
27003,Transfer
27004,Transfer
27005,Adoption
27006,Transfer
27007,Adoption
27008,Adoption
27009,Adoption
27010,Transfer
27011,Died
27012,Transfer
27013,Return to Owner
27014,Adoption
27015,Adoption
27016,Adoption
27017,Transfer
27018,Adoption
27019,Adoption
27020,Died
27021,Adoption
27022,Transfer
27023,Euthanasia
27024,Transfer
27025,Transfer
27026,Euthanasia
27027,Adoption
27028,Died
27029,Adoption
27030,Adoption
27031,Adoption
27032,Adoption
27033,Adoption
27034,Transfer
27035,Transfer
27036,Transfer
27037,Return to Owner
27038,Adoption
27039,Transfer
27040,Transfer
27041,Transfer
27042,Died
27043,Transfer
27044,Died
27045,Died
27046,Died
27047,Transfer
27048,Died
27049,Died
27050,Transfer
27051,Transfer
27052,Adoption
27053,Adoption
27054,Adoption
27055,Transfer
27056,Adoption
27057,Adoption
27058,Died
27059,Adoption
27060,Transfer
27061,Transfer
27062,Adoption
27063,Adoption
27064,Transfer
27065,Adoption
27066,Died
27067,Return to Owner
27068,Adoption
27069,Died
27070,Transfer
27071,Transfer
27072,Transfer
27073,Transfer
27074,Transfer
27075,Adoption
27076,Transfer
27077,Euthanasia
27078,Died
27079,Adoption
27080,Transfer
27081,Died
27082,Transfer
27083,Transfer
27084,Adoption
27085,Died
27086,Died
27087,Transfer
27088,Transfer
27089,Adoption
27090,Return to Owner
27091,Transfer
27092,Transfer
27093,Transfer
27094,Adoption
27095,Return to Owner
27096,Transfer
27097,Euthanasia
27098,Died
27099,Transfer
27100,Adoption
27101,Adoption
27102,Adoption
27103,Adoption
27104,Adoption
27105,Transfer
27106,Adoption
27107,Transfer
27108,Transfer
27109,Adoption
27110,Adoption
27111,Died
27112,Adoption
27113,Transfer
27114,Died
27115,Adoption
27116,Adoption
27117,Euthanasia
27118,Adoption
27119,Euthanasia
27120,Adoption
27121,Adoption
27122,Died
27123,Transfer
27124,Transfer
27125,Euthanasia
27126,Transfer
27127,Transfer
27128,Adoption
27129,Return to Owner
27130,Adoption
27131,Transfer
27132,Adoption
27133,Return to Owner
27134,Died
27135,Died
27136,Transfer
27137,Adoption
27138,Transfer
27139,Return to Owner
27140,Transfer
27141,Died
27142,Return to Owner
27143,Died
27144,Adoption
27145,Died
27146,Transfer
27147,Euthanasia
27148,Transfer
27149,Transfer
27150,Adoption
27151,Return to Owner
27152,Died
27153,Adoption
27154,Adoption
27155,Transfer
27156,Transfer
27157,Adoption
27158,Transfer
27159,Transfer
27160,Transfer
27161,Died
27162,Adoption
27163,Transfer
27164,Adoption
27165,Died
27166,Died
27167,Transfer
27168,Adoption
27169,Euthanasia
27170,Transfer
27171,Died
27172,Transfer
27173,Adoption
27174,Adoption
27175,Adoption
27176,Adoption
27177,Adoption
27178,Died
27179,Transfer
27180,Adoption
27181,Adoption
27182,Adoption
27183,Adoption
27184,Transfer
27185,Died
27186,Died
27187,Adoption
27188,Died
27189,Adoption
27190,Adoption
27191,Adoption
27192,Adoption
27193,Adoption
27194,Adoption
27195,Adoption
27196,Adoption
27197,Euthanasia
27198,Transfer
27199,Transfer
27200,Adoption
27201,Return to Owner
27202,Transfer
27203,Died
27204,Transfer
27205,Transfer
27206,Adoption
27207,Died
27208,Return to Owner
27209,Adoption
27210,Euthanasia
27211,Adoption
27212,Transfer
27213,Died
27214,Adoption
27215,Euthanasia
27216,Transfer
27217,Died
27218,Died
27219,Adoption
27220,Adoption
27221,Transfer
27222,Return to Owner
27223,Died
27224,Adoption
27225,Transfer
27226,Adoption
27227,Died
27228,Adoption
27229,Return to Owner
27230,Died
27231,Adoption
27232,Died
27233,Transfer
27234,Adoption
27235,Adoption
27236,Transfer
27237,Died
27238,Died
27239,Adoption
27240,Transfer
27241,Adoption
27242,Adoption
27243,Died
27244,Transfer
27245,Died
27246,Transfer
27247,Return to Owner
27248,Adoption
27249,Adoption
27250,Died
27251,Transfer
27252,Transfer
27253,Adoption
27254,Adoption
27255,Transfer
27256,Transfer
27257,Transfer
27258,Adoption
27259,Transfer
27260,Transfer
27261,Adoption
27262,Transfer
27263,Transfer
27264,Adoption
27265,Transfer
27266,Transfer
27267,Adoption
27268,Transfer
27269,Adoption
27270,Return to Owner
27271,Adoption
27272,Adoption
27273,Transfer
27274,Adoption
27275,Adoption
27276,Adoption
27277,Died
27278,Transfer
27279,Adoption
27280,Died
27281,Adoption
27282,Died
27283,Adoption
27284,Adoption
27285,Adoption
27286,Died
27287,Adoption
27288,Return to Owner
27289,Transfer
27290,Adoption
27291,Adoption
27292,Adoption
27293,Died
27294,Adoption
27295,Adoption
27296,Adoption
27297,Transfer
27298,Transfer
27299,Adoption
27300,Died
27301,Transfer
27302,Transfer
27303,Transfer
27304,Transfer
27305,Adoption
27306,Adoption
27307,Died
27308,Transfer
27309,Adoption
27310,Died
27311,Adoption
27312,Return to Owner
27313,Adoption
27314,Return to Owner
27315,Transfer
27316,Died
27317,Adoption
27318,Died
27319,Died
27320,Transfer
27321,Adoption
27322,Died
27323,Transfer
27324,Died
27325,Transfer
27326,Adoption
27327,Adoption
27328,Transfer
27329,Transfer
27330,Adoption
27331,Transfer
27332,Transfer
27333,Adoption
27334,Adoption
27335,Adoption
27336,Adoption
27337,Transfer
27338,Return to Owner
27339,Adoption
27340,Adoption
27341,Euthanasia
27342,Adoption
27343,Transfer
27344,Transfer
27345,Adoption
27346,Return to Owner
27347,Adoption
27348,Transfer
27349,Adoption
27350,Died
27351,Adoption
27352,Transfer
27353,Transfer
27354,Transfer
27355,Died
27356,Transfer
27357,Adoption
27358,Adoption
27359,Adoption
27360,Died
27361,Transfer
27362,Transfer
27363,Transfer
27364,Transfer
27365,Adoption
27366,Adoption
27367,Transfer
27368,Adoption
27369,Transfer
27370,Adoption
27371,Euthanasia
27372,Transfer
27373,Transfer
27374,Died
27375,Transfer
27376,Adoption
27377,Adoption
27378,Adoption
27379,Adoption
27380,Died
27381,Transfer
27382,Died
27383,Died
27384,Transfer
27385,Euthanasia
27386,Transfer
27387,Transfer
27388,Transfer
27389,Died
27390,Adoption
27391,Adoption
27392,Transfer
27393,Adoption
27394,Died
27395,Died
27396,Adoption
27397,Adoption
27398,Transfer
27399,Transfer
27400,Adoption
27401,Adoption
27402,Euthanasia
27403,Transfer
27404,Transfer
27405,Transfer
27406,Transfer
27407,Euthanasia
27408,Euthanasia
27409,Adoption
27410,Euthanasia
27411,Adoption
27412,Adoption
27413,Adoption
27414,Transfer
27415,Adoption
27416,Died
27417,Adoption
27418,Died
27419,Transfer
27420,Adoption
27421,Return to Owner
27422,Transfer
27423,Died
27424,Adoption
27425,Transfer
27426,Adoption
27427,Adoption
27428,Died
27429,Transfer
27430,Euthanasia
27431,Transfer
27432,Transfer
27433,Transfer
27434,Died
27435,Adoption
27436,Transfer
27437,Transfer
27438,Transfer
27439,Adoption
27440,Died
27441,Adoption
27442,Transfer
27443,Died
27444,Died
27445,Transfer
27446,Transfer
27447,Adoption
27448,Transfer
27449,Adoption
27450,Died
27451,Adoption
27452,Died
27453,Adoption
27454,Adoption
27455,Adoption
27456,Adoption
27457,Transfer
27458,Adoption
27459,Transfer
27460,Died
27461,Adoption
27462,Transfer
27463,Died
27464,Died
27465,Adoption
27466,Died
27467,Transfer
27468,Transfer
27469,Transfer
27470,Transfer
27471,Adoption
27472,Died
27473,Adoption
27474,Transfer
27475,Died
27476,Transfer
27477,Transfer
27478,Died
27479,Adoption
27480,Adoption
27481,Adoption
27482,Died
27483,Adoption
27484,Adoption
27485,Adoption
27486,Transfer
27487,Died
27488,Transfer
27489,Adoption
27490,Died
27491,Transfer
27492,Adoption
27493,Adoption
27494,Adoption
27495,Euthanasia
27496,Adoption
27497,Transfer
27498,Adoption
27499,Died
27500,Died
27501,Adoption
27502,Died
27503,Adoption
27504,Adoption
27505,Transfer
27506,Died
27507,Euthanasia
27508,Adoption
27509,Transfer
27510,Transfer
27511,Return to Owner
27512,Died
27513,Transfer
27514,Return to Owner
27515,Adoption
27516,Return to Owner
27517,Transfer
27518,Adoption
27519,Adoption
27520,Adoption
27521,Transfer
27522,Transfer
27523,Adoption
27524,Adoption
27525,Return to Owner
27526,Adoption
27527,Adoption
27528,Died
27529,Adoption
27530,Euthanasia
27531,Euthanasia
27532,Died
27533,Return to Owner
27534,Died
27535,Adoption
27536,Transfer
27537,Transfer
27538,Adoption
27539,Adoption
27540,Transfer
27541,Adoption
27542,Transfer
27543,Adoption
27544,Transfer
27545,Adoption
27546,Transfer
27547,Transfer
27548,Adoption
27549,Return to Owner
27550,Adoption
27551,Adoption
27552,Adoption
27553,Adoption
27554,Died
27555,Died
27556,Adoption
27557,Transfer
27558,Euthanasia
27559,Transfer
27560,Died
27561,Adoption
27562,Adoption
27563,Died
27564,Adoption
27565,Transfer
27566,Transfer
27567,Transfer
27568,Transfer
27569,Adoption
27570,Transfer
27571,Adoption
27572,Transfer
27573,Adoption
27574,Euthanasia
27575,Transfer
27576,Adoption
27577,Return to Owner
27578,Return to Owner
27579,Return to Owner
27580,Transfer
27581,Died
27582,Died
27583,Adoption
27584,Adoption
27585,Died
27586,Adoption
27587,Return to Owner
27588,Died
27589,Died
27590,Adoption
27591,Adoption
27592,Transfer
27593,Adoption
27594,Adoption
27595,Died
27596,Adoption
27597,Died
27598,Transfer
27599,Adoption
27600,Transfer
27601,Adoption
27602,Adoption
27603,Return to Owner
27604,Died
27605,Adoption
27606,Adoption
27607,Died
27608,Died
27609,Transfer
27610,Transfer
27611,Return to Owner
27612,Transfer
27613,Adoption
27614,Return to Owner
27615,Adoption
27616,Died
27617,Adoption
27618,Transfer
27619,Adoption
27620,Transfer
27621,Adoption
27622,Adoption
27623,Died
27624,Died
27625,Adoption
27626,Return to Owner
27627,Transfer
27628,Died
27629,Transfer
27630,Adoption
27631,Euthanasia
27632,Transfer
27633,Died
27634,Transfer
27635,Adoption
27636,Adoption
27637,Adoption
27638,Transfer
27639,Adoption
27640,Return to Owner
27641,Transfer
27642,Adoption
27643,Transfer
27644,Transfer
27645,Died
27646,Died
27647,Transfer
27648,Adoption
27649,Transfer
27650,Adoption
27651,Transfer
27652,Adoption
27653,Adoption
27654,Adoption
27655,Transfer
27656,Died
27657,Died
27658,Adoption
27659,Adoption
27660,Adoption
27661,Adoption
27662,Euthanasia
27663,Adoption
27664,Transfer
27665,Adoption
27666,Died
27667,Died
27668,Adoption
27669,Adoption
27670,Died
27671,Adoption
27672,Adoption
27673,Adoption
27674,Adoption
27675,Adoption
27676,Adoption
27677,Adoption
27678,Transfer
27679,Transfer
27680,Adoption
27681,Transfer
27682,Died
27683,Transfer
27684,Died
27685,Transfer
27686,Adoption
27687,Died
27688,Return to Owner
27689,Adoption
27690,Transfer
27691,Transfer
27692,Died
27693,Transfer
27694,Adoption
27695,Return to Owner
27696,Transfer
27697,Transfer
27698,Adoption
27699,Adoption
27700,Adoption
27701,Adoption
27702,Adoption
27703,Transfer
27704,Transfer
27705,Adoption
27706,Transfer
27707,Adoption
27708,Adoption
27709,Adoption
27710,Died
27711,Adoption
27712,Euthanasia
27713,Transfer
27714,Transfer
27715,Adoption
27716,Transfer
27717,Transfer
27718,Died
27719,Adoption
27720,Adoption
27721,Transfer
27722,Transfer
27723,Transfer
27724,Adoption
27725,Transfer
27726,Return to Owner
27727,Transfer
27728,Transfer
27729,Adoption
27730,Transfer
27731,Transfer
27732,Adoption
27733,Adoption
27734,Adoption
27735,Adoption
27736,Died
27737,Transfer
27738,Adoption
27739,Transfer
27740,Transfer
27741,Euthanasia
27742,Return to Owner
27743,Transfer
27744,Adoption
27745,Transfer
27746,Adoption
27747,Died
27748,Adoption
27749,Died
27750,Died
27751,Adoption
27752,Transfer
27753,Transfer
27754,Transfer
27755,Transfer
27756,Transfer
27757,Transfer
27758,Died
27759,Died
27760,Return to Owner
27761,Adoption
27762,Adoption
27763,Euthanasia
27764,Adoption
27765,Adoption
27766,Transfer
27767,Adoption
27768,Adoption
27769,Adoption
27770,Adoption
27771,Euthanasia
27772,Died
27773,Adoption
27774,Adoption
27775,Euthanasia
27776,Transfer
27777,Adoption
27778,Died
27779,Died
27780,Died
27781,Transfer
27782,Transfer
27783,Adoption
27784,Return to Owner
27785,Adoption
27786,Transfer
27787,Adoption
27788,Adoption
27789,Transfer
27790,Died
27791,Died
